open_time,open,high,low,close,vol,close_time
1546300800000,3701.23000000,3810.16000000,3642.00000000,3797.14000000,23741.68703300,1546387199999
1546387200000,3796.45000000,3882.14000000,3750.45000000,3858.56000000,35156.46336900,1546473599999
1546473600000,3857.57000000,3862.74000000,3730.00000000,3766.78000000,29406.94835900,1546559999999
1546560000000,3767.20000000,3823.64000000,3703.57000000,3792.01000000,29519.55467100,1546646399999
1546646400000,3790.09000000,3840.99000000,3751.00000000,3770.96000000,30490.66775100,1546732799999
1546732800000,3771.12000000,4027.71000000,3740.00000000,3987.60000000,36553.80670900,1546819199999
1546819200000,3987.62000000,4017.90000000,3921.53000000,3975.45000000,31869.84626400,1546905599999
1546905600000,3976.76000000,4069.80000000,3903.00000000,3955.13000000,38901.42312200,1546991999999
1546992000000,3955.45000000,4006.81000000,3930.04000000,3966.65000000,28989.43951100,1547078399999
1547078400000,3966.06000000,3996.01000000,3540.00000000,3585.88000000,59402.22851000,1547164799999
1547164800000,3585.88000000,3658.00000000,3465.00000000,3601.31000000,38338.65473300,1547251199999
1547251200000,3601.31000000,3618.19000000,3530.00000000,3583.13000000,21999.92835400,1547337599999
1547337600000,3584.10000000,3611.10000000,3441.30000000,3476.81000000,26385.75745400,1547423999999
1547424000000,3477.56000000,3671.87000000,3467.02000000,3626.09000000,35235.21121500,1547510399999
1547510400000,3626.08000000,3648.42000000,3516.62000000,3553.06000000,34137.99745900,1547596799999
1547596800000,3553.06000000,3645.00000000,3543.51000000,3591.84000000,27480.17997700,1547683199999
1547683200000,3591.84000000,3634.70000000,3530.39000000,3616.21000000,29755.44083800,1547769599999
1547769600000,3613.32000000,3620.00000000,3565.75000000,3594.87000000,22713.44675500,1547855999999
1547856000000,3594.87000000,3720.00000000,3594.23000000,3665.30000000,22171.57812300,1547942399999
1547942400000,3665.75000000,3693.73000000,3475.00000000,3539.28000000,27901.93859800,1548028799999
1548028800000,3539.26000000,3559.51000000,3475.50000000,3526.90000000,19644.43683900,1548115199999
1548115200000,3526.88000000,3608.50000000,3434.85000000,3570.93000000,29336.44296700,1548201599999
1548201600000,3570.41000000,3607.98000000,3514.50000000,3552.82000000,24938.84269800,1548287999999
1548288000000,3552.97000000,3589.00000000,3529.22000000,3569.62000000,20826.25118000,1548374399999
1548374400000,3569.07000000,3587.15000000,3522.51000000,3565.29000000,17608.34667100,1548460799999
1548460800000,3566.69000000,3662.94000000,3545.00000000,3565.25000000,19476.53234400,1548547199999
1548547200000,3565.62000000,3579.00000000,3486.00000000,3550.84000000,22735.59816200,1548633599999
1548633600000,3550.05000000,3557.75000000,3380.27000000,3434.15000000,40405.11140100,1548719999999
1548720000000,3434.00000000,3443.45000000,3349.92000000,3411.04000000,29544.92897700,1548806399999
1548806400000,3410.04000000,3478.00000000,3387.10000000,3458.18000000,23968.26024300,1548892799999
1548892800000,3457.50000000,3489.20000000,3418.80000000,3434.10000000,29607.19025300,1548979199999
1548979200000,3434.10000000,3488.00000000,3401.20000000,3462.07000000,25260.47615900,1549065599999
1549065600000,3462.20000000,3526.40000000,3440.29000000,3504.77000000,17920.80200000,1549151999999
1549152000000,3504.06000000,3511.09000000,3426.00000000,3458.11000000,19867.33639000,1549238399999
1549238400000,3458.11000000,3484.88000000,3433.31000000,3463.22000000,23131.98110800,1549324799999
1549324800000,3463.22000000,3478.97000000,3448.43000000,3471.59000000,25264.41503000,1549411199999
1549411200000,3471.57000000,3482.72000000,3380.00000000,3405.37000000,35310.24484600,1549497599999
1549497600000,3407.00000000,3426.45000000,3390.00000000,3398.40000000,18665.53863800,1549583999999
1549584000000,3398.40000000,3733.58000000,3373.10000000,3659.04000000,47968.05801300,1549670399999
1549670400000,3660.27000000,3680.02000000,3625.13000000,3665.18000000,24759.83371900,1549756799999
1549756800000,3665.18000000,3684.99000000,3609.76000000,3680.06000000,23250.60263400,1549843199999
1549843200000,3679.75000000,3684.90000000,3615.53000000,3631.05000000,24954.61457100,1549929599999
1549929600000,3631.05000000,3667.60000000,3582.34000000,3631.46000000,29479.59823000,1550015999999
1550016000000,3631.51000000,3670.00000000,3591.75000000,3609.40000000,25773.99764800,1550102399999
1550102400000,3608.34000000,3626.40000000,3568.11000000,3590.56000000,21753.50126100,1550188799999
1550188800000,3590.57000000,3653.23000000,3573.45000000,3602.47000000,20777.87289900,1550275199999
1550275200000,3602.49000000,3648.20000000,3597.91000000,3618.41000000,19565.99275100,1550361599999
1550361600000,3617.22000000,3700.11000000,3604.40000000,3667.58000000,25690.22777900,1550447999999
1550448000000,3667.62000000,3925.00000000,3655.00000000,3898.60000000,64042.73049200,1550534399999
1550534400000,3897.35000000,3994.52000000,3856.00000000,3907.79000000,50207.17266700,1550620799999
1550620800000,3907.35000000,3986.98000000,3870.66000000,3969.74000000,36205.14085000,1550707199999
1550707200000,3969.74000000,4016.48000000,3901.03000000,3937.31000000,31103.88472800,1550793599999
1550793600000,3937.31000000,3988.00000000,3926.65000000,3962.00000000,23943.16375000,1550879999999
1550880000000,3962.00000000,4162.02000000,3933.15000000,4117.76000000,33657.94288300,1550966399999
1550966400000,4118.00000000,4198.00000000,3712.66000000,3743.56000000,62224.18689000,1551052799999
1551052800000,3743.56000000,3872.66000000,3740.00000000,3827.92000000,38102.96624500,1551139199999
1551139200000,3828.44000000,3841.51000000,3777.00000000,3809.23000000,28838.74803600,1551225599999
1551225600000,3809.31000000,3838.85000000,3677.17000000,3818.07000000,31500.99546600,1551311999999
1551312000000,3818.04000000,3888.00000000,3763.87000000,3813.69000000,32561.96104400,1551398399999
1551398400000,3814.26000000,3857.00000000,3813.01000000,3823.00000000,23174.57217000,1551484799999
1551484800000,3822.17000000,3841.31000000,3772.25000000,3819.93000000,19445.83835500,1551571199999
1551571200000,3819.97000000,3835.00000000,3781.32000000,3807.75000000,16718.16541000,1551657599999
1551657600000,3807.32000000,3830.00000000,3670.69000000,3715.30000000,34742.84166000,1551743999999
1551744000000,3716.10000000,3877.10000000,3703.55000000,3857.73000000,32962.53616200,1551830399999
1551830400000,3857.58000000,3907.00000000,3813.09000000,3861.84000000,24775.11883000,1551916799999
1551916800000,3861.84000000,3905.40000000,3840.40000000,3873.64000000,26455.25766100,1552003199999
1552003200000,3873.63000000,3932.00000000,3800.00000000,3864.89000000,34730.36659200,1552089599999
1552089600000,3864.88000000,3971.75000000,3854.75000000,3943.04000000,30979.74765300,1552175999999
1552176000000,3943.43000000,3943.43000000,3881.69000000,3916.82000000,23187.56141200,1552262399999
1552262400000,3915.99000000,3936.98000000,3830.00000000,3871.61000000,38066.88570500,1552348799999
1552348800000,3871.61000000,3905.20000000,3826.06000000,3882.73000000,26921.00862200,1552435199999
1552435200000,3882.69000000,3893.56000000,3840.00000000,3866.00000000,24461.00875700,1552521599999
1552521600000,3866.00000000,3920.00000000,3810.43000000,3877.12000000,27048.74853000,1552607999999
1552608000000,3877.12000000,3939.22000000,3872.20000000,3923.76000000,21740.06149800,1552694399999
1552694400000,3924.46000000,4056.98000000,3921.98000000,4005.98000000,28568.37612400,1552780799999
1552780800000,4005.98000000,4012.00000000,3950.01000000,3981.14000000,18814.25557700,1552867199999
1552867200000,3981.85000000,4037.00000000,3953.33000000,3987.81000000,22454.47801000,1552953599999
1552953600000,3987.83000000,4031.00000000,3970.00000000,4015.53000000,19893.74181500,1553039999999
1553040000000,4017.48000000,4050.00000000,3980.50000000,4043.04000000,23432.30025500,1553126399999
1553126400000,4043.04000000,4069.32000000,3880.01000000,3980.64000000,35997.68211900,1553212799999
1553212800000,3980.85000000,4008.00000000,3968.25000000,3986.93000000,20022.60631800,1553299199999
1553299200000,3987.89000000,4018.83000000,3978.01000000,4006.01000000,17302.60431800,1553385599999
1553385600000,4006.01000000,4006.02000000,3950.00000000,3992.18000000,17179.85064800,1553471999999
1553472000000,3991.35000000,3999.30000000,3888.71000000,3936.12000000,33192.89021700,1553558399999
1553558400000,3935.47000000,3958.98000000,3894.00000000,3948.55000000,29349.53762700,1553644799999
1553644800000,3948.77000000,4048.00000000,3936.15000000,4038.05000000,32364.55585200,1553731199999
1553731200000,4039.58000000,4039.70000000,4002.00000000,4027.81000000,20089.29387500,1553817599999
1553817600000,4028.22000000,4123.71000000,4024.03000000,4103.25000000,30084.21744400,1553903999999
1553904000000,4104.24000000,4140.00000000,4052.00000000,4106.97000000,19509.29260100,1553990399999
1553990400000,4106.99000000,4116.12000000,4082.57000000,4103.95000000,13525.08743300,1554076799999
1554076800000,4102.44000000,4158.70000000,4067.00000000,4144.56000000,25507.06764100,1554163199999
1554163200000,4144.54000000,4897.99000000,4140.54000000,4857.29000000,105383.63926300,1554249599999
1554249600000,4857.19000000,5275.01000000,4753.50000000,4932.60000000,109890.12574300,1554335999999
1554336000000,4932.59000000,5039.08000000,4777.00000000,4898.66000000,61054.25416800,1554422399999
1554422400000,4898.64000000,5028.22000000,4880.62000000,5004.95000000,39768.55280600,1554508799999
1554508800000,5004.96000000,5205.00000000,4928.59000000,5043.89000000,41770.84231300,1554595199999
1554595200000,5042.07000000,5234.00000000,5026.00000000,5170.27000000,37615.48680400,1554681599999
1554681600000,5170.27000000,5305.00000000,5039.00000000,5236.90000000,50178.43078200,1554767999999
1554768000000,5238.38000000,5238.40000000,5076.68000000,5150.00000000,34067.01231100,1554854399999
1554854400000,5150.00000000,5422.00000000,5135.00000000,5308.25000000,40073.62047100,1554940799999
1554940800000,5307.86000000,5332.67000000,4927.00000000,5017.37000000,54696.60068600,1555027199999
1555027200000,5017.37000000,5080.58000000,4861.22000000,5048.01000000,33276.67861400,1555113599999
1555113600000,5047.00000000,5099.00000000,5004.00000000,5045.22000000,17292.45680200,1555199999999
1555200000000,5047.45000000,5152.99000000,5000.00000000,5131.30000000,18281.60773900,1555286399999
1555286400000,5131.28000000,5167.38000000,4950.00000000,5024.95000000,29057.19158100,1555372799999
1555372800000,5024.95000000,5197.72000000,5003.94000000,5173.72000000,24242.22949300,1555459199999
1555459200000,5173.72000000,5230.40000000,5146.80000000,5202.82000000,23307.53613400,1555545599999
1555545600000,5202.41000000,5287.00000000,5198.80000000,5258.44000000,22619.23900100,1555631999999
1555632000000,5258.44000000,5320.00000000,5175.00000000,5258.68000000,24611.23632300,1555718399999
1555718400000,5258.68000000,5333.42000000,5230.10000000,5291.73000000,19168.90827400,1555804799999
1555804800000,5292.91000000,5314.35000000,5165.00000000,5256.14000000,25549.57093900,1555891199999
1555891200000,5257.41000000,5400.00000000,5208.35000000,5357.14000000,29563.85230900,1555977599999
1555977600000,5357.14000000,5600.00000000,5332.41000000,5493.31000000,41262.10391700,1556063999999
1556064000000,5490.91000000,5582.20000000,5333.35000000,5415.00000000,48224.15241300,1556150399999
1556150400000,5415.00000000,5491.84000000,5102.00000000,5219.90000000,49636.08994800,1556236799999
1556236800000,5220.47000000,5510.00000000,5161.62000000,5314.10000000,48912.29451300,1556323199999
1556323200000,5315.00000000,5342.50000000,5257.67000000,5295.69000000,15422.89693500,1556409599999
1556409600000,5295.69000000,5340.00000000,5259.48000000,5307.52000000,14371.43386900,1556495999999
1556496000000,5309.81000000,5332.00000000,5178.80000000,5238.14000000,19918.13507900,1556582399999
1556582400000,5238.14000000,5339.98000000,5192.15000000,5320.81000000,22238.06823000,1556668799999
1556668800000,5321.94000000,5402.00000000,5316.20000000,5383.20000000,17217.47321600,1556755199999
1556755200000,5383.20000000,5538.00000000,5370.00000000,5492.87000000,22795.78783500,1556841599999
1556841600000,5494.81000000,5844.00000000,5477.57000000,5772.69000000,46297.17284900,1556927999999
1556928000000,5770.62000000,5900.00000000,5587.45000000,5829.45000000,39682.40899100,1557014399999
1557014400000,5829.83000000,5839.90000000,5696.00000000,5775.62000000,23822.54377500,1557100799999
1557100800000,5773.18000000,5805.00000000,5619.14000000,5747.79000000,25256.59632500,1557187199999
1557187200000,5749.92000000,6028.41000000,5747.74000000,5846.34000000,39905.06442200,1557273599999
1557273600000,5846.34000000,6014.72000000,5772.20000000,5987.29000000,23074.18690700,1557359999999
1557360000000,5986.66000000,6224.55000000,5983.71000000,6209.18000000,27453.01143600,1557446399999
1557446400000,6209.95000000,6468.92000000,6172.00000000,6373.33000000,36623.61079000,1557532799999
1557532800000,6375.16000000,7343.99000000,6372.85000000,7076.22000000,74022.42439300,1557619199999
1557619200000,7076.24000000,7521.78000000,6750.00000000,6967.31000000,86948.97533900,1557705599999
1557705600000,6968.24000000,8100.00000000,6870.00000000,7790.71000000,85804.73533300,1557791999999
1557792000000,7795.62000000,8366.00000000,7599.56000000,7947.56000000,76583.72260300,1557878399999
1557878400000,7945.26000000,8249.00000000,7850.00000000,8169.87000000,37884.32721100,1557964799999
1557964800000,8169.08000000,8320.00000000,7705.00000000,7866.59000000,69630.51399600,1558051199999
1558051200000,7868.67000000,7925.00000000,6913.00000000,7355.26000000,88752.00815900,1558137599999
1558137600000,7355.28000000,7458.00000000,7156.61000000,7257.45000000,37054.94477900,1558223999999
1558224000000,7257.32000000,8275.09000000,7243.08000000,8148.48000000,65577.44205800,1558310399999
1558310400000,8147.94000000,8156.03000000,7553.00000000,7938.15000000,65859.20856400,1558396799999
1558396800000,7937.16000000,8042.32000000,7771.00000000,7904.87000000,52301.75224700,1558483199999
1558483200000,7904.48000000,8016.00000000,7465.00000000,7628.43000000,49136.99458900,1558569599999
1558569600000,7627.80000000,7940.98000000,7461.00000000,7851.51000000,49648.18470100,1558655999999
1558656000000,7849.95000000,8130.00000000,7766.00000000,7964.87000000,46664.78532500,1558742399999
1558742400000,7964.52000000,8091.80000000,7908.34000000,8025.41000000,28414.32881700,1558828799999
1558828800000,8023.00000000,8740.00000000,7833.42000000,8614.43000000,49652.14456700,1558915199999
1558915200000,8612.54000000,8908.32000000,8589.00000000,8756.32000000,51886.76879300,1559001599999
1559001600000,8752.52000000,8798.49000000,8510.63000000,8715.64000000,31470.55153400,1559087999999
1559088000000,8716.87000000,8750.00000000,8406.60000000,8645.68000000,33880.86592200,1559174399999
1559174400000,8646.50000000,9074.26000000,8005.00000000,8269.54000000,70379.99852100,1559260799999
1559260800000,8267.10000000,8594.00000000,8108.50000000,8555.00000000,44727.49162000,1559347199999
1559347200000,8555.00000000,8626.00000000,8442.36000000,8544.07000000,31868.23415700,1559433599999
1559433600000,8545.10000000,8814.78000000,8524.00000000,8725.98000000,27835.13326500,1559519999999
1559520000000,8726.00000000,8800.95000000,8080.80000000,8115.82000000,45692.96510400,1559606399999
1559606400000,8115.66000000,8115.66000000,7481.02000000,7687.03000000,74143.94894100,1559692799999
1559692800000,7687.04000000,7896.70000000,7572.78000000,7776.50000000,48679.65645500,1559779199999
1559779200000,7778.08000000,7868.13000000,7444.58000000,7786.70000000,36624.11874700,1559865599999
1559865600000,7787.57000000,8100.00000000,7737.49000000,7980.53000000,33942.22565800,1559951999999
1559952000000,7978.94000000,8044.65000000,7751.00000000,7893.62000000,22657.32963400,1560038399999
1560038400000,7895.28000000,7935.00000000,7506.66000000,7628.13000000,31568.46515700,1560124799999
1560124800000,7627.57000000,8020.00000000,7511.00000000,7982.75000000,36756.07846800,1560211199999
1560211200000,7981.00000000,8010.00000000,7692.23000000,7884.90000000,30334.99942700,1560297599999
1560297600000,7884.90000000,8200.00000000,7788.99000000,8127.64000000,41597.08262200,1560383999999
1560384000000,8127.64000000,8309.82000000,8010.03000000,8218.54000000,30467.76434100,1560470399999
1560470400000,8216.44000000,8684.41000000,8144.32000000,8650.00000000,39835.24625500,1560556799999
1560556800000,8650.88000000,8864.99000000,8567.63000000,8808.70000000,31791.63603900,1560643199999
1560643200000,8810.77000000,9333.00000000,8760.00000000,8953.33000000,63289.25121900,1560729599999
1560729600000,8953.00000000,9444.00000000,8950.00000000,9313.96000000,47895.48537400,1560815999999
1560816000000,9312.13000000,9336.36000000,8950.00000000,9081.55000000,51554.56940100,1560902399999
1560902400000,9081.97000000,9304.00000000,8960.00000000,9255.49000000,32147.70649500,1560988799999
1560988800000,9253.76000000,9590.00000000,9175.20000000,9517.12000000,34556.05398200,1561075199999
1561075200000,9518.06000000,10174.99000000,9518.06000000,10159.86000000,50484.41589200,1561161599999
1561161600000,10159.86000000,11160.00000000,9921.72000000,10729.50000000,104169.44797600,1561247999999
1561248000000,10729.00000000,11392.64000000,10555.18000000,10906.07000000,57445.32394500,1561334399999
1561334400000,10905.95000000,11143.63000000,10620.80000000,11056.59000000,43101.04528500,1561420799999
1561420800000,11056.59000000,11850.00000000,11026.00000000,11820.86000000,61276.68664800,1561507199999
1561507200000,11821.28000000,13970.00000000,11741.00000000,13093.80000000,155930.14738600,1561593599999
1561593600000,13098.38000000,13478.04000000,10525.10000000,11329.99000000,173894.82088900,1561679999999
1561680000000,11329.99000000,12480.00000000,10982.88000000,12400.63000000,95795.20396400,1561766399999
1561766400000,12407.06000000,12441.54000000,11475.02000000,11903.13000000,69642.07415700,1561852799999
1561852800000,11903.13000000,12180.00000000,10766.03000000,10854.10000000,84512.53044300,1561939199999
1561939200000,10854.10000000,11282.28000000,10030.00000000,10624.93000000,90962.26827100,1562025599999
1562025600000,10624.90000000,10938.75000000,9727.00000000,10842.85000000,109561.03872800,1562111999999
1562112000000,10844.98000000,11991.89000000,10841.04000000,11940.00000000,96815.90029000,1562198399999
1562198400000,11940.00000000,12000.00000000,11055.00000000,11145.67000000,66512.22189200,1562284799999
1562284800000,11145.67000000,11406.83000000,10796.44000000,10970.73000000,63534.35058200,1562371199999
1562371200000,10982.41000000,11665.00000000,10964.51000000,11256.49000000,51469.49633100,1562457599999
1562457600000,11256.45000000,11538.00000000,11094.37000000,11406.24000000,38884.79559900,1562543999999
1562544000000,11410.00000000,12338.03000000,11220.00000000,12238.60000000,52182.36721500,1562630399999
1562630400000,12238.60000000,12794.73000000,12068.00000000,12543.41000000,78442.13034300,1562716799999
1562716800000,12548.51000000,13147.08000000,11569.00000000,12108.37000000,109246.04499700,1562803199999
1562803200000,12108.11000000,12111.73000000,11000.00000000,11342.89000000,87506.46105800,1562889599999
1562889600000,11342.88000000,11885.00000000,11073.00000000,11757.22000000,56321.85828100,1562975999999
1562976000000,11757.22000000,11799.98000000,10830.00000000,11355.76000000,54245.59454800,1563062399999
1563062400000,11355.78000000,11452.00000000,10103.00000000,10174.18000000,72517.57923600,1563148799999
1563148800000,10174.18000000,11100.00000000,9860.00000000,10838.72000000,81922.42633200,1563235199999
1563235200000,10833.78000000,11028.00000000,9350.01000000,9439.59000000,97219.44341300,1563321599999
1563321600000,9430.17000000,9957.00000000,9060.00000000,9667.92000000,84942.67271700,1563407999999
1563408000000,9668.86000000,10788.00000000,9252.00000000,10627.16000000,80283.31025200,1563494399999
1563494400000,10628.64000000,10769.71000000,10121.84000000,10504.29000000,56546.93213300,1563580799999
1563580800000,10505.78000000,11068.99000000,10350.00000000,10740.23000000,47331.89984800,1563667199999
1563667200000,10740.27000000,10817.90000000,10288.00000000,10589.45000000,38834.28793500,1563753599999
1563753600000,10590.15000000,10683.16000000,10100.00000000,10340.31000000,40467.95483900,1563839999999
1563840000000,10343.08000000,10343.97000000,9822.00000000,9864.91000000,47624.37071000,1563926399999
1563926400000,9864.78000000,9937.00000000,9525.00000000,9763.28000000,43475.38037700,1564012799999
1564012800000,9763.40000000,10175.00000000,9720.03000000,9879.87000000,37873.35472800,1564099199999
1564099200000,9882.15000000,9889.98000000,9637.00000000,9824.00000000,27167.46321700,1564185599999
1564185600000,9824.00000000,10188.66000000,9333.00000000,9476.52000000,43809.77830100,1564271999999
1564272000000,9478.92000000,9594.99000000,9165.00000000,9541.54000000,29401.02293700,1564358399999
1564358400000,9541.54000000,9729.00000000,9395.00000000,9507.64000000,29021.93741100,1564444799999
1564444800000,9509.07000000,9714.28000000,9402.00000000,9574.21000000,32536.36883400,1564531199999
1564531200000,9575.00000000,10109.80000000,9555.00000000,10080.53000000,39515.35456000,1564617599999
1564617600000,10080.53000000,10467.86000000,9863.46000000,10374.99000000,41727.63702800,1564703999999
1564704000000,10375.00000000,10670.00000000,10281.35000000,10523.75000000,42990.44422100,1564790399999
1564790400000,10523.75000000,10904.77000000,10497.93000000,10816.86000000,33802.31882400,1564876799999
1564876800000,10816.86000000,11040.00000000,10552.00000000,10929.23000000,39924.74514100,1564963199999
1564963200000,10929.99000000,11937.52000000,10927.80000000,11828.80000000,65153.67371300,1565049599999
1565049600000,11830.00000000,12330.70000000,11226.70000000,11481.69000000,76705.38987500,1565135999999
1565136000000,11481.69000000,12141.17000000,11382.84000000,11975.03000000,69173.39035300,1565222399999
1565222400000,11975.04000000,12060.00000000,11521.00000000,11999.77000000,51207.25717400,1565308799999
1565308800000,11994.17000000,12045.68000000,11700.00000000,11879.99000000,39427.15258800,1565395199999
1565395200000,11879.98000000,11985.00000000,11270.00000000,11309.31000000,42633.08704800,1565481599999
1565481600000,11309.24000000,11600.00000000,11112.11000000,11549.97000000,26772.90691000,1565567999999
1565568000000,11539.08000000,11577.89000000,11235.32000000,11396.08000000,17568.22707500,1565654399999
1565654400000,11398.35000000,11456.16000000,10788.45000000,10892.71000000,33234.72968000,1565740799999
1565740800000,10893.36000000,10897.48000000,9928.10000000,10050.37000000,54451.84749900,1565827199999
1565827200000,10055.16000000,10460.00000000,9911.00000000,10293.93000000,38174.45112000,1565913599999
1565913600000,10296.77000000,10536.03000000,9750.00000000,10331.54000000,51758.14291800,1565999999999
1566000000000,10331.15000000,10465.14000000,10000.00000000,10216.02000000,29000.58120100,1566086399999
1566086400000,10216.05000000,10500.00000000,10080.00000000,10306.78000000,24085.39517200,1566172799999
1566172800000,10306.17000000,10930.00000000,10258.60000000,10915.54000000,37243.31921700,1566259199999
1566259200000,10914.73000000,10949.96000000,10560.00000000,10760.51000000,32298.92167900,1566345599999
1566345600000,10760.51000000,10804.13000000,9858.00000000,10142.57000000,47355.71928200,1566431999999
1566432000000,10140.82000000,10242.00000000,9762.00000000,10099.88000000,34059.64273800,1566518399999
1566518400000,10099.90000000,10445.00000000,10019.79000000,10389.55000000,27550.33617300,1566604799999
1566604800000,10388.16000000,10419.42000000,9890.00000000,10134.35000000,27692.45684400,1566691199999
1566691200000,10134.61000000,10333.00000000,9906.97000000,10142.69000000,26271.65739800,1566777599999
1566777600000,10142.69000000,10604.00000000,10137.93000000,10372.25000000,41687.51159900,1566863999999
1566864000000,10373.60000000,10391.08000000,10051.08000000,10185.05000000,28402.77538300,1566950399999
1566950400000,10185.69000000,10299.00000000,9601.01000000,9721.00000000,42110.55537500,1567036799999
1567036800000,9721.00000000,9724.00000000,9320.00000000,9498.44000000,35532.69491000,1567123199999
1567123200000,9499.01000000,9696.00000000,9350.41000000,9584.54000000,26834.31810400,1567209599999
1567209600000,9582.76000000,9684.51000000,9420.75000000,9587.47000000,17130.29007400,1567295999999
1567296000000,9588.74000000,9830.00000000,9520.00000000,9724.98000000,19545.40484300,1567382399999
1567382400000,9723.59000000,10450.00000000,9712.50000000,10340.00000000,44740.24809300,1567468799999
1567468800000,10340.00000000,10773.00000000,10272.00000000,10615.28000000,47998.37678100,1567555199999
1567555200000,10611.85000000,10799.00000000,10369.89000000,10567.02000000,43943.88902600,1567641599999
1567641600000,10565.92000000,10900.00000000,10450.00000000,10564.49000000,33970.96063900,1567727999999
1567728000000,10563.13000000,10905.87000000,10150.00000000,10298.73000000,58799.64095900,1567814399999
1567814400000,10298.71000000,10558.00000000,10288.57000000,10455.88000000,27637.87739200,1567900799999
1567900800000,10455.90000000,10592.50000000,10208.00000000,10381.18000000,23984.67201800,1567987199999
1567987200000,10381.24000000,10480.00000000,10068.50000000,10303.12000000,39835.72760800,1568073599999
1568073600000,10302.58000000,10384.99000000,9953.00000000,10098.15000000,28915.41222500,1568159999999
1568160000000,10098.19000000,10293.00000000,9880.00000000,10158.33000000,31953.82456200,1568246399999
1568246400000,10158.75000000,10448.81000000,10040.00000000,10415.01000000,34511.16275500,1568332799999
1568332800000,10415.01000000,10439.00000000,10153.00000000,10342.06000000,30280.33977600,1568419199999
1568419200000,10344.13000000,10419.99000000,10222.33000000,10335.02000000,23621.53351900,1568505599999
1568505600000,10332.81000000,10360.00000000,10252.15000000,10302.01000000,18047.65401300,1568591999999
1568592000000,10303.34000000,10355.00000000,10078.00000000,10251.31000000,28971.40165700,1568678399999
1568678400000,10249.68000000,10275.00000000,10128.01000000,10187.82000000,22914.32456300,1568764799999
1568764800000,10187.48000000,10258.02000000,10100.00000000,10156.99000000,24250.24930300,1568851199999
1568851200000,10156.41000000,10325.00000000,9653.00000000,10244.29000000,44826.28257900,1568937599999
1568937600000,10243.70000000,10281.00000000,10061.39000000,10168.59000000,25088.49106900,1569023999999
1569024000000,10167.92000000,10176.70000000,9900.00000000,9986.39000000,20544.17519600,1569110399999
1569110400000,9985.15000000,10089.00000000,9853.97000000,10028.87000000,22049.27525600,1569196799999
1569196800000,10028.05000000,10049.99000000,9615.77000000,9702.25000000,31937.23235600,1569283199999
1569283200000,9702.20000000,9794.99000000,7800.00000000,8493.14000000,94007.34520300,1569369599999
1569369600000,8497.55000000,8730.00000000,8215.64000000,8430.05000000,60783.89225800,1569455999999
1569456000000,8430.05000000,8465.99000000,7750.00000000,8063.73000000,67930.85374900,1569542399999
1569542400000,8063.49000000,8265.00000000,7852.15000000,8177.91000000,43882.92462500,1569628799999
1569628800000,8177.47000000,8315.00000000,8001.09000000,8198.81000000,34473.60516500,1569715199999
1569715200000,8199.38000000,8229.13000000,7890.00000000,8043.82000000,31544.21138800,1569801599999
1569801600000,8043.04000000,8337.26000000,7710.00000000,8289.34000000,55865.48726000,1569887999999
1569888000000,8289.97000000,8500.00000000,8173.05000000,8292.44000000,43479.58742000,1569974399999
1569974400000,8292.67000000,8373.91000000,8151.22000000,8359.94000000,26243.38664400,1570060799999
1570060800000,8360.00000000,8393.00000000,8060.00000000,8223.96000000,30488.28405800,1570147199999
1570147200000,8224.43000000,8232.41000000,8005.00000000,8137.13000000,26476.33040400,1570233599999
1570233600000,8137.09000000,8183.41000000,8012.98000000,8126.19000000,21907.61556400,1570319999999
1570320000000,8127.55000000,8153.87000000,7785.00000000,7854.25000000,34676.10404900,1570406399999
1570406400000,7855.30000000,8299.92000000,7762.00000000,8190.09000000,52202.07229700,1570492799999
1570492800000,8190.82000000,8325.00000000,8088.75000000,8168.39000000,35452.65742300,1570579199999
1570579200000,8170.79000000,8670.00000000,8115.00000000,8560.74000000,55038.70437800,1570665599999
1570665600000,8562.15000000,8644.00000000,8414.52000000,8558.03000000,39137.94616700,1570751999999
1570752000000,8557.82000000,8779.51000000,8212.38000000,8258.50000000,50405.28441800,1570838399999
1570838400000,8257.95000000,8400.00000000,8250.00000000,8300.09000000,21339.33409800,1570924799999
1570924800000,8301.98000000,8451.37000000,8160.00000000,8275.01000000,27840.73995300,1571011199999
1571011200000,8275.24000000,8388.85000000,8203.00000000,8348.20000000,29810.66325300,1571097599999
1571097600000,8346.86000000,8403.00000000,8090.00000000,8159.29000000,32773.06247600,1571183999999
1571184000000,8159.30000000,8181.16000000,7917.00000000,7991.74000000,34733.59396600,1571270399999
1571270400000,7995.02000000,8124.92000000,7929.03000000,8070.58000000,29656.94915800,1571356799999
1571356800000,8070.71000000,8115.00000000,7816.01000000,7947.01000000,31353.18141600,1571443199999
1571443200000,7946.89000000,8098.10000000,7866.92000000,7948.01000000,26627.88938800,1571529599999
1571529600000,7949.87000000,8297.00000000,7870.00000000,8223.35000000,34286.45265400,1571615999999
1571616000000,8223.35000000,8333.00000000,8142.03000000,8197.27000000,30448.67953900,1571702399999
1571702400000,8197.28000000,8297.99000000,8000.00000000,8020.00000000,34651.82866300,1571788799999
1571788800000,8020.06000000,8047.59000000,7300.00000000,7466.62000000,63897.45709800,1571875199999
1571875200000,7468.47000000,7503.68000000,7337.99000000,7412.41000000,32714.38326500,1571961599999
1571961600000,7412.41000000,8799.00000000,7361.00000000,8655.02000000,90748.21817400,1572047999999
1572048000000,8655.88000000,10370.00000000,8470.38000000,9230.00000000,162588.58541300,1572134399999
1572134400000,9230.00000000,9794.98000000,9074.34000000,9529.93000000,93833.54160400,1572220799999
1572220800000,9528.23000000,9902.10000000,9160.00000000,9205.14000000,80174.21732300,1572307199999
1572307200000,9204.45000000,9550.00000000,9072.00000000,9407.62000000,64158.46244600,1572393599999
1572393600000,9407.62000000,9409.84000000,9001.01000000,9154.72000000,55241.78643400,1572479999999
1572480000000,9154.02000000,9405.00000000,8913.00000000,9140.85000000,54376.02490200,1572566399999
1572566400000,9140.86000000,9279.00000000,9030.00000000,9231.61000000,43594.81411500,1572652799999
1572652800000,9231.40000000,9373.74000000,9186.21000000,9289.52000000,28923.06082800,1572739199999
1572739200000,9289.85000000,9362.57000000,9066.14000000,9194.71000000,27894.37827900,1572825599999
1572825600000,9196.46000000,9513.68000000,9115.84000000,9393.35000000,45894.45627700,1572911999999
1572912000000,9392.40000000,9454.95000000,9175.76000000,9308.66000000,45935.87366500,1572998399999
1572998400000,9307.73000000,9440.91000000,9250.01000000,9339.05000000,37336.17037200,1573084799999
1573084800000,9339.16000000,9375.00000000,9101.00000000,9216.20000000,39117.47085300,1573171199999
1573171200000,9214.00000000,9261.00000000,8696.00000000,8773.73000000,62107.28924300,1573257599999
1573257600000,8773.74000000,8880.00000000,8724.88000000,8809.41000000,29469.48140500,1573343999999
1573344000000,8809.18000000,9147.19000000,8750.00000000,9039.47000000,34422.02979700,1573430399999
1573430400000,9040.16000000,9072.32000000,8618.68000000,8733.27000000,44888.05354500,1573516799999
1573516800000,8733.36000000,8888.00000000,8567.60000000,8821.94000000,40366.62947100,1573603199999
1573603200000,8821.91000000,8844.99000000,8702.00000000,8777.12000000,26810.11691800,1573689599999
1573689600000,8777.54000000,8800.00000000,8582.60000000,8646.68000000,33468.46896100,1573775999999
1573776000000,8646.38000000,8790.00000000,8400.00000000,8471.73000000,46087.41775100,1573862399999
1573862400000,8471.62000000,8543.00000000,8400.00000000,8491.02000000,20902.29975200,1573948799999
1573948800000,8490.74000000,8635.00000000,8350.68000000,8502.40000000,27009.03708200,1574035199999
1574035200000,8502.87000000,8503.52000000,8060.00000000,8187.17000000,43017.69094000,1574121599999
1574121600000,8186.50000000,8218.63000000,8003.00000000,8133.64000000,43556.06102500,1574207999999
1574208000000,8133.83000000,8264.29000000,8038.40000000,8098.01000000,32466.23098000,1574294399999
1574294400000,8098.56000000,8134.73000000,7500.00000000,7627.74000000,58418.78026100,1574380799999
1574380800000,7627.79000000,7750.00000000,6790.00000000,7268.23000000,126603.14025900,1574467199999
1574467200000,7268.23000000,7344.48000000,7080.01000000,7311.57000000,50449.89475500,1574553599999
1574553600000,7311.10000000,7330.39000000,6861.00000000,6903.28000000,67890.20648300,1574639999999
1574640000000,6900.23000000,7377.69000000,6515.00000000,7109.57000000,119645.73519700,1574726399999
1574726400000,7109.99000000,7340.00000000,7017.48000000,7156.14000000,65722.39769000,1574812799999
1574812800000,7154.75000000,7655.00000000,6840.00000000,7508.52000000,92452.87349000,1574899199999
1574899200000,7507.90000000,7643.00000000,7360.00000000,7419.49000000,56933.98110900,1574985599999
1574985600000,7418.52000000,7850.00000000,7362.30000000,7739.68000000,60745.30087300,1575071999999
1575072000000,7740.99000000,7810.00000000,7441.00000000,7541.89000000,46989.43361900,1575158399999
1575158400000,7540.63000000,7541.85000000,7210.00000000,7390.89000000,60769.34231300,1575244799999
1575244800000,7391.50000000,7420.56000000,7151.10000000,7294.28000000,46330.25604000,1575331199999
1575331200000,7294.42000000,7400.00000000,7241.35000000,7292.71000000,33149.47748700,1575417599999
1575417600000,7292.71000000,7750.00000000,7067.00000000,7194.32000000,83153.70158600,1575503999999
1575504000000,7194.59000000,7485.00000000,7150.00000000,7389.00000000,59306.67885500,1575590399999
1575590400000,7389.00000000,7590.03000000,7305.00000000,7527.47000000,48189.08794400,1575676799999
1575676800000,7527.80000000,7619.62000000,7470.16000000,7488.21000000,31498.68417300,1575763199999
1575763200000,7487.31000000,7564.00000000,7374.86000000,7510.11000000,29856.89763100,1575849599999
1575849600000,7510.11000000,7650.00000000,7273.00000000,7338.64000000,46621.88749300,1575935999999
1575936000000,7338.64000000,7407.60000000,7157.10000000,7224.13000000,49723.76214000,1576022399999
1576022400000,7224.15000000,7275.50000000,7125.66000000,7210.00000000,30093.09194400,1576108799999
1576108800000,7210.00000000,7295.00000000,7080.30000000,7198.08000000,42288.60093200,1576195199999
1576195200000,7197.76000000,7309.05000000,7190.76000000,7258.48000000,27609.87379500,1576281599999
1576281600000,7257.37000000,7271.77000000,7012.00000000,7064.05000000,29561.98596700,1576367999999
1576368000000,7064.14000000,7200.30000000,7008.35000000,7118.59000000,26395.77813700,1576454399999
1576454400000,7119.60000000,7150.00000000,6836.00000000,6891.72000000,43863.99305900,1576540799999
1576540800000,6891.44000000,6942.21000000,6560.00000000,6623.82000000,53865.06992900,1576627199999
1576627200000,6623.84000000,7440.00000000,6435.00000000,7277.83000000,95636.65125100,1576713599999
1576713600000,7277.83000000,7380.00000000,7038.31000000,7150.30000000,55509.04907500,1576799999999
1576800000000,7151.31000000,7220.00000000,7079.50000000,7187.83000000,32132.06920500,1576886399999
1576886400000,7188.01000000,7190.58000000,7105.00000000,7132.75000000,19467.17402800,1576972799999
1576972800000,7131.59000000,7518.54000000,7122.47000000,7501.44000000,39137.45515000,1577059199999
1577059200000,7500.71000000,7695.38000000,7265.84000000,7317.09000000,68051.99720300,1577145599999
1577145600000,7317.30000000,7436.68000000,7157.04000000,7255.77000000,43629.49418800,1577231999999
1577232000000,7255.77000000,7271.77000000,7128.86000000,7204.63000000,27492.04432300,1577318399999
1577318400000,7205.01000000,7435.00000000,7157.12000000,7202.00000000,36259.76107600,1577404799999
1577404800000,7202.00000000,7275.86000000,7076.42000000,7254.74000000,33642.70186100,1577491199999
1577491200000,7254.77000000,7365.01000000,7238.67000000,7316.14000000,26848.98219900,1577577599999
1577577600000,7315.36000000,7528.45000000,7288.00000000,7388.24000000,31387.10608500,1577663999999
1577664000000,7388.43000000,7408.24000000,7220.00000000,7246.00000000,29605.91178200,1577750399999
1577750400000,7246.00000000,7320.00000000,7145.01000000,7195.23000000,25954.45353300,1577836799999
1577836800000,7195.24000000,7255.00000000,7175.15000000,7200.85000000,16792.38816500,1577923199999
1577923200000,7200.77000000,7212.50000000,6924.74000000,6965.71000000,31951.48393200,1578009599999
1578009600000,6965.49000000,7405.00000000,6871.04000000,7344.96000000,68428.50045100,1578095999999
1578096000000,7345.00000000,7404.00000000,7272.21000000,7354.11000000,29987.97497700,1578182399999
1578182400000,7354.19000000,7495.00000000,7318.00000000,7358.75000000,38331.08560400,1578268799999
1578268800000,7357.64000000,7795.34000000,7346.76000000,7758.00000000,54635.69531600,1578355199999
1578355200000,7758.90000000,8207.68000000,7723.71000000,8145.28000000,91171.68466100,1578441599999
1578441600000,8145.92000000,8455.00000000,7870.00000000,8055.98000000,112622.64264000,1578527999999
1578528000000,8054.72000000,8055.96000000,7750.00000000,7817.76000000,64239.51983000,1578614399999
1578614400000,7817.74000000,8199.00000000,7672.00000000,8197.02000000,82406.77744800,1578700799999
1578700800000,8198.86000000,8286.34000000,8003.16000000,8020.01000000,54810.03266700,1578787199999
1578787200000,8020.01000000,8197.00000000,7960.00000000,8184.98000000,38131.49433600,1578873599999
1578873600000,8184.97000000,8196.00000000,8055.89000000,8110.34000000,31159.75568300,1578959999999
1578960000000,8110.34000000,8880.00000000,8105.54000000,8810.01000000,120399.12674200,1579046399999
1579046400000,8814.64000000,8916.48000000,8564.00000000,8821.41000000,84816.29760600,1579132799999
1579132800000,8820.01000000,8859.81000000,8586.00000000,8720.01000000,51991.07428400,1579219199999
1579219200000,8720.15000000,9041.65000000,8672.44000000,8913.28000000,70897.73737700,1579305599999
1579305600000,8913.27000000,8988.88000000,8806.38000000,8915.96000000,38294.74654500,1579391999999
1579392000000,8915.09000000,9198.98000000,8466.00000000,8701.70000000,70676.88925900,1579478399999
1579478400000,8701.72000000,8746.99000000,8521.28000000,8642.35000000,38896.63974600,1579564799999
1579564800000,8642.35000000,8789.00000000,8488.00000000,8736.03000000,36494.68765900,1579651199999
1579651200000,8736.04000000,8818.00000000,8590.00000000,8682.36000000,29080.55713800,1579737599999
1579737600000,8682.77000000,8691.81000000,8306.39000000,8404.52000000,48165.94459700,1579823999999
1579824000000,8404.52000000,8528.02000000,8238.00000000,8439.00000000,41687.52952900,1579910399999
1579910400000,8438.99000000,8451.26000000,8254.90000000,8340.58000000,25521.15793200,1579996799999
1579996800000,8340.01000000,8618.13000000,8293.66000000,8615.00000000,31130.48516400,1580083199999
1580083200000,8614.39000000,9000.00000000,8535.00000000,8907.57000000,53973.54299600,1580169599999
1580169600000,8907.57000000,9400.00000000,8862.40000000,9374.21000000,74584.85376500,1580255999999
1580256000000,9375.34000000,9449.24000000,9216.00000000,9301.53000000,53864.06512200,1580342399999
1580342400000,9301.57000000,9578.00000000,9204.44000000,9513.21000000,60626.74425900,1580428799999
1580428800000,9511.52000000,9530.22000000,9210.01000000,9352.89000000,45552.02235200,1580515199999
1580515200000,9351.71000000,9464.53000000,9281.00000000,9384.61000000,28578.06735400,1580601599999
1580601600000,9384.41000000,9477.03000000,9120.00000000,9331.51000000,45690.91254000,1580687999999
1580688000000,9331.59000000,9618.79000000,9234.00000000,9292.24000000,50892.13345100,1580774399999
1580774400000,9291.35000000,9350.00000000,9093.01000000,9197.02000000,53308.17526600,1580860799999
1580860800000,9197.02000000,9744.45000000,9177.22000000,9612.04000000,64870.41561500,1580947199999
1580947200000,9612.03000000,9862.57000000,9526.35000000,9772.00000000,64949.70658800,1581033599999
1581033600000,9772.00000000,9885.00000000,9730.00000000,9813.73000000,43966.11463200,1581119999999
1581120000000,9813.87000000,9940.00000000,9667.11000000,9895.05000000,43600.84366600,1581206399999
1581206400000,9895.04000000,10166.00000000,9880.75000000,10151.75000000,43408.47561600,1581292799999
1581292800000,10151.72000000,10188.00000000,9756.00000000,9851.83000000,59573.08461900,1581379199999
1581379200000,9851.74000000,10323.59000000,9700.00000000,10223.08000000,62422.39522400,1581465599999
1581465600000,10223.08000000,10450.00000000,10223.08000000,10326.46000000,61008.06393000,1581551999999
1581552000000,10325.33000000,10500.00000000,10080.00000000,10229.63000000,79344.35875900,1581638399999
1581638400000,10227.78000000,10381.56000000,10111.37000000,10344.36000000,47038.48017300,1581724799999
1581724800000,10344.36000000,10375.00000000,9801.00000000,9904.72000000,57657.20294700,1581811199999
1581811200000,9904.46000000,10050.00000000,9638.12000000,9917.27000000,60023.99953700,1581897599999
1581897600000,9910.70000000,9964.16000000,9452.67000000,9706.00000000,70261.01190100,1581983999999
1581984000000,9706.00000000,10250.00000000,9576.01000000,10164.71000000,70604.12401900,1582070399999
1582070400000,10164.78000000,10250.00000000,9350.00000000,9593.79000000,55162.58689500,1582156799999
1582156800000,9594.65000000,9699.00000000,9400.00000000,9596.42000000,60152.34291400,1582243199999
1582243200000,9597.21000000,9755.51000000,9550.21000000,9677.05000000,42181.55452400,1582329599999
1582329600000,9677.05000000,9709.17000000,9560.02000000,9650.86000000,24636.75762300,1582415999999
1582416000000,9650.85000000,9990.00000000,9645.00000000,9936.40000000,37702.08984300,1582502399999
1582502400000,9936.40000000,9990.00000000,9473.56000000,9656.13000000,55796.59612000,1582588799999
1582588800000,9655.52000000,9675.00000000,9250.00000000,9315.84000000,54379.34455200,1582675199999
1582675200000,9316.48000000,9377.44000000,8633.63000000,8785.25000000,92130.34548200,1582761599999
1582761600000,8786.00000000,8971.77000000,8531.00000000,8823.21000000,72483.57876200,1582847999999
1582848000000,8823.25000000,8900.00000000,8445.00000000,8692.91000000,71155.20897700,1582934399999
1582934400000,8690.80000000,8790.00000000,8523.55000000,8523.61000000,36748.18303500,1583020799999
1583020800000,8523.61000000,8750.00000000,8411.00000000,8531.88000000,43892.20177900,1583107199999
1583107200000,8530.30000000,8965.75000000,8498.00000000,8915.24000000,60401.31773000,1583193599999
1583193600000,8911.18000000,8919.65000000,8651.00000000,8760.07000000,55154.99728200,1583279999999
1583280000000,8760.07000000,8848.29000000,8660.00000000,8750.87000000,38696.48257800,1583366399999
1583366400000,8750.99000000,9159.42000000,8746.54000000,9054.68000000,58201.86635500,1583452799999
1583452800000,9054.64000000,9170.00000000,8985.50000000,9131.88000000,43782.94804400,1583539199999
1583539200000,9130.89000000,9188.00000000,8835.00000000,8886.66000000,45422.20452500,1583625599999
1583625600000,8885.25000000,8886.76000000,8000.00000000,8033.31000000,77537.31516600,1583711999999
1583712000000,8034.76000000,8179.31000000,7632.01000000,7929.87000000,116968.86326800,1583798399999
1583798400000,7929.87000000,8149.00000000,7728.01000000,7894.56000000,86783.44387500,1583884799999
1583884800000,7894.57000000,7980.00000000,7590.00000000,7934.52000000,79942.41117200,1583971199999
1583971200000,7934.58000000,7966.17000000,4410.00000000,4800.00000000,261505.60865300,1584057599999
1584057600000,4800.01000000,5955.00000000,3782.13000000,5578.60000000,402201.67376400,1584143999999
1584144000000,5576.05000000,5640.52000000,5055.13000000,5172.06000000,136910.13597400,1584230399999
1584230400000,5172.48000000,5940.00000000,5093.10000000,5361.30000000,139916.14653400,1584316799999
1584316800000,5360.33000000,5365.42000000,4442.12000000,5028.97000000,227276.92276000,1584403199999
1584403200000,5028.86000000,5525.00000000,4921.45000000,5312.64000000,150089.92631800,1584489599999
1584489600000,5312.64000000,5436.17000000,5009.37000000,5393.04000000,137127.63489400,1584575999999
1584576000000,5393.26000000,6400.00000000,5252.53000000,6162.37000000,199020.87343900,1584662399999
1584662400000,6162.05000000,6900.00000000,5670.00000000,6208.36000000,219298.32951400,1584748799999
1584748800000,6204.57000000,6456.98000000,5860.02000000,6186.98000000,128913.66836300,1584835199999
1584835200000,6187.04000000,6407.87000000,5734.01000000,5816.19000000,119115.99052700,1584921599999
1584921600000,5816.05000000,6600.00000000,5688.00000000,6467.31000000,164674.21578500,1585007999999
1585008000000,6465.25000000,6833.00000000,6371.33000000,6744.72000000,151138.00987800,1585094399999
1585094400000,6744.69000000,6957.96000000,6450.00000000,6677.43000000,132155.73498900,1585180799999
1585180800000,6677.42000000,6780.00000000,6510.00000000,6737.36000000,83026.55521100,1585267199999
1585267200000,6737.27000000,6842.59000000,6261.00000000,6359.11000000,82914.96835400,1585353599999
1585353600000,6359.11000000,6360.00000000,6024.00000000,6236.65000000,93159.69342900,1585439999999
1585440000000,6236.65000000,6266.00000000,5866.56000000,5881.42000000,63311.62771400,1585526399999
1585526400000,5880.50000000,6599.00000000,5857.76000000,6394.38000000,118889.54999200,1585612799999
1585612800000,6394.45000000,6523.23000000,6321.40000000,6410.44000000,72337.59525900,1585699199999
1585699200000,6412.14000000,6679.94000000,6150.11000000,6642.92000000,97500.75240000,1585785599999
1585785600000,6643.36000000,7198.00000000,6551.00000000,6794.09000000,149299.90687100,1585871999999
1585872000000,6793.86000000,7048.00000000,6602.10000000,6734.10000000,104080.27693900,1585958399999
1585958400000,6732.97000000,6990.41000000,6650.01000000,6856.99000000,72990.86113900,1586044799999
1586044800000,6857.41000000,6895.54000000,6677.52000000,6772.78000000,49685.35698300,1586131199999
1586131200000,6772.78000000,7355.14000000,6765.00000000,7329.90000000,118052.00083200,1586217599999
1586217600000,7329.90000000,7459.69000000,7077.00000000,7197.32000000,103585.16891800,1586303999999
1586304000000,7197.32000000,7420.00000000,7150.00000000,7361.28000000,76059.14583800,1586390399999
1586390400000,7360.26000000,7371.92000000,7108.08000000,7283.54000000,61094.87241700,1586476799999
1586476800000,7283.54000000,7295.75000000,6739.98000000,6858.92000000,104674.62337500,1586563199999
1586563200000,6858.92000000,6944.30000000,6760.00000000,6876.83000000,45470.29320600,1586649599999
1586649600000,6876.84000000,7177.00000000,6780.00000000,6903.79000000,73868.66650100,1586735999999
1586736000000,6903.79000000,6903.79000000,6575.00000000,6837.91000000,96415.47657300,1586822399999
1586822400000,6838.04000000,6978.00000000,6754.28000000,6868.70000000,69068.62328500,1586908799999
1586908800000,6868.57000000,6933.00000000,6605.00000000,6621.24000000,61571.38499400,1586995199999
1586995200000,6621.25000000,7190.00000000,6468.27000000,7101.94000000,125009.85753900,1587081599999
1587081600000,7101.99000000,7148.12000000,6972.98000000,7027.55000000,54126.50976300,1587167999999
1587168000000,7026.78000000,7293.08000000,7014.40000000,7248.60000000,49488.54281900,1587254399999
1587254400000,7248.60000000,7266.15000000,7055.60000000,7120.74000000,45664.86393000,1587340799999
1587340800000,7121.40000000,7220.00000000,6751.00000000,6826.83000000,90149.49137000,1587427199999
1587427200000,6828.98000000,6940.00000000,6762.00000000,6841.37000000,60109.71080800,1587513599999
1587513600000,6841.36000000,7156.38000000,6818.00000000,7125.14000000,61486.37733400,1587599999999
1587600000000,7125.12000000,7738.00000000,7020.00000000,7482.39000000,102773.56956100,1587686399999
1587686400000,7483.96000000,7615.96000000,7388.00000000,7505.00000000,60182.11993900,1587772799999
1587772800000,7505.00000000,7705.00000000,7431.07000000,7538.67000000,43874.42772600,1587859199999
1587859200000,7539.03000000,7700.00000000,7480.00000000,7693.10000000,50522.61620900,1587945599999
1587945600000,7693.10000000,7792.02000000,7606.00000000,7774.62000000,65441.33957600,1588031999999
1588032000000,7773.51000000,7780.00000000,7659.12000000,7738.98000000,46302.75263800,1588118399999
1588118400000,7738.58000000,8952.89000000,7710.05000000,8778.57000000,183546.88751400,1588204799999
1588204800000,8778.58000000,9460.00000000,8401.00000000,8620.00000000,206277.21412400,1588291199999
1588291200000,8620.00000000,9059.18000000,8613.56000000,8826.96000000,91468.81505900,1588377599999
1588377600000,8825.67000000,9010.00000000,8753.00000000,8972.05000000,59002.08755000,1588463999999
1588464000000,8972.58000000,9200.00000000,8712.00000000,8894.16000000,90126.06564300,1588550399999
1588550400000,8894.15000000,8950.00000000,8522.00000000,8871.96000000,84418.51233100,1588636799999
1588636800000,8871.92000000,9118.58000000,8760.00000000,9021.83000000,76480.76534200,1588723199999
1588723200000,9021.36000000,9395.00000000,8906.21000000,9142.92000000,105925.30242000,1588809599999
1588809600000,9143.40000000,10067.00000000,9021.00000000,9986.40000000,147154.61137800,1588895999999
1588896000000,9986.30000000,10035.96000000,9705.00000000,9800.01000000,100683.79640000,1588982399999
1588982400000,9800.02000000,9914.25000000,9520.00000000,9539.40000000,81950.67956700,1589068799999
1589068800000,9539.10000000,9574.83000000,8117.00000000,8722.77000000,183865.18202800,1589155199999
1589155200000,8722.77000000,9168.00000000,8200.00000000,8561.52000000,168807.25183200,1589241599999
1589241600000,8562.04000000,8978.26000000,8528.78000000,8810.79000000,86522.78006600,1589327999999
1589328000000,8810.99000000,9398.00000000,8792.99000000,9309.37000000,92466.27401800,1589414399999
1589414400000,9309.35000000,9939.00000000,9256.76000000,9791.98000000,129565.37747000,1589500799999
1589500800000,9791.97000000,9845.62000000,9150.00000000,9316.42000000,115890.76151600,1589587199999
1589587200000,9315.96000000,9588.00000000,9220.00000000,9381.27000000,59587.62786200,1589673599999
1589673600000,9380.81000000,9888.00000000,9322.10000000,9680.04000000,68647.76432300,1589759999999
1589760000000,9681.11000000,9950.00000000,9464.23000000,9733.93000000,82006.60358300,1589846399999
1589846400000,9733.93000000,9897.21000000,9474.00000000,9775.53000000,78539.76045400,1589932799999
1589932800000,9775.13000000,9842.00000000,9326.00000000,9511.43000000,74923.73809000,1590019199999
1590019200000,9511.43000000,9578.47000000,8815.00000000,9068.65000000,108928.78096900,1590105599999
1590105600000,9067.51000000,9271.00000000,8933.52000000,9170.00000000,58943.13102400,1590191999999
1590192000000,9170.00000000,9307.85000000,9070.00000000,9179.15000000,43526.29696600,1590278399999
1590278400000,9179.01000000,9298.00000000,8700.00000000,8720.34000000,70379.86645000,1590364799999
1590364800000,8718.14000000,8979.66000000,8642.72000000,8900.35000000,62833.91094900,1590451199999
1590451200000,8900.35000000,9017.67000000,8700.00000000,8841.18000000,58299.77013800,1590537599999
1590537600000,8841.00000000,9225.00000000,8811.73000000,9204.07000000,68910.35551400,1590623999999
1590624000000,9204.07000000,9625.47000000,9110.00000000,9575.89000000,74110.78766200,1590710399999
1590710400000,9575.87000000,9605.26000000,9330.00000000,9427.07000000,57374.36296100,1590796799999
1590796800000,9426.60000000,9740.00000000,9331.23000000,9697.72000000,55665.27254000,1590883199999
1590883200000,9697.72000000,9700.00000000,9381.41000000,9448.27000000,48333.78640300,1590969599999
1590969600000,9448.27000000,10380.00000000,9421.67000000,10200.77000000,76649.12696000,1591055999999
1591056000000,10202.71000000,10228.99000000,9266.00000000,9518.04000000,108970.77315100,1591142399999
1591142400000,9518.02000000,9690.00000000,9365.21000000,9666.24000000,46252.64493900,1591228799999
1591228800000,9666.32000000,9881.63000000,9450.00000000,9789.06000000,57456.10096900,1591315199999
1591315200000,9788.14000000,9854.75000000,9581.00000000,9621.16000000,47788.05005000,1591401599999
1591401600000,9621.17000000,9735.00000000,9531.05000000,9666.30000000,32752.95089300,1591487999999
1591488000000,9666.85000000,9802.00000000,9372.46000000,9746.99000000,57952.84838500,1591574399999
1591574400000,9746.99000000,9800.00000000,9633.00000000,9782.01000000,40664.66412500,1591660799999
1591660800000,9782.00000000,9877.00000000,9570.00000000,9772.43000000,46024.00128900,1591747199999
1591747200000,9772.44000000,9992.72000000,9704.18000000,9885.00000000,47130.76298200,1591833599999
1591833600000,9885.22000000,9964.00000000,9113.00000000,9280.40000000,94418.98473000,1591919999999
1591920000000,9278.88000000,9557.12000000,9232.51000000,9465.13000000,50119.06693200,1592006399999
1592006400000,9464.96000000,9494.73000000,9351.00000000,9473.34000000,27759.78485100,1592092799999
1592092800000,9473.34000000,9480.99000000,9245.00000000,9342.10000000,30055.50660800,1592179199999
1592179200000,9342.10000000,9495.00000000,8910.45000000,9426.02000000,86107.92470700,1592265599999
1592265600000,9426.05000000,9589.00000000,9373.09000000,9525.59000000,52052.44692700,1592351999999
1592352000000,9526.97000000,9565.00000000,9236.61000000,9465.14000000,48046.41115200,1592438399999
1592438400000,9465.13000000,9489.00000000,9280.00000000,9386.32000000,37381.95376500,1592524799999
1592524800000,9386.32000000,9438.30000000,9215.79000000,9310.23000000,45330.98367300,1592611199999
1592611200000,9310.23000000,9395.00000000,9170.95000000,9358.95000000,30329.06538400,1592697599999
1592697600000,9358.95000000,9422.00000000,9281.54000000,9294.69000000,24316.92623400,1592783999999
1592784000000,9294.69000000,9780.00000000,9277.09000000,9685.69000000,57895.46834300,1592870399999
1592870400000,9685.69000000,9720.00000000,9577.03000000,9624.89000000,41031.02938000,1592956799999
1592956800000,9624.33000000,9670.00000000,9208.00000000,9296.49000000,61571.56146400,1593043199999
1593043200000,9298.33000000,9340.00000000,9009.69000000,9249.49000000,55831.61915600,1593129599999
1593129600000,9249.49000000,9298.00000000,9045.45000000,9162.21000000,50292.29827700,1593215999999
1593216000000,9162.21000000,9196.24000000,8833.00000000,9012.00000000,46290.93011300,1593302399999
1593302400000,9012.00000000,9191.00000000,8948.06000000,9116.35000000,30688.17642100,1593388799999
1593388800000,9116.16000000,9238.00000000,9024.67000000,9192.56000000,42120.29326100,1593475199999
1593475200000,9192.93000000,9205.00000000,9064.89000000,9138.55000000,31463.16280100,1593561599999
1593561600000,9138.08000000,9292.00000000,9080.10000000,9232.00000000,38488.52869900,1593647999999
1593648000000,9231.99000000,9261.96000000,8940.00000000,9086.54000000,45725.16807600,1593734399999
1593734400000,9086.54000000,9125.00000000,9037.47000000,9058.26000000,28943.42017700,1593820799999
1593820800000,9057.79000000,9190.00000000,9040.04000000,9135.46000000,26441.96848400,1593907199999
1593907200000,9135.00000000,9145.24000000,8893.03000000,9069.41000000,34073.65362700,1593993599999
1593993600000,9069.41000000,9375.00000000,9055.92000000,9344.20000000,54463.13227700,1594079999999
1594080000000,9342.47000000,9379.42000000,9203.00000000,9257.39000000,34587.33667800,1594166399999
1594166400000,9257.40000000,9470.00000000,9231.00000000,9436.06000000,56140.51778100,1594252799999
1594252800000,9436.06000000,9440.79000000,9160.00000000,9232.43000000,48044.45064500,1594339199999
1594339200000,9232.42000000,9317.48000000,9125.00000000,9288.34000000,38295.49400600,1594425599999
1594425600000,9288.34000000,9299.28000000,9178.25000000,9234.03000000,22561.36600000,1594511999999
1594512000000,9234.02000000,9345.00000000,9157.50000000,9302.75000000,30872.70228600,1594598399999
1594598400000,9303.31000000,9343.82000000,9200.89000000,9242.62000000,42740.06911500,1594684799999
1594684800000,9242.61000000,9279.54000000,9113.00000000,9255.85000000,45772.55250900,1594771199999
1594771200000,9255.85000000,9276.49000000,9160.57000000,9197.60000000,39053.57966500,1594857599999
1594857600000,9197.60000000,9226.15000000,9047.25000000,9133.72000000,43375.57119100,1594943999999
1594944000000,9133.72000000,9186.83000000,9089.81000000,9154.32000000,28054.35874100,1595030399999
1595030400000,9154.31000000,9219.30000000,9121.10000000,9170.28000000,22554.54145700,1595116799999
1595116800000,9170.30000000,9232.27000000,9101.35000000,9208.99000000,26052.01941700,1595203199999
1595203200000,9208.99000000,9221.52000000,9131.00000000,9160.78000000,35458.76408200,1595289599999
1595289600000,9160.78000000,9437.73000000,9152.80000000,9390.00000000,60413.58248600,1595375999999
1595376000000,9390.00000000,9544.00000000,9261.00000000,9518.16000000,48815.00410700,1595462399999
1595462400000,9518.16000000,9664.00000000,9440.33000000,9603.27000000,51856.23350000,1595548799999
1595548800000,9603.27000000,9637.00000000,9463.44000000,9537.80000000,43931.13620500,1595635199999
1595635200000,9538.10000000,9732.90000000,9513.00000000,9700.42000000,40679.54541600,1595721599999
1595721600000,9700.42000000,10111.00000000,9650.00000000,9931.54000000,65279.26931900,1595807999999
1595808000000,9931.54000000,11394.86000000,9917.21000000,11029.96000000,150188.93314400,1595894399999
1595894400000,11029.96000000,11242.23000000,10565.00000000,10906.27000000,97267.73418700,1595980799999
1595980800000,10906.27000000,11342.82000000,10812.00000000,11100.53000000,76838.09423300,1596067199999
1596067200000,11100.52000000,11170.00000000,10831.00000000,11099.61000000,60794.82645600,1596153599999
1596153600000,11099.79000000,11444.00000000,10960.00000000,11335.46000000,70063.66097400,1596239999999
1596240000000,11335.46000000,11861.00000000,11220.00000000,11801.17000000,85087.48512600,1596326399999
1596326400000,11801.17000000,12123.46000000,10518.50000000,11071.35000000,97553.07760400,1596412799999
1596412800000,11071.36000000,11473.00000000,10936.00000000,11219.81000000,56931.84147500,1596499199999
1596499200000,11219.68000000,11414.98000000,11000.00000000,11191.97000000,58629.11370900,1596585599999
1596585600000,11191.99000000,11780.93000000,11093.00000000,11744.91000000,74970.25685200,1596671999999
1596672000000,11744.91000000,11900.00000000,11562.50000000,11762.46000000,63529.08502000,1596758399999
1596758400000,11762.47000000,11909.94000000,11322.00000000,11594.23000000,65755.92602200,1596844799999
1596844800000,11594.36000000,11808.27000000,11512.00000000,11761.41000000,41858.16104000,1596931199999
1596931200000,11761.02000000,11797.11000000,11521.97000000,11681.68000000,41493.06734200,1597017599999
1597017600000,11681.69000000,12067.35000000,11450.00000000,11892.92000000,84952.33788700,1597103999999
1597104000000,11892.90000000,11935.00000000,11125.00000000,11392.08000000,90748.28463400,1597190399999
1597190400000,11392.09000000,11617.52000000,11150.00000000,11564.33000000,64909.61364400,1597276799999
1597276800000,11564.34000000,11792.96000000,11270.36000000,11780.00000000,70132.49150200,1597363199999
1597363200000,11779.77000000,11850.00000000,11634.03000000,11760.54000000,59818.85269700,1597449599999
1597449600000,11760.55000000,11980.00000000,11680.00000000,11852.40000000,56237.90505000,1597535999999
1597536000000,11852.40000000,11931.72000000,11686.00000000,11911.00000000,41368.23690600,1597622399999
1597622400000,11910.99000000,12468.00000000,11769.78000000,12281.13000000,84734.21154000,1597708799999
1597708800000,12281.15000000,12387.77000000,11817.93000000,11945.01000000,75923.83552700,1597795199999
1597795200000,11945.10000000,12020.08000000,11561.00000000,11754.59000000,73940.16960600,1597881599999
1597881600000,11754.38000000,11888.00000000,11668.00000000,11853.55000000,46085.25435100,1597967999999
1597968000000,11853.54000000,11878.00000000,11485.81000000,11531.34000000,64448.30614200,1598054399999
1598054400000,11531.23000000,11686.00000000,11376.81000000,11662.96000000,43678.70164600,1598140799999
1598140800000,11663.51000000,11718.07000000,11514.13000000,11648.13000000,37900.00469000,1598227199999
1598227200000,11648.12000000,11824.90000000,11585.09000000,11748.20000000,46212.39186700,1598313599999
1598313600000,11748.19000000,11767.85000000,11117.64000000,11318.42000000,69590.92327200,1598399999999
1598400000000,11318.42000000,11539.32000000,11244.00000000,11461.43000000,53998.23123100,1598486399999
1598486400000,11461.42000000,11592.20000000,11125.00000000,11330.38000000,63246.03638300,1598572799999
1598572800000,11330.38000000,11542.65000000,11276.89000000,11526.91000000,45953.90836500,1598659199999
1598659200000,11526.90000000,11580.02000000,11417.04000000,11465.84000000,32973.79920000,1598745599999
1598745600000,11465.84000000,11719.00000000,11458.00000000,11711.16000000,43177.87905400,1598831999999
1598832000000,11711.17000000,11800.77000000,11570.00000000,11649.51000000,55353.61774400,1598918399999
1598918400000,11649.51000000,12050.85000000,11515.00000000,11921.97000000,78148.19366800,1599004799999
1599004800000,11921.97000000,11954.57000000,11160.10000000,11388.54000000,87221.84560200,1599091199999
1599091200000,11388.54000000,11462.60000000,9960.80000000,10140.85000000,121950.10601500,1599177599999
1599177600000,10138.29000000,10627.05000000,9875.50000000,10446.25000000,92733.59911300,1599263999999
1599264000000,10446.25000000,10565.68000000,9825.00000000,10166.69000000,90001.60556800,1599350399999
1599350400000,10166.69000000,10347.14000000,9994.86000000,10256.20000000,56368.78881500,1599436799999
1599436800000,10255.89000000,10410.75000000,9875.00000000,10373.44000000,62620.23067600,1599523199999
1599523200000,10373.45000000,10438.00000000,9850.00000000,10126.65000000,73491.87841800,1599609599999
1599609600000,10126.66000000,10343.00000000,9981.01000000,10219.20000000,49347.11377600,1599695999999
1599696000000,10219.29000000,10483.35000000,10070.83000000,10336.87000000,58253.75375000,1599782399999
1599782400000,10336.86000000,10397.60000000,10200.00000000,10387.89000000,43830.25446700,1599868799999
1599868800000,10387.89000000,10477.97000000,10269.25000000,10440.92000000,35379.15309600,1599955199999
1599955200000,10440.67000000,10580.11000000,10200.00000000,10332.83000000,43837.60986500,1600041599999
1600041600000,10332.84000000,10750.00000000,10212.34000000,10671.77000000,67059.29136100,1600127999999
1600128000000,10671.77000000,10930.04000000,10606.48000000,10785.31000000,61822.45278600,1600214399999
1600214400000,10785.23000000,11093.00000000,10661.22000000,10954.01000000,64991.51244000,1600300799999
1600300800000,10954.01000000,11045.46000000,10745.83000000,10939.99000000,55601.61452900,1600387199999
1600387200000,10940.00000000,11038.03000000,10812.84000000,10933.39000000,47266.72827500,1600473599999
1600473600000,10933.40000000,11179.79000000,10887.37000000,11080.65000000,38440.03685800,1600559999999
1600560000000,11080.64000000,11080.64000000,10723.00000000,10920.28000000,39157.92256500,1600646399999
1600646400000,10920.28000000,10988.86000000,10296.35000000,10417.22000000,70683.43117900,1600732799999
1600732800000,10417.22000000,10572.71000000,10353.00000000,10529.61000000,43991.23547600,1600819199999
1600819200000,10529.61000000,10537.15000000,10136.82000000,10241.46000000,51876.56807900,1600905599999
1600905600000,10241.46000000,10795.24000000,10190.93000000,10736.32000000,57676.61942700,1600991999999
1600992000000,10736.33000000,10760.53000000,10556.24000000,10686.67000000,48101.11700800,1601078399999
1601078400000,10686.57000000,10820.94000000,10644.68000000,10728.60000000,28420.83665900,1601164799999
1601164800000,10728.59000000,10799.00000000,10594.82000000,10774.25000000,30549.48325300,1601251199999
1601251200000,10774.26000000,10950.00000000,10626.00000000,10696.12000000,50095.25173400,1601337599999
1601337600000,10696.11000000,10867.54000000,10635.87000000,10840.48000000,41874.89839900,1601423999999
1601424000000,10840.58000000,10849.34000000,10665.13000000,10776.59000000,39596.02732200,1601510399999
1601510400000,10776.59000000,10920.00000000,10437.00000000,10619.13000000,60866.33289300,1601596799999
1601596800000,10619.13000000,10664.64000000,10374.00000000,10570.40000000,50130.39370500,1601683199999
1601683200000,10570.40000000,10603.56000000,10496.46000000,10542.06000000,22298.22134100,1601769599999
1601769600000,10542.07000000,10696.87000000,10517.87000000,10666.63000000,23212.00159500,1601855999999
1601856000000,10666.62000000,10798.00000000,10615.64000000,10792.21000000,34025.76165300,1601942399999
1601942400000,10792.20000000,10800.00000000,10525.00000000,10599.66000000,48674.74047100,1602028799999
1602028800000,10599.65000000,10681.87000000,10546.17000000,10666.39000000,32811.99027900,1602115199999
1602115200000,10666.40000000,10950.00000000,10530.41000000,10925.57000000,51959.69157200,1602201599999
1602201600000,10925.44000000,11104.64000000,10829.00000000,11050.64000000,48240.07323700,1602287999999
1602288000000,11050.64000000,11491.00000000,11050.51000000,11293.22000000,43648.03694300,1602374399999
1602374400000,11293.22000000,11445.00000000,11221.00000000,11369.02000000,29043.85133900,1602460799999
1602460800000,11369.02000000,11720.01000000,11172.00000000,11528.25000000,52825.28371000,1602547199999
1602547200000,11528.24000000,11557.00000000,11300.00000000,11420.56000000,42205.28370900,1602633599999
1602633600000,11420.57000000,11547.98000000,11280.00000000,11417.89000000,41415.10601500,1602719999999
1602720000000,11417.89000000,11617.34000000,11250.83000000,11505.12000000,48760.71767900,1602806399999
1602806400000,11505.13000000,11541.15000000,11200.00000000,11319.32000000,48797.74950200,1602892799999
1602892800000,11319.24000000,11402.42000000,11255.00000000,11360.20000000,22368.91524100,1602979199999
1602979200000,11360.31000000,11505.00000000,11346.22000000,11503.14000000,23284.04119100,1603065599999
1603065600000,11503.14000000,11823.99000000,11407.96000000,11751.47000000,47414.53469200,1603151999999
1603152000000,11751.46000000,12038.38000000,11677.59000000,11909.99000000,62134.75066300,1603238399999
1603238400000,11910.00000000,13217.68000000,11886.95000000,12780.96000000,114584.45676700,1603324799999
1603324800000,12780.75000000,13185.00000000,12678.08000000,12968.52000000,70038.82414400,1603411199999
1603411200000,12968.84000000,13027.69000000,12720.08000000,12923.07000000,50386.99984100,1603497599999
1603497600000,12923.06000000,13166.73000000,12870.00000000,13111.73000000,35952.20907000,1603583999999
1603584000000,13111.73000000,13350.00000000,12888.00000000,13028.83000000,38481.57950400,1603670399999
1603670400000,13029.64000000,13238.81000000,12765.00000000,13052.19000000,60951.67298600,1603756799999
1603756800000,13052.15000000,13789.29000000,13019.87000000,13636.17000000,80811.01945000,1603843199999
1603843200000,13636.16000000,13859.48000000,12888.00000000,13266.40000000,94440.56122600,1603929599999
1603929600000,13266.40000000,13642.91000000,12920.77000000,13455.70000000,74872.60213200,1604015999999
1604016000000,13455.69000000,13669.98000000,13115.00000000,13560.10000000,70657.77888100,1604102399999
1604102400000,13560.10000000,14100.00000000,13411.50000000,13791.00000000,67339.23851500,1604188799999
1604188800000,13791.00000000,13895.00000000,13603.00000000,13761.50000000,36285.64852600,1604275199999
1604275200000,13761.49000000,13830.00000000,13195.05000000,13549.37000000,64566.42190800,1604361599999
1604361600000,13549.63000000,14066.11000000,13284.99000000,14023.53000000,74115.63078700,1604447999999
1604448000000,14023.53000000,14259.00000000,13525.00000000,14144.01000000,93016.98826200,1604534399999
1604534400000,14144.01000000,15750.00000000,14093.56000000,15590.02000000,143741.52267300,1604620799999
1604620800000,15590.02000000,15960.00000000,15166.00000000,15579.92000000,122618.19769500,1604707199999
1604707200000,15579.93000000,15753.52000000,14344.22000000,14818.30000000,101431.20655300,1604793599999
1604793600000,14818.30000000,15650.00000000,14703.88000000,15475.10000000,65547.17857400,1604879999999
1604880000000,15475.10000000,15840.00000000,14805.54000000,15328.41000000,108976.33413400,1604966399999
1604966400000,15328.41000000,15460.00000000,15072.46000000,15297.21000000,61681.91960600,1605052799999
1605052800000,15297.21000000,15965.00000000,15272.68000000,15684.24000000,78469.74645800,1605139199999
1605139200000,15684.25000000,16340.70000000,15440.64000000,16291.86000000,102196.35659200,1605225599999
1605225600000,16291.85000000,16480.00000000,15952.35000000,16320.70000000,75691.88101400,1605311999999
1605312000000,16320.04000000,16326.99000000,15670.00000000,16070.45000000,59116.34717900,1605398399999
1605398400000,16069.56000000,16180.00000000,15774.72000000,15957.00000000,43596.84151300,1605484799999
1605484800000,15957.00000000,16880.00000000,15864.00000000,16713.57000000,81300.67592400,1605571199999
1605571200000,16713.08000000,17858.82000000,16538.00000000,17659.38000000,115221.40310200,1605657599999
1605657600000,17659.38000000,18476.93000000,17214.45000000,17776.12000000,149019.78813400,1605743999999
1605744000000,17777.75000000,18179.80000000,17335.65000000,17802.82000000,93009.56100800,1605830399999
1605830400000,17802.81000000,18815.22000000,17740.04000000,18655.67000000,88423.01848900,1605916799999
1605916800000,18655.66000000,18965.90000000,18308.58000000,18703.80000000,75577.45839400,1606003199999
1606003200000,18703.80000000,18750.00000000,17610.86000000,18414.43000000,81645.73777800,1606089599999
1606089600000,18413.88000000,18766.00000000,18000.00000000,18368.00000000,82961.50609300,1606175999999
1606176000000,18368.01000000,19418.97000000,18018.00000000,19160.01000000,113581.50924100,1606262399999
1606262400000,19160.00000000,19484.21000000,18500.27000000,18719.11000000,93266.57688700,1606348799999
1606348800000,18718.83000000,18915.03000000,16188.00000000,17149.47000000,181005.24669300,1606435199999
1606435200000,17149.47000000,17457.62000000,16438.08000000,17139.52000000,85297.02478700,1606521599999
1606521600000,17139.53000000,17880.49000000,16865.56000000,17719.85000000,64910.69997000,1606607999999
1606608000000,17719.84000000,18360.05000000,17517.00000000,18184.99000000,55329.01630300,1606694399999
1606694400000,18185.00000000,19863.16000000,18184.99000000,19695.87000000,115463.46688800,1606780799999
1606780800000,19695.87000000,19888.00000000,18001.12000000,18764.96000000,127698.76265200,1606867199999
1606867200000,18764.96000000,19342.00000000,18330.00000000,19204.09000000,75911.01347800,1606953599999
1606953600000,19204.08000000,19598.00000000,18867.20000000,19421.90000000,66689.39127900,1607039999999
1607040000000,19422.34000000,19527.00000000,18565.31000000,18650.52000000,71283.66820000,1607126399999
1607126400000,18650.51000000,19177.00000000,18500.00000000,19147.66000000,42922.74857300,1607212799999
1607212800000,19147.66000000,19420.00000000,18857.00000000,19359.40000000,37043.09186100,1607299199999
1607299200000,19358.67000000,19420.91000000,18902.88000000,19166.90000000,41372.29629300,1607385599999
1607385600000,19166.90000000,19294.84000000,18200.00000000,18324.11000000,61626.94761400,1607471999999
1607472000000,18324.11000000,18639.57000000,17650.00000000,18541.28000000,79585.55380100,1607558399999
1607558400000,18541.29000000,18557.32000000,17911.12000000,18254.63000000,52890.67509400,1607644799999
1607644800000,18254.81000000,18292.73000000,17572.33000000,18036.53000000,72610.72425900,1607731199999
1607731200000,18036.53000000,18948.66000000,18020.70000000,18808.69000000,49519.97843200,1607817599999
1607817600000,18808.69000000,19411.00000000,18711.12000000,19174.99000000,56560.82174400,1607903999999
1607904000000,19174.99000000,19349.00000000,19000.00000000,19273.14000000,47257.20129400,1607990399999
1607990400000,19273.69000000,19570.00000000,19050.00000000,19426.43000000,61834.36601100,1608076799999
1608076800000,19426.43000000,21560.00000000,19278.60000000,21335.52000000,114306.33557000,1608163199999
1608163200000,21335.52000000,23800.00000000,21230.00000000,22797.16000000,184882.47674800,1608249599999
1608249600000,22797.15000000,23285.18000000,22350.00000000,23107.39000000,79646.13431500,1608335999999
1608336000000,23107.39000000,24171.47000000,22750.00000000,23821.61000000,86045.06467700,1608422399999
1608422400000,23821.60000000,24295.00000000,23060.00000000,23455.52000000,76690.14568500,1608508799999
1608508800000,23455.54000000,24102.77000000,21815.00000000,22719.71000000,88030.29724300,1608595199999
1608595200000,22719.88000000,23837.10000000,22353.40000000,23810.79000000,87033.12616000,1608681599999
1608681600000,23810.79000000,24100.00000000,22600.00000000,23232.76000000,119047.25973300,1608767999999
1608768000000,23232.39000000,23794.43000000,22703.42000000,23729.20000000,69013.83425200,1608854399999
1608854400000,23728.99000000,24789.86000000,23433.60000000,24712.47000000,79519.94356900,1608940799999
1608940800000,24712.47000000,26867.03000000,24500.00000000,26493.39000000,97806.51338600,1609027199999
1609027200000,26493.40000000,28422.00000000,25700.00000000,26281.66000000,148455.58621400,1609113599999
1609113600000,26281.54000000,27500.00000000,26101.00000000,27079.41000000,79721.74249600,1609199999999
1609200000000,27079.42000000,27410.00000000,25880.00000000,27385.00000000,69411.59260600,1609286399999
1609286400000,27385.00000000,28996.00000000,27320.00000000,28875.54000000,95356.05782600,1609372799999
1609372800000,28875.55000000,29300.00000000,27850.00000000,28923.63000000,75508.50515200,1609459199999
1609459200000,28923.63000000,29600.00000000,28624.57000000,29331.69000000,54182.92501100,1609545599999
1609545600000,29331.70000000,33300.00000000,28946.53000000,32178.33000000,129993.87336200,1609631999999
1609632000000,32176.45000000,34778.11000000,31962.99000000,33000.05000000,120957.56675000,1609718399999
1609718400000,33000.05000000,33600.00000000,28130.00000000,31988.71000000,140899.88569000,1609804799999
1609804800000,31989.75000000,34360.00000000,29900.00000000,33949.53000000,116049.99703800,1609891199999
1609891200000,33949.53000000,36939.21000000,33288.00000000,36769.36000000,127139.20131000,1609977599999
1609977600000,36769.36000000,40365.00000000,36300.00000000,39432.28000000,132825.70043700,1610063999999
1610064000000,39432.48000000,41950.00000000,36500.00000000,40582.81000000,139789.95749900,1610150399999
1610150400000,40586.96000000,41380.00000000,38720.00000000,40088.22000000,75785.97967500,1610236799999
1610236800000,40088.22000000,41350.00000000,35111.11000000,38150.02000000,118209.54450300,1610323199999
1610323200000,38150.02000000,38264.74000000,30420.00000000,35404.47000000,251156.13828700,1610409599999
1610409600000,35410.37000000,36628.00000000,32531.00000000,34051.24000000,133948.15199600,1610495999999
1610496000000,34049.15000000,37850.00000000,32380.00000000,37371.38000000,124477.91493800,1610582399999
1610582400000,37371.38000000,40100.00000000,36701.23000000,39144.50000000,102950.38942100,1610668799999
1610668800000,39145.21000000,39747.76000000,34408.00000000,36742.22000000,118300.92091600,1610755199999
1610755200000,36737.43000000,37950.00000000,35357.80000000,35994.98000000,86348.43150800,1610841599999
1610841600000,35994.98000000,36852.50000000,33850.00000000,35828.61000000,80157.72738400,1610927999999
1610928000000,35824.99000000,37469.83000000,34800.00000000,36631.27000000,70698.11875000,1611014399999
1611014400000,36622.46000000,37850.00000000,35844.06000000,35891.49000000,79611.30776900,1611100799999
1611100800000,35901.94000000,36415.31000000,33400.00000000,35468.23000000,89368.42291800,1611187199999
1611187200000,35468.23000000,35600.00000000,30071.00000000,30850.13000000,135004.07665800,1611273599999
1611273600000,30851.99000000,33826.53000000,28850.00000000,32945.17000000,142971.68404900,1611359999999
1611360000000,32950.00000000,33456.00000000,31390.16000000,32078.00000000,64595.28767500,1611446399999
1611446400000,32078.00000000,33071.00000000,30900.00000000,32259.90000000,57978.03796600,1611532799999
1611532800000,32259.45000000,34875.00000000,31910.00000000,32254.20000000,88499.22692100,1611619199999
1611619200000,32254.19000000,32921.88000000,30837.37000000,32467.77000000,84972.20691000,1611705599999
1611705600000,32464.01000000,32557.29000000,29241.72000000,30366.15000000,95911.96171100,1611791999999
1611792000000,30362.19000000,33783.98000000,29842.10000000,33364.86000000,92621.14561700,1611878399999
1611878400000,33368.18000000,38531.90000000,31915.40000000,34252.20000000,231827.00562600,1611964799999
1611964800000,34246.28000000,34933.00000000,32825.00000000,34262.88000000,84889.68134000,1612051199999
1612051200000,34262.89000000,34342.69000000,32171.67000000,33092.98000000,68742.28038400,1612137599999
1612137600000,33092.97000000,34717.27000000,32296.16000000,33526.37000000,82718.27688200,1612223999999
1612224000000,33517.09000000,35984.33000000,33418.00000000,35466.24000000,78056.65988000,1612310399999
1612310400000,35472.71000000,37662.63000000,35362.38000000,37618.87000000,80784.33366300,1612396799999
1612396800000,37620.26000000,38708.27000000,36161.95000000,36936.66000000,92080.73589800,1612483199999
1612483200000,36936.65000000,38310.12000000,36570.00000000,38290.24000000,66681.33427500,1612569599999
1612569600000,38289.32000000,40955.51000000,38215.94000000,39186.94000000,98757.31118300,1612655999999
1612656000000,39181.01000000,39700.00000000,37351.00000000,38795.69000000,84363.67976300,1612742399999
1612742400000,38795.69000000,46794.45000000,37988.89000000,46374.87000000,138597.53691400,1612828799999
1612828800000,46374.86000000,48142.19000000,44961.09000000,46420.42000000,115499.86171200,1612915199999
1612915200000,46420.42000000,47310.00000000,43727.00000000,44807.58000000,97154.18220000,1613001599999
1613001600000,44807.58000000,48678.90000000,43994.02000000,47969.51000000,89561.08145400,1613087999999
1613088000000,47968.66000000,48985.80000000,46125.00000000,47287.60000000,85870.03569700,1613174399999
1613174400000,47298.15000000,48150.00000000,46202.53000000,47153.69000000,63768.09739900,1613260799999
1613260800000,47156.78000000,49707.43000000,47014.17000000,48577.79000000,73735.47553300,1613347199999
1613347200000,48580.47000000,49010.92000000,45570.79000000,47911.10000000,79398.15678400,1613433599999
1613433600000,47911.10000000,50689.18000000,47003.62000000,49133.45000000,88813.26629800,1613519999999
1613520000000,49133.45000000,52618.74000000,48947.00000000,52119.71000000,85743.63781800,1613606399999
1613606400000,52117.67000000,52530.00000000,50901.90000000,51552.60000000,60758.04695400,1613692799999
1613692800000,51552.61000000,56368.00000000,50710.20000000,55906.00000000,79659.77802000,1613779199999
1613779200000,55906.00000000,57700.46000000,53863.93000000,55841.19000000,80948.20531400,1613865599999
1613865600000,55841.19000000,58352.80000000,55477.59000000,57408.57000000,58166.70851100,1613951999999
1613952000000,57412.35000000,57508.47000000,47622.00000000,54087.67000000,134019.43494400,1614038399999
1614038400000,54087.67000000,54183.59000000,44892.56000000,48891.00000000,169375.02505100,1614124799999
1614124800000,48891.00000000,51374.99000000,46988.69000000,49676.20000000,91881.20925200,1614211199999
1614211200000,49676.21000000,52041.73000000,46674.34000000,47073.73000000,83310.67312100,1614297599999
1614297600000,47073.73000000,48424.11000000,44106.78000000,46276.87000000,109423.20066300,1614383999999
1614384000000,46276.88000000,48394.00000000,45000.00000000,46106.43000000,66060.83429200,1614470399999
1614470400000,46103.67000000,46638.46000000,43000.00000000,45135.66000000,83055.36904200,1614556799999
1614556800000,45134.11000000,49790.00000000,44950.53000000,49587.03000000,85086.11164800,1614643199999
1614643200000,49595.76000000,50200.00000000,47047.60000000,48440.65000000,64221.06214000,1614729599999
1614729600000,48436.61000000,52640.00000000,48100.71000000,50349.37000000,81035.91370500,1614815999999
1614816000000,50349.37000000,51773.88000000,47500.00000000,48374.09000000,82649.71682900,1614902399999
1614902400000,48374.09000000,49448.93000000,46300.00000000,48751.71000000,78192.49637200,1614988799999
1614988800000,48746.81000000,49200.00000000,47070.00000000,48882.20000000,44399.23424200,1615075199999
1615075200000,48882.20000000,51450.03000000,48882.20000000,50971.75000000,55235.02803200,1615161599999
1615161600000,50959.11000000,52402.78000000,49274.67000000,52375.17000000,66987.35966400,1615247999999
1615248000000,52375.18000000,54895.00000000,51789.41000000,54884.50000000,71656.73707600,1615334399999
1615334400000,54874.67000000,57387.69000000,53005.00000000,55851.59000000,84749.23894300,1615420799999
1615420800000,55851.59000000,58150.00000000,54272.82000000,57773.16000000,81914.81285900,1615507199999
1615507200000,57773.15000000,58081.51000000,54962.84000000,57221.72000000,73405.40604700,1615593599999
1615593600000,57221.72000000,61844.00000000,56078.23000000,61188.39000000,83245.09134600,1615679999999
1615680000000,61188.38000000,61724.79000000,58966.78000000,58968.31000000,52601.05275000,1615766399999
1615766400000,58976.08000000,60633.43000000,54600.00000000,55605.20000000,102771.42729800,1615852799999
1615852800000,55605.20000000,56938.29000000,53271.34000000,56900.75000000,77986.69435500,1615939199999
1615939200000,56900.74000000,58974.73000000,54123.69000000,58912.97000000,70421.62084100,1616025599999
1616025600000,58912.97000000,60129.97000000,57023.00000000,57648.16000000,66580.40667500,1616111999999
1616112000000,57641.00000000,59468.00000000,56270.74000000,58030.01000000,52392.65296100,1616198399999
1616198400000,58030.01000000,59880.00000000,57820.17000000,58102.28000000,44476.94177600,1616284799999
1616284800000,58100.02000000,58589.10000000,55450.11000000,57351.56000000,48564.47027400,1616371199999
1616371200000,57351.56000000,58430.73000000,53650.00000000,54083.25000000,62581.62616900,1616457599999
1616457600000,54083.25000000,55830.90000000,53000.00000000,54340.89000000,59789.36542700,1616543999999
1616544000000,54342.80000000,57200.00000000,51700.00000000,52303.65000000,83537.46502100,1616630399999
1616630400000,52303.66000000,53287.00000000,50427.56000000,51293.78000000,87400.53453800,1616716799999
1616716800000,51293.78000000,55073.46000000,51214.60000000,55025.59000000,63813.77469200,1616803199999
1616803200000,55025.59000000,56700.36000000,53950.00000000,55817.14000000,50105.47505500,1616889599999
1616889600000,55817.14000000,56559.75000000,54691.84000000,55777.63000000,39050.38751100,1616975999999
1616976000000,55777.65000000,58405.82000000,54800.01000000,57635.47000000,67857.93739800,1617062399999
1617062400000,57635.46000000,59368.00000000,57071.35000000,58746.57000000,55122.44312200,1617148799999
1617148800000,58746.57000000,59800.00000000,56769.00000000,58740.55000000,60975.54266600,1617235199999
1617235200000,58739.46000000,59490.00000000,57935.45000000,58720.44000000,47415.61722000,1617321599999
1617321600000,58720.45000000,60200.00000000,58428.57000000,58950.01000000,47382.41878100,1617407999999
1617408000000,58950.01000000,59791.72000000,56880.00000000,57051.94000000,47409.85211300,1617494399999
1617494400000,57051.95000000,58492.85000000,56388.00000000,58202.01000000,41314.08197300,1617580799999
1617580800000,58202.01000000,59272.00000000,56777.77000000,59129.99000000,54258.01579000,1617667199999
1617667200000,59129.99000000,59495.24000000,57413.02000000,57991.15000000,54201.00072700,1617753599999
1617753600000,57990.03000000,58655.00000000,55473.00000000,55953.45000000,71228.40565900,1617839999999
1617840000000,55953.44000000,58153.31000000,55700.00000000,58077.52000000,44283.14701900,1617926399999
1617926400000,58077.52000000,58894.90000000,57654.00000000,58142.54000000,40831.88491100,1618012799999
1618012800000,58142.55000000,61500.00000000,57900.01000000,59769.13000000,69906.42411700,1618099199999
1618099200000,59769.13000000,60699.00000000,59232.52000000,60002.43000000,41156.71539100,1618185599999
1618185600000,59998.80000000,61300.00000000,59350.59000000,59860.00000000,56375.03711700,1618271999999
1618272000000,59860.01000000,63777.77000000,59805.15000000,63575.00000000,82848.68874600,1618358399999
1618358400000,63575.01000000,64854.00000000,61301.00000000,62959.53000000,82616.34399300,1618444799999
1618444800000,62959.53000000,63800.00000000,62020.00000000,63159.98000000,51649.70034000,1618531199999
1618531200000,63158.74000000,63520.61000000,60000.00000000,61334.80000000,91764.13988400,1618617599999
1618617600000,61334.81000000,62506.05000000,59580.91000000,60006.66000000,58912.25612800,1618703999999
1618704000000,60006.67000000,60499.00000000,50931.30000000,56150.01000000,124882.13182400,1618790399999
1618790400000,56150.01000000,57526.81000000,54221.58000000,55633.14000000,78229.04226700,1618876799999
1618876800000,55633.14000000,57076.24000000,53329.96000000,56425.00000000,72744.48215100,1618963199999
1618963200000,56425.00000000,56757.91000000,53536.02000000,53787.63000000,66984.75690900,1619049599999
1619049600000,53787.62000000,55521.48000000,50500.00000000,51690.96000000,104656.63133700,1619135999999
1619136000000,51690.95000000,52131.85000000,47500.00000000,51125.14000000,132230.78071900,1619222399999
1619222400000,51110.56000000,51166.22000000,48657.14000000,50047.84000000,55361.51257300,1619308799999
1619308800000,50047.84000000,50567.91000000,46930.00000000,49066.77000000,58255.64500400,1619395199999
1619395200000,49066.76000000,54356.62000000,48753.44000000,54001.39000000,86310.80212400,1619481599999
1619481600000,54001.38000000,55460.00000000,53222.00000000,55011.97000000,54064.03467500,1619567999999
1619568000000,55011.97000000,56428.00000000,53813.16000000,54846.22000000,55130.45901500,1619654399999
1619654400000,54846.23000000,55195.84000000,52330.94000000,53555.00000000,52486.01945500,1619740799999
1619740800000,53555.00000000,57963.00000000,53013.01000000,57694.27000000,68578.91004500,1619827199999
1619827200000,57697.25000000,58458.07000000,56956.14000000,57800.37000000,42600.35183600,1619913599999
1619913600000,57797.35000000,57911.02000000,56035.25000000,56578.21000000,36812.87886300,1619999999999
1620000000000,56578.21000000,58981.44000000,56435.00000000,57169.39000000,57649.93128600,1620086399999
1620086400000,57169.39000000,57200.00000000,53046.69000000,53200.01000000,85324.62590300,1620172799999
1620172800000,53205.05000000,58069.82000000,52900.00000000,57436.11000000,77263.92343900,1620259199999
1620259200000,57436.11000000,58360.00000000,55200.00000000,56393.68000000,70181.67190800,1620345599999
1620345600000,56393.68000000,58650.00000000,55241.63000000,57314.75000000,74542.74782900,1620431999999
1620432000000,57315.49000000,59500.00000000,56900.00000000,58862.05000000,69709.90602800,1620518399999
1620518400000,58866.53000000,59300.00000000,56235.66000000,58240.84000000,69806.11991000,1620604799999
1620604800000,58240.83000000,59500.00000000,53400.00000000,55816.14000000,89586.34925000,1620691199999
1620691200000,55816.14000000,56862.43000000,54370.00000000,56670.02000000,64329.54055000,1620777599999
1620777600000,56670.02000000,58000.01000000,48600.00000000,49631.32000000,99842.78983600,1620863999999
1620864000000,49537.15000000,51367.19000000,46000.00000000,49670.97000000,147332.00212100,1620950399999
1620950400000,49671.92000000,51483.00000000,48799.75000000,49841.45000000,80082.20430600,1621036799999
1621036800000,49844.16000000,50700.00000000,46555.00000000,46762.99000000,89437.44935900,1621123199999
1621123200000,46762.99000000,49795.89000000,43825.39000000,46431.50000000,114269.81277500,1621209599999
1621209600000,46426.83000000,46686.00000000,42001.00000000,43538.04000000,166657.17273600,1621295999999
1621296000000,43538.02000000,45799.29000000,42250.02000000,42849.78000000,116979.86078400,1621382399999
1621382400000,42849.78000000,43584.90000000,30000.00000000,36690.09000000,354347.24316100,1621468799999
1621468800000,36671.23000000,42451.67000000,34850.00000000,40526.64000000,203017.59692300,1621555199999
1621555200000,40525.39000000,42200.00000000,33488.00000000,37252.01000000,202100.88825800,1621641599999
1621641600000,37263.35000000,38829.00000000,35200.62000000,37449.73000000,126542.24368900,1621727999999
1621728000000,37458.51000000,38270.64000000,31111.01000000,34655.25000000,217136.04659300,1621814399999
1621814400000,34681.44000000,39920.00000000,34031.00000000,38796.29000000,161630.89397100,1621900799999
1621900800000,38810.99000000,39791.77000000,36419.62000000,38324.72000000,111996.22840400,1621987199999
1621987200000,38324.72000000,40841.00000000,37800.44000000,39241.91000000,104780.77339600,1622073599999
1622073600000,39241.92000000,40411.14000000,37134.27000000,38529.98000000,86547.15879400,1622159999999
1622160000000,38529.99000000,38877.83000000,34684.00000000,35663.49000000,135377.62972000,1622246399999
1622246400000,35661.79000000,37338.58000000,33632.76000000,34605.15000000,112663.09268900,1622332799999
1622332800000,34605.15000000,36488.00000000,33379.00000000,35641.27000000,73535.38696700,1622419199999
1622419200000,35641.26000000,37499.00000000,34153.84000000,37253.81000000,94160.73528900,1622505599999
1622505600000,37253.82000000,37894.81000000,35666.00000000,36693.09000000,81234.66377000,1622591999999
1622592000000,36694.85000000,38225.00000000,35920.00000000,37568.68000000,67587.37249500,1622678399999
1622678400000,37568.68000000,39476.00000000,37170.00000000,39246.79000000,75889.10601100,1622764799999
1622764800000,39246.78000000,39289.07000000,35555.15000000,36829.00000000,91317.79924500,1622851199999
1622851200000,36829.15000000,37925.00000000,34800.00000000,35513.20000000,70459.62149000,1622937599999
1622937600000,35516.07000000,36480.00000000,35222.00000000,35796.31000000,47650.20663700,1623023999999
1623024000000,35796.31000000,36900.00000000,33300.00000000,33552.79000000,77574.95257300,1623110399999
1623110400000,33556.96000000,34068.01000000,31000.00000000,33380.81000000,123251.18903700,1623196799999
1623196800000,33380.80000000,37534.79000000,32396.82000000,37388.05000000,136607.59751700,1623283199999
1623283200000,37388.05000000,38491.00000000,35782.00000000,36675.72000000,109527.28494300,1623369599999
1623369600000,36677.83000000,37680.40000000,35936.77000000,37331.98000000,78466.00530000,1623455999999
1623456000000,37331.98000000,37463.63000000,34600.36000000,35546.11000000,87717.54999000,1623542399999
1623542400000,35546.12000000,39380.00000000,34757.00000000,39020.57000000,86921.02555500,1623628799999
1623628800000,39020.56000000,41064.05000000,38730.00000000,40516.29000000,108522.39194900,1623715199999
1623715200000,40516.28000000,41330.00000000,39506.40000000,40144.04000000,80679.62283800,1623801599999
1623801600000,40143.80000000,40527.14000000,38116.01000000,38349.01000000,87771.97693700,1623887999999
1623888000000,38349.00000000,39559.88000000,37365.00000000,38092.97000000,79541.30711900,1623974399999
1623974400000,38092.97000000,38202.84000000,35129.29000000,35819.84000000,95228.04293500,1624060799999
1624060800000,35820.48000000,36457.00000000,34803.52000000,35483.72000000,68712.44946100,1624147199999
1624147200000,35483.72000000,36137.72000000,33336.00000000,35600.16000000,89878.17085000,1624233599999
1624233600000,35600.17000000,35750.00000000,31251.23000000,31608.93000000,168778.87315900,1624319999999
1624320000000,31614.12000000,33298.78000000,28805.00000000,32509.56000000,204208.17976200,1624406399999
1624406400000,32509.56000000,34881.00000000,31683.00000000,33678.07000000,126966.10056300,1624492799999
1624492800000,33675.07000000,35298.00000000,32286.57000000,34663.09000000,86625.80426000,1624579199999
1624579200000,34663.08000000,35500.00000000,31275.00000000,31584.45000000,116061.13035600,1624665599999
1624665600000,31576.09000000,32730.00000000,30151.00000000,32283.65000000,107820.37528700,1624751999999
1624752000000,32283.65000000,34749.00000000,31973.45000000,34700.34000000,96613.24421100,1624838399999
1624838400000,34702.49000000,35297.71000000,33862.72000000,34494.89000000,82222.26781900,1624924799999
1624924800000,34494.89000000,36600.00000000,34225.43000000,35911.73000000,90788.79622000,1625011199999
1625011200000,35911.72000000,36100.00000000,34017.55000000,35045.00000000,77152.19763400,1625097599999
1625097600000,35045.00000000,35057.57000000,32711.00000000,33504.69000000,71708.26611200,1625183999999
1625184000000,33502.33000000,33977.04000000,32699.00000000,33786.55000000,56172.18137800,1625270399999
1625270400000,33786.54000000,34945.61000000,33316.73000000,34669.13000000,43044.57864100,1625356799999
1625356800000,34669.12000000,35967.85000000,34357.15000000,35286.51000000,43703.47578900,1625443199999
1625443200000,35288.13000000,35293.78000000,33125.55000000,33690.14000000,64123.87424500,1625529599999
1625529600000,33690.15000000,35118.88000000,33532.00000000,34220.01000000,58210.59634900,1625615999999
1625616000000,34220.02000000,35059.09000000,33777.77000000,33862.12000000,53807.52167500,1625702399999
1625702400000,33862.11000000,33929.64000000,32077.00000000,32875.71000000,70136.48032000,1625788799999
1625788800000,32875.71000000,34100.00000000,32261.07000000,33815.81000000,47153.93989900,1625875199999
1625875200000,33815.81000000,34262.00000000,33004.78000000,33502.87000000,34761.17546800,1625961599999
1625961600000,33502.87000000,34666.00000000,33306.47000000,34258.99000000,31572.64744800,1626047999999
1626048000000,34259.00000000,34678.43000000,32658.34000000,33086.63000000,48181.40376200,1626134399999
1626134400000,33086.94000000,33340.00000000,32202.25000000,32729.77000000,41126.36100800,1626220799999
1626220800000,32729.12000000,33114.03000000,31550.00000000,32820.02000000,46777.82348400,1626307199999
1626307200000,32820.03000000,33185.25000000,31133.00000000,31880.00000000,51639.57635300,1626393599999
1626393600000,31874.49000000,32249.18000000,31020.00000000,31383.87000000,48499.86415400,1626479999999
1626480000000,31383.86000000,31955.92000000,31164.31000000,31520.07000000,34012.24213200,1626566399999
1626566400000,31520.07000000,32435.00000000,31108.97000000,31778.56000000,35923.71618600,1626652799999
1626652800000,31778.57000000,31899.00000000,30407.44000000,30839.65000000,47340.46849900,1626739199999
1626739200000,30839.65000000,31063.07000000,29278.00000000,29790.35000000,61034.04901700,1626825599999
1626825600000,29790.34000000,32858.00000000,29482.61000000,32144.51000000,82796.26512800,1626911999999
1626912000000,32144.51000000,32591.35000000,31708.00000000,32287.83000000,46148.09243300,1626998399999
1626998400000,32287.58000000,33650.00000000,31924.32000000,33634.09000000,50112.86362600,1627084799999
1627084800000,33634.10000000,34500.00000000,33401.14000000,34258.14000000,47977.55013800,1627171199999
1627171200000,34261.51000000,35398.00000000,33851.12000000,35381.02000000,47852.92831300,1627257599999
1627257600000,35381.02000000,40550.00000000,35205.78000000,37237.60000000,152452.51272400,1627343999999
1627344000000,37241.33000000,39542.61000000,36383.00000000,39457.87000000,88397.26701500,1627430399999
1627430400000,39456.61000000,40900.00000000,38772.00000000,40019.56000000,101344.52844100,1627516799999
1627516800000,40019.57000000,40640.00000000,39200.00000000,40016.48000000,53998.43928300,1627603199999
1627603200000,40018.49000000,42316.71000000,38313.23000000,42206.37000000,73602.78480500,1627689599999
1627689600000,42206.36000000,42448.00000000,41000.15000000,41461.83000000,44849.79101200,1627775999999
1627776000000,41461.84000000,42599.00000000,39422.01000000,39845.44000000,53953.18632600,1627862399999
1627862400000,39850.27000000,40480.01000000,38690.00000000,39147.82000000,50837.35195400,1627948799999
1627948800000,39146.86000000,39780.00000000,37642.03000000,38207.05000000,57117.43585300,1628035199999
1628035200000,38207.04000000,39969.66000000,37508.56000000,39723.18000000,52329.35243000,1628121599999
1628121600000,39723.17000000,41350.00000000,37332.70000000,40862.46000000,84343.75562100,1628207999999
1628208000000,40862.46000000,43392.43000000,39853.86000000,42836.87000000,75753.94134700,1628294399999
1628294400000,42836.87000000,44700.00000000,42446.41000000,44572.54000000,73396.74080800,1628380799999
1628380800000,44572.54000000,45310.00000000,43261.00000000,43794.37000000,69329.09269800,1628467199999
1628467200000,43794.36000000,46454.15000000,42779.00000000,46253.40000000,74587.88484500,1628553599999
1628553600000,46248.87000000,46700.00000000,44589.46000000,45584.99000000,53814.64342100,1628639999999
1628640000000,45585.00000000,46743.47000000,45341.14000000,45511.00000000,52734.90197700,1628726399999
1628726400000,45510.67000000,46218.12000000,43770.00000000,44399.00000000,55266.10878100,1628812799999
1628812800000,44400.06000000,47886.00000000,44217.39000000,47800.00000000,48239.37043100,1628899199999
1628899200000,47799.99000000,48144.00000000,45971.03000000,47068.51000000,46114.35902200,1628985599999
1628985600000,47068.50000000,47372.27000000,45500.00000000,46973.82000000,42110.71133400,1629071999999
1629072000000,46973.82000000,48053.83000000,45660.00000000,45901.29000000,52480.57401400,1629158399999
1629158400000,45901.30000000,47160.00000000,44376.00000000,44695.95000000,57039.34162900,1629244799999
1629244800000,44695.95000000,46000.00000000,44203.28000000,44705.29000000,54099.41598500,1629331199999
1629331200000,44699.37000000,47033.00000000,43927.70000000,46760.62000000,53411.75392000,1629417599999
1629417600000,46760.62000000,49382.99000000,46622.99000000,49322.47000000,56850.35222800,1629503999999
1629504000000,49322.47000000,49757.04000000,48222.00000000,48821.87000000,46745.13658400,1629590399999
1629590400000,48821.88000000,49500.00000000,48050.00000000,49239.22000000,37007.88779500,1629676799999
1629676800000,49239.22000000,50500.00000000,49029.00000000,49488.85000000,52462.54195400,1629763199999
1629763200000,49488.85000000,49860.00000000,47600.00000000,47674.01000000,51014.59474800,1629849599999
1629849600000,47674.01000000,49264.30000000,47126.28000000,48973.32000000,44655.83034200,1629935999999
1629936000000,48973.32000000,49352.84000000,46250.00000000,46843.87000000,49371.27777400,1630022399999
1630022400000,46843.86000000,49149.93000000,46348.00000000,49069.90000000,42068.10496500,1630108799999
1630108800000,49069.90000000,49299.00000000,48346.88000000,48895.35000000,26681.06378600,1630195199999
1630195200000,48895.35000000,49632.27000000,47762.54000000,48767.83000000,32652.28347300,1630281599999
1630281600000,48767.84000000,48888.61000000,46853.00000000,46982.91000000,40288.35083000,1630367999999
1630368000000,46982.91000000,48246.11000000,46700.00000000,47100.89000000,48645.52737000,1630454399999
1630454400000,47100.89000000,49156.00000000,46512.00000000,48810.52000000,49904.65528000,1630540799999
1630540800000,48810.51000000,50450.13000000,48584.06000000,49246.64000000,54410.77053800,1630627199999
1630627200000,49246.63000000,51000.00000000,48316.84000000,49999.14000000,59025.64415700,1630713599999
1630713600000,49998.00000000,50535.69000000,49370.00000000,49915.64000000,34664.65959000,1630799999999
1630800000000,49917.54000000,51900.00000000,49450.00000000,51756.88000000,40544.83587300,1630886399999
1630886400000,51756.88000000,52780.00000000,50969.33000000,52663.90000000,49249.66708100,1630972799999
1630972800000,52666.20000000,52920.00000000,42843.05000000,46863.73000000,123048.80271900,1631059199999
1631059200000,46868.57000000,47340.99000000,44412.02000000,46048.31000000,65069.31520000,1631145599999
1631145600000,46048.31000000,47399.97000000,45513.08000000,46395.14000000,50651.66002000,1631231999999
1631232000000,46395.14000000,47033.00000000,44132.29000000,44850.91000000,49048.26618000,1631318399999
1631318400000,44842.20000000,45987.93000000,44722.22000000,45173.69000000,30440.40810000,1631404799999
1631404800000,45173.68000000,46460.00000000,44742.06000000,46025.24000000,32094.28052000,1631491199999
1631491200000,46025.23000000,46880.00000000,43370.00000000,44940.73000000,65429.15056000,1631577599999
1631577600000,44940.72000000,47250.00000000,44594.44000000,47111.52000000,44855.85099000,1631663999999
1631664000000,47103.28000000,48500.00000000,46682.32000000,48121.41000000,43204.71174000,1631750399999
1631750400000,48121.40000000,48557.00000000,47021.10000000,47737.82000000,40725.08895000,1631836799999
1631836800000,47737.81000000,48150.00000000,46699.56000000,47299.98000000,34461.92776000,1631923199999
1631923200000,47299.98000000,48843.20000000,47035.56000000,48292.74000000,30906.47038000,1632009599999
1632009600000,48292.75000000,48372.83000000,46829.18000000,47241.75000000,29847.24349000,1632095999999
1632096000000,47241.75000000,47347.25000000,42500.00000000,43015.62000000,78003.52444300,1632182399999
1632182400000,43016.64000000,43639.00000000,39600.00000000,40734.38000000,84534.08048500,1632268799999
1632268800000,40734.09000000,44000.55000000,40565.39000000,43543.61000000,58349.05542000,1632355199999
1632355200000,43546.37000000,44978.00000000,43069.09000000,44865.26000000,48699.57655000,1632441599999
1632441600000,44865.26000000,45200.00000000,40675.00000000,42810.57000000,84113.42629200,1632527999999
1632528000000,42810.58000000,42966.84000000,41646.28000000,42670.64000000,33594.57189000,1632614399999
1632614400000,42670.63000000,43950.00000000,40750.00000000,43160.90000000,49879.99765000,1632700799999
1632700800000,43160.90000000,44350.00000000,42098.00000000,42147.35000000,39776.84383000,1632787199999
1632787200000,42147.35000000,42787.38000000,40888.00000000,41026.54000000,43372.26240000,1632873599999
1632873600000,41025.01000000,42590.00000000,40753.88000000,41524.28000000,33511.53487000,1632959999999
1632960000000,41524.29000000,44141.37000000,41410.17000000,43824.10000000,46381.22781000,1633046399999
1633046400000,43820.01000000,48495.00000000,43283.03000000,48141.61000000,66244.87492000,1633132799999
1633132800000,48141.60000000,48336.59000000,47430.18000000,47634.90000000,30508.98131000,1633219199999
1633219200000,47634.89000000,49228.08000000,47088.00000000,48200.01000000,30825.05601000,1633305599999
1633305600000,48200.01000000,49536.12000000,46891.00000000,49224.94000000,46796.49372000,1633391999999
1633392000000,49224.93000000,51886.30000000,49022.40000000,51471.99000000,52125.66793000,1633478399999
1633478400000,51471.99000000,55750.00000000,50382.41000000,55315.00000000,79877.54518100,1633564799999
1633564800000,55315.00000000,55332.31000000,53357.00000000,53785.22000000,54917.37766000,1633651199999
1633651200000,53785.22000000,56100.00000000,53617.61000000,53951.43000000,46160.25785000,1633737599999
1633737600000,53955.67000000,55489.00000000,53661.67000000,54949.72000000,55177.08013000,1633823999999
1633824000000,54949.72000000,56561.31000000,54080.00000000,54659.00000000,89237.83612800,1633910399999
1633910400000,54659.01000000,57839.04000000,54415.06000000,57471.35000000,52933.16575100,1633996799999
1633996800000,57471.35000000,57680.00000000,53879.00000000,55996.93000000,53471.28550000,1634083199999
1634083200000,55996.91000000,57777.00000000,54167.19000000,57367.00000000,55808.44492000,1634169599999
1634169600000,57370.83000000,58532.54000000,56818.05000000,57347.94000000,43053.33678100,1634255999999
1634256000000,57347.94000000,62933.00000000,56850.00000000,61672.42000000,82512.90802200,1634342399999
1634342400000,61672.42000000,62378.42000000,60150.00000000,60875.57000000,35467.88096000,1634428799999
1634428800000,60875.57000000,61718.39000000,58963.00000000,61528.33000000,39099.24124000,1634515199999
1634515200000,61528.32000000,62695.78000000,59844.45000000,62009.84000000,51798.44844000,1634601599999
1634601600000,62005.60000000,64486.00000000,61322.22000000,64280.59000000,53628.10774400,1634687999999
1634688000000,64280.59000000,67000.00000000,63481.40000000,66001.41000000,51428.93485600,1634774399999
1634774400000,66001.40000000,66639.74000000,62000.00000000,62193.15000000,68538.64537000,1634860799999
1634860800000,62193.15000000,63732.39000000,60000.00000000,60688.22000000,52119.35886000,1634947199999
1634947200000,60688.23000000,61747.64000000,59562.15000000,61286.75000000,27626.93678000,1635033599999
1635033600000,61286.75000000,61500.00000000,59510.63000000,60852.22000000,31226.57676000,1635119999999
1635120000000,60852.22000000,63710.63000000,60650.00000000,63078.78000000,36853.83806000,1635206399999
1635206400000,63078.78000000,63293.48000000,59817.55000000,60328.81000000,40217.50083000,1635292799999
1635292800000,60328.81000000,61496.00000000,58000.00000000,58413.44000000,62124.49016000,1635379199999
1635379200000,58413.44000000,62499.00000000,57820.00000000,60575.89000000,61056.35301000,1635465599999
1635465600000,60575.90000000,62980.00000000,60174.81000000,62253.71000000,43973.90414000,1635551999999
1635552000000,62253.70000000,62359.25000000,60673.00000000,61859.19000000,31478.12566000,1635638399999
1635638400000,61859.19000000,62405.30000000,59945.36000000,61299.80000000,39267.63794000,1635724799999
1635724800000,61299.81000000,62437.74000000,59405.00000000,60911.11000000,44687.66672000,1635811199999
1635811200000,60911.12000000,64270.00000000,60624.68000000,63219.99000000,46368.28410000,1635897599999
1635897600000,63220.57000000,63500.00000000,60382.76000000,62896.48000000,43336.09049000,1635983999999
1635984000000,62896.49000000,63086.31000000,60677.01000000,61395.01000000,35930.93314000,1636070399999
1636070400000,61395.01000000,62595.72000000,60721.00000000,60937.12000000,31604.48749000,1636156799999
1636156800000,60940.18000000,61560.49000000,60050.00000000,61470.61000000,25590.57408000,1636243199999
1636243200000,61470.62000000,63286.35000000,61322.78000000,63273.59000000,25515.68830000,1636329599999
1636329600000,63273.58000000,67789.00000000,63273.58000000,67525.83000000,54442.09455400,1636415999999
1636416000000,67525.82000000,68524.25000000,66222.40000000,66947.66000000,44661.37806800,1636502399999
1636502400000,66947.67000000,69000.00000000,62822.90000000,64882.43000000,65171.50404600,1636588799999
1636588800000,64882.42000000,65600.07000000,64100.00000000,64774.26000000,37237.98058000,1636675199999
1636675200000,64774.25000000,65450.70000000,62278.00000000,64122.23000000,44490.10816000,1636761599999
1636761600000,64122.22000000,65000.00000000,63360.22000000,64380.00000000,22504.97383000,1636847999999
1636848000000,64380.01000000,65550.51000000,63576.27000000,65519.10000000,25705.07347000,1636934399999
1636934400000,65519.11000000,66401.82000000,63400.00000000,63606.74000000,37829.37124000,1637020799999
1637020800000,63606.73000000,63617.31000000,58574.07000000,60058.87000000,77455.15609000,1637107199999
1637107200000,60058.87000000,60840.23000000,58373.00000000,60344.87000000,46289.38491000,1637193599999
1637193600000,60344.86000000,60976.00000000,56474.26000000,56891.62000000,62146.99931000,1637279999999
1637280000000,56891.62000000,58320.00000000,55600.00000000,58052.24000000,50715.88726000,1637366399999
1637366400000,58057.10000000,59845.00000000,57353.00000000,59707.51000000,33811.59010000,1637452799999
1637452800000,59707.52000000,60029.76000000,58486.65000000,58622.02000000,31902.22785000,1637539199999
1637539200000,58617.70000000,59444.00000000,55610.00000000,56247.18000000,51724.32047000,1637625599999
1637625600000,56243.83000000,58009.99000000,55317.00000000,57541.27000000,49917.85017000,1637711999999
1637712000000,57541.26000000,57735.00000000,55837.00000000,57138.29000000,39612.04964000,1637798399999
1637798400000,57138.29000000,59398.90000000,57000.00000000,58960.36000000,42153.51522000,1637884799999
1637884800000,58960.37000000,59150.00000000,53500.00000000,53726.53000000,65927.87066000,1637971199999
1637971200000,53723.72000000,55280.00000000,53610.00000000,54721.03000000,29716.99957000,1638057599999
1638057600000,54716.47000000,57445.05000000,53256.64000000,57274.88000000,36163.71370000,1638143999999
1638144000000,57274.89000000,58865.97000000,56666.67000000,57776.25000000,40125.28009000,1638230399999
1638230400000,57776.25000000,59176.99000000,55875.55000000,56950.56000000,49161.05194000,1638316799999
1638316800000,56950.56000000,59053.55000000,56458.01000000,57184.07000000,44956.63656000,1638403199999
1638403200000,57184.07000000,57375.47000000,55777.77000000,56480.34000000,37574.05976000,1638489599999
1638489600000,56484.26000000,57600.00000000,51680.00000000,53601.05000000,58927.69027000,1638575999999
1638576000000,53601.05000000,53859.10000000,42000.30000000,49152.47000000,114203.37374800,1638662399999
1638662400000,49152.46000000,49699.05000000,47727.21000000,49396.33000000,45580.82012000,1638748799999
1638748800000,49396.32000000,50891.11000000,47100.00000000,50441.92000000,58571.21575000,1638835199999
1638835200000,50441.91000000,51936.33000000,50039.74000000,50588.95000000,38253.46877000,1638921599999
1638921600000,50588.95000000,51200.00000000,48600.00000000,50471.19000000,38425.92466000,1639007999999
1639008000000,50471.19000000,50797.76000000,47320.00000000,47545.59000000,37692.68665000,1639094399999
1639094400000,47535.90000000,50125.00000000,46852.00000000,47140.54000000,44233.57391000,1639180799999
1639180800000,47140.54000000,49485.71000000,46751.00000000,49389.99000000,28889.19358000,1639267199999
1639267200000,49389.99000000,50777.00000000,48638.00000000,50053.90000000,26017.93421000,1639353599999
1639353600000,50053.90000000,50189.97000000,45672.75000000,46702.75000000,50869.52093000,1639439999999
1639440000000,46702.76000000,48700.41000000,46290.00000000,48343.28000000,39955.98445000,1639526399999
1639526400000,48336.95000000,49500.00000000,46547.00000000,48864.98000000,51629.18100000,1639612799999
1639612800000,48864.98000000,49436.43000000,47511.00000000,47632.38000000,31949.86739000,1639699199999
1639699200000,47632.38000000,47995.96000000,45456.00000000,46131.20000000,43104.48870000,1639785599999
1639785600000,46133.83000000,47392.37000000,45500.00000000,46834.48000000,25020.05271000,1639871999999
1639872000000,46834.47000000,48300.01000000,46406.91000000,46681.23000000,29305.70665000,1639958399999
1639958400000,46681.24000000,47537.57000000,45558.85000000,46914.16000000,35848.50609000,1640044799999
1640044800000,46914.17000000,49328.96000000,46630.00000000,48889.88000000,37713.92924000,1640131199999
1640131200000,48887.59000000,49576.13000000,48421.87000000,48588.16000000,27004.20220000,1640217599999
1640217600000,48588.17000000,51375.00000000,47920.42000000,50838.81000000,35192.54046000,1640303999999
1640304000000,50838.82000000,51810.00000000,50384.43000000,50820.00000000,31684.84269000,1640390399999
1640390400000,50819.99000000,51156.23000000,50142.32000000,50399.66000000,19135.51613000,1640476799999
1640476800000,50399.67000000,51280.00000000,49412.00000000,50775.49000000,22569.88914000,1640563199999
1640563200000,50775.48000000,52088.00000000,50449.00000000,50701.44000000,28792.21566000,1640649599999
1640649600000,50701.44000000,50704.05000000,47313.01000000,47543.74000000,45853.33924000,1640735999999
1640736000000,47543.74000000,48139.08000000,46096.99000000,46464.66000000,39498.87000000,1640822399999
1640822400000,46464.66000000,47900.00000000,45900.00000000,47120.87000000,30352.29569000,1640908799999
1640908800000,47120.88000000,48548.26000000,45678.00000000,46216.93000000,34937.99796000,1640995199999
1640995200000,46216.93000000,47954.63000000,46208.37000000,47722.65000000,19604.46325000,1641081599999
1641081600000,47722.66000000,47990.00000000,46654.00000000,47286.18000000,18340.46040000,1641167999999
1641168000000,47286.18000000,47570.00000000,45696.00000000,46446.10000000,27662.07710000,1641254399999
1641254400000,46446.10000000,47557.54000000,45500.00000000,45832.01000000,35491.41360000,1641340799999
1641340800000,45832.01000000,47070.00000000,42500.00000000,43451.13000000,51784.11857000,1641427199999
1641427200000,43451.14000000,43816.00000000,42430.58000000,43082.31000000,38880.37305000,1641513599999
1641513600000,43082.30000000,43145.83000000,40610.00000000,41566.48000000,54836.50818000,1641599999999
1641600000000,41566.48000000,42300.00000000,40501.00000000,41679.74000000,32952.73111000,1641686399999
1641686400000,41679.74000000,42786.70000000,41200.02000000,41864.62000000,22724.39426000,1641772799999
1641772800000,41864.62000000,42248.50000000,39650.00000000,41822.49000000,50729.17019000,1641859199999
1641859200000,41822.49000000,43100.00000000,41268.93000000,42729.29000000,37296.43729000,1641945599999
1641945600000,42729.29000000,44322.00000000,42450.00000000,43902.66000000,33943.29280000,1642031999999
1642032000000,43902.65000000,44500.00000000,42311.22000000,42560.11000000,34910.87762000,1642118399999
1642118400000,42558.35000000,43448.78000000,41725.95000000,43059.96000000,32640.88292000,1642204799999
1642204800000,43059.96000000,43800.00000000,42555.00000000,43084.29000000,21936.05616000,1642291199999
1642291200000,43084.29000000,43475.00000000,42581.79000000,43071.66000000,20602.35271000,1642377599999
1642377600000,43071.66000000,43176.18000000,41540.42000000,42201.62000000,27562.08613000,1642463999999
1642464000000,42201.63000000,42691.00000000,41250.00000000,42352.12000000,29324.08257000,1642550399999
1642550400000,42352.12000000,42559.13000000,41138.56000000,41660.01000000,31685.72159000,1642636799999
1642636800000,41660.00000000,43505.00000000,40553.31000000,40680.91000000,42330.33953000,1642723199999
1642723200000,40680.92000000,41100.00000000,35440.45000000,36445.31000000,88860.89199900,1642809599999
1642809600000,36445.31000000,36835.22000000,34008.00000000,35071.42000000,90471.33896100,1642895999999
1642896000000,35071.42000000,36499.00000000,34601.01000000,36244.55000000,44279.52354000,1642982399999
1642982400000,36244.55000000,37550.00000000,32917.17000000,36660.35000000,91904.75321100,1643068799999
1643068800000,36660.35000000,37545.14000000,35701.00000000,36958.32000000,49232.40183000,1643155199999
1643155200000,36958.32000000,38919.98000000,36234.63000000,36809.34000000,69830.16036000,1643241599999
1643241600000,36807.24000000,37234.47000000,35507.01000000,37160.10000000,53020.87934000,1643327999999
1643328000000,37160.11000000,38000.00000000,36155.01000000,37716.56000000,42154.26956000,1643414399999
1643414400000,37716.57000000,38720.74000000,37268.44000000,38166.84000000,26129.49682000,1643500799999
1643500800000,38166.83000000,38359.26000000,37351.63000000,37881.76000000,21430.66527000,1643587199999
1643587200000,37881.75000000,38744.00000000,36632.61000000,38466.90000000,36855.24580000,1643673599999
1643673600000,38466.90000000,39265.20000000,38000.00000000,38694.59000000,34574.44663000,1643759999999
1643760000000,38694.59000000,38855.92000000,36586.95000000,36896.36000000,35794.68130000,1643846399999
1643846400000,36896.37000000,37387.00000000,36250.00000000,37311.61000000,32081.10999000,1643932799999
1643932800000,37311.98000000,41772.33000000,37026.73000000,41574.25000000,64703.95874000,1644019199999
1644019200000,41571.70000000,41913.69000000,40843.01000000,41382.59000000,32532.34372000,1644105599999
1644105600000,41382.60000000,42656.00000000,41116.56000000,42380.87000000,22405.16704000,1644191999999
1644192000000,42380.87000000,44500.50000000,41645.85000000,43839.99000000,51060.62006000,1644278399999
1644278400000,43839.99000000,45492.00000000,42666.00000000,44042.99000000,64880.29387000,1644364799999
1644364800000,44043.00000000,44799.00000000,43117.92000000,44372.72000000,34428.16729000,1644451199999
1644451200000,44372.71000000,45821.00000000,43174.01000000,43495.44000000,62357.29091000,1644537599999
1644537600000,43495.44000000,43920.00000000,41938.51000000,42373.73000000,44975.16870000,1644623999999
1644624000000,42373.73000000,43079.49000000,41688.88000000,42217.87000000,26556.85681000,1644710399999
1644710400000,42217.87000000,42760.00000000,41870.00000000,42053.66000000,17732.08113000,1644796799999
1644796800000,42053.65000000,42842.40000000,41550.56000000,42535.94000000,34010.13060000,1644883199999
1644883200000,42535.94000000,44751.40000000,42427.03000000,44544.86000000,38095.19576000,1644969599999
1644969600000,44544.85000000,44549.97000000,43307.00000000,43873.56000000,28471.87270000,1645055999999
1645056000000,43873.56000000,44164.71000000,40073.21000000,40515.70000000,47245.99494000,1645142399999
1645142400000,40515.71000000,40959.88000000,39450.00000000,39974.44000000,43845.92241000,1645228799999
1645228800000,39974.45000000,40444.32000000,39639.03000000,40079.17000000,18042.05510000,1645315199999
1645315200000,40079.17000000,40125.44000000,38000.00000000,38386.89000000,33439.29011000,1645401599999
1645401600000,38386.89000000,39494.35000000,36800.00000000,37008.16000000,62347.68496000,1645487999999
1645488000000,37008.16000000,38429.00000000,36350.00000000,38230.33000000,53785.94589000,1645574399999
1645574400000,38230.33000000,39249.93000000,37036.79000000,37250.01000000,43560.73200000,1645660799999
1645660800000,37250.02000000,39843.00000000,34322.28000000,38327.21000000,120476.29458000,1645747199999
1645747200000,38328.68000000,39683.53000000,38014.37000000,39219.17000000,56574.57125000,1645833599999
1645833600000,39219.16000000,40348.45000000,38573.18000000,39116.72000000,29361.25680000,1645919999999
1645920000000,39116.73000000,39855.70000000,37000.00000000,37699.07000000,46229.44719000,1646006399999
1646006400000,37699.08000000,44225.84000000,37450.17000000,43160.00000000,73945.63858000,1646092799999
1646092800000,43160.00000000,44949.00000000,42809.98000000,44421.20000000,61743.09873000,1646179199999
1646179200000,44421.20000000,45400.00000000,43334.09000000,43892.98000000,57782.65081000,1646265599999
1646265600000,43892.99000000,44101.12000000,41832.28000000,42454.00000000,50940.61021000,1646351999999
1646352000000,42454.00000000,42527.30000000,38550.00000000,39148.66000000,61964.68498000,1646438399999
1646438400000,39148.65000000,39613.24000000,38407.59000000,39397.96000000,30363.13341000,1646524799999
1646524800000,39397.97000000,39693.87000000,38088.57000000,38420.81000000,39677.26158000,1646611199999
1646611200000,38420.80000000,39547.57000000,37155.00000000,37988.00000000,63994.11559000,1646697599999
1646697600000,37988.01000000,39362.08000000,37867.65000000,38730.63000000,55583.06638000,1646783999999
1646784000000,38730.63000000,42594.06000000,38656.45000000,41941.71000000,67392.58799000,1646870399999
1646870400000,41941.70000000,42039.63000000,38539.73000000,39422.00000000,71962.93154000,1646956799999
1646956800000,39422.01000000,40236.26000000,38223.60000000,38729.57000000,59018.76420000,1647043199999
1647043200000,38729.57000000,39486.71000000,38660.52000000,38807.36000000,24034.36432000,1647129599999
1647129600000,38807.35000000,39310.00000000,37578.51000000,37777.34000000,32791.82359000,1647215999999
1647216000000,37777.35000000,39947.12000000,37555.00000000,39671.37000000,46945.45375000,1647302399999
1647302400000,39671.37000000,39887.61000000,38098.33000000,39280.33000000,46015.54926000,1647388799999
1647388800000,39280.33000000,41718.00000000,38828.48000000,41114.00000000,88120.76167000,1647475199999
1647475200000,41114.01000000,41478.82000000,40500.00000000,40917.90000000,37189.38087000,1647561599999
1647561600000,40917.89000000,42325.02000000,40135.04000000,41757.51000000,45408.00969000,1647647999999
1647648000000,41757.51000000,42400.00000000,41499.29000000,42201.13000000,29067.18108000,1647734399999
1647734400000,42201.13000000,42296.26000000,40911.00000000,41262.11000000,30653.33468000,1647820799999
1647820800000,41262.11000000,41544.22000000,40467.94000000,41002.25000000,39426.24877000,1647907199999
1647907200000,41002.26000000,43361.00000000,40875.51000000,42364.13000000,59454.94294000,1647993599999
1647993600000,42364.13000000,43025.96000000,41751.47000000,42882.76000000,40828.87039000,1648079999999
1648080000000,42882.76000000,44220.89000000,42560.46000000,43991.46000000,56195.12374000,1648166399999
1648166400000,43991.46000000,45094.14000000,43579.00000000,44313.16000000,54614.43648000,1648252799999
1648252800000,44313.16000000,44792.99000000,44071.97000000,44511.27000000,23041.61741000,1648339199999
1648339200000,44511.27000000,46999.00000000,44421.46000000,46827.76000000,41874.91071000,1648425599999
1648425600000,46827.76000000,48189.84000000,46663.56000000,47122.21000000,58949.26140000,1648511999999
1648512000000,47122.21000000,48096.47000000,46950.85000000,47434.80000000,36772.28457000,1648598399999
1648598400000,47434.79000000,47700.22000000,46445.42000000,47067.99000000,40947.20850000,1648684799999
1648684800000,47067.99000000,47600.00000000,45200.00000000,45510.34000000,48645.12667000,1648771199999
1648771200000,45510.35000000,46720.09000000,44200.00000000,46283.49000000,56271.06474000,1648857599999
1648857600000,46283.49000000,47213.00000000,45620.00000000,45811.00000000,37073.53582000,1648943999999
1648944000000,45810.99000000,47444.11000000,45530.92000000,46407.35000000,33394.67794000,1649030399999
1649030400000,46407.36000000,46890.71000000,45118.00000000,46580.51000000,44641.87514000,1649116799999
1649116800000,46580.50000000,47200.00000000,45353.81000000,45497.55000000,42192.74852000,1649203199999
1649203200000,45497.54000000,45507.14000000,43121.00000000,43170.47000000,60849.32936000,1649289599999
1649289600000,43170.47000000,43900.99000000,42727.35000000,43444.19000000,37396.54156000,1649375999999
1649376000000,43444.20000000,43970.62000000,42107.14000000,42252.01000000,42375.04203000,1649462399999
1649462400000,42252.02000000,42800.00000000,42125.48000000,42753.97000000,17891.66047000,1649548799999
1649548800000,42753.96000000,43410.30000000,41868.00000000,42158.85000000,22771.09403000,1649635199999
1649635200000,42158.85000000,42414.71000000,39200.00000000,39530.45000000,63560.44721000,1649721599999
1649721600000,39530.45000000,40699.00000000,39254.63000000,40074.94000000,57751.01778000,1649807999999
1649808000000,40074.95000000,41561.31000000,39588.54000000,41147.79000000,41342.27254000,1649894399999
1649894400000,41147.78000000,41500.00000000,39551.94000000,39942.38000000,36807.01401000,1649980799999
1649980800000,39942.37000000,40870.36000000,39766.40000000,40551.90000000,24026.35739000,1650067199999
1650067200000,40551.90000000,40709.35000000,39991.55000000,40378.71000000,15805.44718000,1650153599999
1650153600000,40378.70000000,40595.67000000,39546.17000000,39678.12000000,19988.49259000,1650239999999
1650240000000,39678.11000000,41116.73000000,38536.51000000,40801.13000000,54243.49575000,1650326399999
1650326400000,40801.13000000,41760.00000000,40571.00000000,41493.18000000,35788.85843000,1650412799999
1650412800000,41493.19000000,42199.00000000,40820.00000000,41358.19000000,40877.35041000,1650499199999
1650499200000,41358.19000000,42976.00000000,39751.00000000,40480.01000000,59316.27657000,1650585599999
1650585600000,40480.01000000,40795.06000000,39177.00000000,39709.18000000,46664.01960000,1650671999999
1650672000000,39709.19000000,39980.00000000,39285.00000000,39441.60000000,20291.42375000,1650758399999
1650758400000,39441.61000000,39940.00000000,38929.62000000,39450.13000000,26703.61186000,1650844799999
1650844800000,39450.12000000,40616.00000000,38200.00000000,40426.08000000,63037.12784000,1650931199999
1650931200000,40426.08000000,40797.31000000,37702.26000000,38112.65000000,66650.25800000,1651017599999
1651017600000,38112.64000000,39474.72000000,37881.31000000,39235.72000000,57083.12272000,1651103999999
1651104000000,39235.72000000,40372.63000000,38881.43000000,39742.07000000,56086.67150000,1651190399999
1651190400000,39742.06000000,39925.25000000,38175.00000000,38596.11000000,51453.65715000,1651276799999
1651276800000,38596.11000000,38795.38000000,37578.20000000,37630.80000000,35321.18989000,1651363199999
1651363200000,37630.80000000,38675.00000000,37386.38000000,38468.35000000,38812.24104000,1651449599999
1651449600000,38468.35000000,39167.34000000,38052.00000000,38525.16000000,53200.92628000,1651535999999
1651536000000,38525.16000000,38651.51000000,37517.80000000,37728.95000000,40316.45358000,1651622399999
1651622400000,37728.95000000,40023.77000000,37670.00000000,39690.00000000,62574.61736000,1651708799999
1651708800000,39690.00000000,39845.51000000,35571.90000000,36552.97000000,88722.43355000,1651795199999
1651795200000,36552.97000000,36675.63000000,35258.00000000,36013.77000000,68437.80187000,1651881599999
1651881600000,36013.77000000,36146.30000000,34785.00000000,35472.39000000,34281.70682000,1651967999999
1651968000000,35472.40000000,35514.22000000,33713.95000000,34038.40000000,72445.64344000,1652054399999
1652054400000,34038.39000000,34243.15000000,30033.33000000,30076.31000000,191876.92642800,1652140799999
1652140800000,30074.23000000,32658.99000000,29730.40000000,31017.10000000,165532.00311000,1652227199999
1652227200000,31017.11000000,32162.59000000,27785.00000000,29103.94000000,207063.73927800,1652313599999
1652313600000,29103.94000000,30243.00000000,26700.00000000,29029.75000000,204507.26313800,1652399999999
1652400000000,29029.74000000,31083.37000000,28751.67000000,29287.05000000,97872.36957000,1652486399999
1652486400000,29287.05000000,30343.27000000,28630.00000000,30086.74000000,51095.87863000,1652572799999
1652572800000,30086.74000000,31460.00000000,29480.00000000,31328.89000000,46275.66912000,1652659199999
1652659200000,31328.89000000,31328.90000000,29087.04000000,29874.01000000,73082.19658000,1652745599999
1652745600000,29874.01000000,30788.37000000,29450.38000000,30444.93000000,56724.13307000,1652831999999
1652832000000,30444.93000000,30709.99000000,28654.47000000,28715.32000000,59749.15799000,1652918399999
1652918400000,28715.33000000,30545.18000000,28691.38000000,30319.23000000,67877.36415000,1653004799999
1653004800000,30319.22000000,30777.33000000,28730.00000000,29201.01000000,60517.25325000,1653091199999
1653091200000,29201.01000000,29656.18000000,28947.28000000,29445.06000000,20987.13124000,1653177599999
1653177600000,29445.07000000,30487.99000000,29255.11000000,30293.94000000,36158.98748000,1653263999999
1653264000000,30293.93000000,30670.51000000,28866.35000000,29109.15000000,63901.49932000,1653350399999
1653350400000,29109.14000000,29845.86000000,28669.00000000,29654.58000000,59442.96036000,1653436799999
1653436800000,29654.58000000,30223.74000000,29294.21000000,29542.15000000,59537.38659000,1653523199999
1653523200000,29542.14000000,29886.64000000,28019.56000000,29201.35000000,94581.65463000,1653609599999
1653609600000,29201.35000000,29397.66000000,28282.90000000,28629.80000000,90998.52010000,1653695999999
1653696000000,28629.81000000,29266.00000000,28450.00000000,29031.33000000,34479.35127000,1653782399999
1653782400000,29031.33000000,29587.78000000,28839.21000000,29468.10000000,27567.34764000,1653868799999
1653868800000,29468.10000000,32222.00000000,29299.62000000,31734.22000000,96785.94760000,1653955199999
1653955200000,31734.23000000,32399.00000000,31200.01000000,31801.04000000,62433.11632000,1654041599999
1654041600000,31801.05000000,31982.97000000,29301.00000000,29805.83000000,103395.63382000,1654127999999
1654128000000,29805.84000000,30689.00000000,29594.55000000,30452.62000000,56961.42928000,1654214399999
1654214400000,30452.63000000,30699.00000000,29282.36000000,29700.21000000,54067.44727000,1654300799999
1654300800000,29700.21000000,29988.88000000,29485.00000000,29864.04000000,25617.90113000,1654387199999
1654387200000,29864.03000000,30189.00000000,29531.42000000,29919.21000000,23139.92810000,1654473599999
1654473600000,29919.20000000,31765.64000000,29890.23000000,31373.10000000,68836.92456000,1654559999999
1654560000000,31373.10000000,31589.60000000,29218.96000000,31125.33000000,110674.51658000,1654646399999
1654646400000,31125.32000000,31327.22000000,29843.88000000,30204.77000000,68542.61276000,1654732799999
1654732800000,30204.77000000,30700.00000000,29944.10000000,30109.93000000,46291.18650000,1654819199999
1654819200000,30109.93000000,30382.80000000,28850.00000000,29091.88000000,76204.24980000,1654905599999
1654905600000,29091.87000000,29440.41000000,28099.99000000,28424.70000000,65901.39895000,1654991999999
1654992000000,28424.71000000,28544.96000000,26560.00000000,26574.53000000,92474.59880900,1655078399999
1655078400000,26574.53000000,26895.84000000,21925.77000000,22487.41000000,254611.03496600,1655164799999
1655164800000,22485.27000000,23362.88000000,20846.00000000,22136.41000000,187201.64671000,1655251199999
1655251200000,22136.42000000,22800.00000000,20111.62000000,22583.72000000,200774.49346700,1655337599999
1655337600000,22583.72000000,22995.73000000,20232.00000000,20401.31000000,99673.59429000,1655423999999
1655424000000,20400.60000000,21365.43000000,20246.66000000,20468.81000000,86694.33663000,1655510399999
1655510400000,20468.81000000,20792.06000000,17622.00000000,18970.79000000,196441.65552400,1655596799999
1655596800000,18970.79000000,20815.95000000,17960.41000000,20574.00000000,128320.87595000,1655683199999
1655683200000,20574.00000000,21090.00000000,19637.03000000,20573.89000000,109028.94154000,1655769599999
1655769600000,20573.90000000,21723.00000000,20348.40000000,20723.52000000,104371.07490000,1655855999999
1655856000000,20723.51000000,20900.00000000,19770.51000000,19987.99000000,92133.97938000,1655942399999
1655942400000,19988.00000000,21233.00000000,19890.07000000,21110.13000000,83127.08716000,1656028799999
1656028800000,21110.12000000,21558.41000000,20736.72000000,21237.69000000,77430.36622000,1656115199999
1656115200000,21237.68000000,21614.50000000,20906.62000000,21491.19000000,51431.67794000,1656201599999
1656201600000,21491.18000000,21888.00000000,20964.73000000,21038.07000000,53278.10464000,1656287999999
1656288000000,21038.08000000,21539.85000000,20510.00000000,20742.56000000,64475.00130000,1656374399999
1656374400000,20742.57000000,21212.10000000,20202.01000000,20281.29000000,63801.08320000,1656460799999
1656460800000,20281.28000000,20432.31000000,19854.92000000,20123.01000000,77309.04379000,1656547199999
1656547200000,20123.00000000,20179.08000000,18626.00000000,19942.21000000,93846.64806000,1656633599999
1656633600000,19942.21000000,20918.35000000,18975.00000000,19279.80000000,111844.59494000,1656719999999
1656720000000,19279.80000000,19467.39000000,18977.01000000,19252.81000000,46180.30210000,1656806399999
1656806400000,19252.82000000,19647.63000000,18781.00000000,19315.83000000,51087.46631000,1656892799999
1656892800000,19315.83000000,20354.01000000,19055.31000000,20236.71000000,74814.04601000,1656979199999
1656979200000,20236.71000000,20750.00000000,19304.40000000,20175.83000000,96041.13756000,1657065599999
1657065600000,20175.84000000,20675.22000000,19761.25000000,20564.51000000,82439.58080000,1657151999999
1657152000000,20564.51000000,21838.10000000,20251.68000000,21624.98000000,85014.58261000,1657238399999
1657238400000,21624.99000000,22527.37000000,21189.26000000,21594.75000000,403081.57349000,1657324799999
1657324800000,21594.75000000,21980.00000000,21322.12000000,21591.83000000,178417.84468000,1657411199999
1657411200000,21592.15000000,21607.65000000,20655.00000000,20862.47000000,192188.21556000,1657497599999
1657497600000,20861.11000000,20868.48000000,19875.23000000,19963.61000000,137535.40724000,1657583999999
1657584000000,19963.61000000,20059.42000000,19240.00000000,19328.75000000,139506.45862000,1657670399999
1657670400000,19331.28000000,20366.61000000,18910.94000000,20234.87000000,209250.24888000,1657756799999
1657756800000,20234.87000000,20900.00000000,19616.07000000,20588.84000000,174809.21696000,1657843199999
1657843200000,20588.84000000,21200.00000000,20382.29000000,20830.04000000,143343.30490000,1657929599999
1657929600000,20830.04000000,21588.94000000,20478.61000000,21195.60000000,121011.67393000,1658015999999
1658016000000,21195.60000000,21684.54000000,20750.01000000,20798.16000000,118229.45250000,1658102399999
1658102400000,20799.58000000,22777.63000000,20762.45000000,22432.58000000,239942.73132000,1658188799999
1658188800000,22432.58000000,23800.00000000,21579.54000000,23396.62000000,263770.76574000,1658275199999
1658275200000,23398.48000000,24276.74000000,22906.19000000,23223.30000000,238762.17094000,1658361599999
1658361600000,23223.30000000,23442.77000000,22341.46000000,23152.19000000,184817.68191000,1658447999999
1658448000000,23152.19000000,23756.49000000,22500.00000000,22684.83000000,171598.43966000,1658534399999
1658534400000,22684.83000000,23000.77000000,21934.57000000,22451.07000000,122137.77375000,1658620799999
1658620800000,22448.58000000,23014.64000000,22257.15000000,22579.68000000,115189.67277000,1658707199999
1658707200000,22577.13000000,22666.00000000,21250.00000000,21310.90000000,180344.76643000,1658793599999
1658793600000,21310.90000000,21347.82000000,20706.50000000,21254.67000000,177817.24326000,1658879999999
1658880000000,21254.67000000,23112.63000000,21042.53000000,22952.45000000,210971.19796000,1658966399999
1658966400000,22954.31000000,24199.72000000,22582.13000000,23842.93000000,236029.07410000,1659052799999
1659052800000,23845.25000000,24442.66000000,23414.03000000,23773.75000000,198298.50623000,1659139199999
1659139200000,23777.28000000,24668.00000000,23502.25000000,23643.51000000,151060.13211000,1659225599999
1659225600000,23644.64000000,24194.82000000,23227.31000000,23293.32000000,127743.32483000,1659311999999
1659312000000,23296.36000000,23509.68000000,22850.00000000,23268.01000000,144210.16219000,1659398399999
1659398400000,23266.90000000,23459.89000000,22654.37000000,22987.79000000,158073.28225000,1659484799999
1659484800000,22985.93000000,23647.68000000,22681.22000000,22818.37000000,145948.80995000,1659571199999
1659571200000,22816.91000000,23223.32000000,22400.00000000,22622.98000000,154854.67016000,1659657599999
1659657600000,22622.41000000,23472.86000000,22586.95000000,23312.42000000,175251.69749000,1659743999999
1659744000000,23313.56000000,23354.36000000,22909.52000000,22954.21000000,83911.80307000,1659830399999
1659830400000,22954.21000000,23402.00000000,22844.62000000,23174.39000000,88890.00877000,1659916799999
1659916800000,23174.39000000,24245.00000000,23154.25000000,23810.00000000,170958.44152000,1660003199999
1660003200000,23810.98000000,23933.25000000,22865.00000000,23149.95000000,143182.50858000,1660089599999
1660089600000,23151.32000000,24226.00000000,22664.69000000,23954.05000000,208916.54953000,1660175999999
1660176000000,23954.05000000,24918.54000000,23852.13000000,23934.39000000,249759.79557000,1660262399999
1660262400000,23933.09000000,24456.50000000,23583.00000000,24403.68000000,174207.57040000,1660348799999
1660348800000,24401.70000000,24888.00000000,24291.22000000,24441.38000000,152852.25435000,1660435199999
1660435200000,24443.06000000,25047.56000000,24144.00000000,24305.24000000,151206.14473000,1660521599999
1660521600000,24305.25000000,25211.32000000,23773.22000000,24094.82000000,242539.54758000,1660607999999
1660608000000,24093.04000000,24247.49000000,23671.22000000,23854.74000000,179324.94821000,1660694399999
1660694400000,23856.15000000,24446.71000000,23180.40000000,23342.66000000,210668.68766000,1660780799999
1660780800000,23342.66000000,23600.00000000,23111.04000000,23191.20000000,144185.97011000,1660867199999
1660867200000,23191.45000000,23208.67000000,20783.57000000,20834.39000000,283995.87747000,1660953599999
1660953600000,20834.39000000,21382.85000000,20761.90000000,21140.07000000,183041.68363000,1661039999999
1661040000000,21140.07000000,21800.00000000,21069.11000000,21515.61000000,159200.68410000,1661126399999
1661126400000,21516.70000000,21548.71000000,20890.18000000,21399.83000000,222222.04526000,1661212799999
1661212800000,21400.75000000,21684.87000000,20890.14000000,21529.12000000,200967.77164000,1661299199999
1661299200000,21529.11000000,21900.00000000,21145.00000000,21368.08000000,174383.22046000,1661385599999
1661385600000,21368.05000000,21819.88000000,21310.15000000,21559.04000000,169915.78301000,1661471999999
1661472000000,21559.04000000,21886.77000000,20107.90000000,20241.05000000,273811.61955000,1661558399999
1661558400000,20239.14000000,20402.93000000,19800.00000000,20037.60000000,162582.46032000,1661644799999
1661644800000,20037.60000000,20171.18000000,19520.00000000,19555.61000000,139307.95976000,1661731199999
1661731200000,19555.61000000,20433.62000000,19550.79000000,20285.73000000,210509.49545000,1661817599999
1661817600000,20287.20000000,20576.25000000,19540.00000000,19811.66000000,256634.35529000,1661903999999
1661904000000,19813.03000000,20490.00000000,19797.94000000,20050.02000000,276946.60765000,1661990399999
1661990400000,20048.44000000,20208.37000000,19565.66000000,20131.46000000,245289.97263000,1662076799999
1662076800000,20132.64000000,20441.26000000,19755.29000000,19951.86000000,245986.60330000,1662163199999
1662163200000,19950.98000000,20055.93000000,19652.72000000,19831.90000000,146639.03204000,1662249599999
1662249600000,19832.45000000,20029.23000000,19583.10000000,20000.30000000,145588.77893000,1662335999999
1662336000000,20000.30000000,20057.27000000,19633.83000000,19796.84000000,222543.01057000,1662422399999
1662422400000,19795.34000000,20180.00000000,18649.51000000,18790.61000000,356315.05718000,1662508799999
1662508800000,18790.61000000,19464.06000000,18510.77000000,19292.84000000,287394.77880000,1662595199999
1662595200000,19292.85000000,19458.25000000,19012.00000000,19319.77000000,262813.28273000,1662681599999
1662681600000,19320.54000000,21597.22000000,19291.75000000,21360.11000000,428919.74652000,1662767999999
1662768000000,21361.62000000,21810.80000000,21111.13000000,21648.34000000,307997.33504000,1662854399999
1662854400000,21647.21000000,21860.00000000,21350.00000000,21826.87000000,280702.55149000,1662940799999
1662940800000,21826.87000000,22488.00000000,21538.51000000,22395.74000000,395395.61828000,1663027199999
1663027200000,22395.44000000,22799.00000000,19860.00000000,20173.57000000,431915.03333000,1663113599999
1663113600000,20173.62000000,20541.48000000,19617.62000000,20226.71000000,340826.40151000,1663199999999
1663200000000,20227.17000000,20330.24000000,19497.00000000,19701.88000000,333069.76076000,1663286399999
1663286400000,19701.88000000,19890.00000000,19320.01000000,19803.30000000,283791.07064000,1663372799999
1663372800000,19803.30000000,20189.00000000,19748.08000000,20113.62000000,179350.24338000,1663459199999
1663459200000,20112.61000000,20117.26000000,19335.62000000,19416.18000000,254217.46904000,1663545599999
1663545600000,19417.45000000,19686.20000000,18232.56000000,19537.02000000,380512.40306000,1663631999999
1663632000000,19537.02000000,19634.62000000,18711.87000000,18875.00000000,324098.32860000,1663718399999
1663718400000,18874.31000000,19956.00000000,18125.98000000,18461.36000000,385034.10021000,1663804799999
1663804800000,18461.36000000,19550.17000000,18356.39000000,19401.63000000,379321.72111000,1663891199999
1663891200000,19401.63000000,19500.00000000,18531.42000000,19289.91000000,385886.91829000,1663977599999
1663977600000,19288.57000000,19316.14000000,18805.34000000,18920.50000000,239496.56746000,1664063999999
1664064000000,18921.99000000,19180.21000000,18629.20000000,18807.38000000,191191.44920000,1664150399999
1664150400000,18809.13000000,19318.96000000,18680.72000000,19227.82000000,439239.21943000,1664236799999
1664236800000,19226.68000000,20385.86000000,18816.32000000,19079.13000000,593260.74161000,1664323199999
1664323200000,19078.10000000,19790.00000000,18471.28000000,19412.82000000,521385.45547000,1664409599999
1664409600000,19412.82000000,19645.52000000,18843.01000000,19591.51000000,406424.93256000,1664495999999
1664496000000,19590.54000000,20185.00000000,19155.36000000,19422.61000000,444322.95340000,1664582399999
1664582400000,19422.61000000,19484.00000000,19159.42000000,19310.95000000,165625.13959000,1664668799999
1664668800000,19312.24000000,19395.91000000,18920.35000000,19056.80000000,206812.47032000,1664755199999
1664755200000,19057.74000000,19719.10000000,18959.68000000,19629.08000000,293585.75212000,1664841599999
1664841600000,19629.08000000,20475.00000000,19490.60000000,20337.82000000,327012.00127000,1664927999999
1664928000000,20337.82000000,20365.60000000,19730.00000000,20158.26000000,312239.75224000,1665014399999
1665014400000,20158.26000000,20456.60000000,19853.00000000,19960.67000000,320122.17020000,1665100799999
1665100800000,19960.67000000,20068.82000000,19320.00000000,19530.09000000,220874.83913000,1665187199999
1665187200000,19530.09000000,19627.38000000,19237.14000000,19417.96000000,102480.09842000,1665273599999
1665273600000,19416.52000000,19558.00000000,19316.04000000,19439.02000000,113900.82681000,1665359999999
1665360000000,19439.96000000,19525.00000000,19020.25000000,19131.87000000,212509.09849000,1665446399999
1665446400000,19131.87000000,19268.09000000,18860.00000000,19060.00000000,243473.84286000,1665532799999
1665532800000,19060.00000000,19238.31000000,18965.88000000,19155.53000000,213826.26731000,1665619199999
1665619200000,19155.10000000,19513.79000000,18190.00000000,19375.13000000,399756.68337000,1665705599999
1665705600000,19375.58000000,19951.87000000,19070.37000000,19176.93000000,351634.32601000,1665791999999
1665792000000,19176.93000000,19227.68000000,18975.18000000,19069.39000000,113847.64232000,1665878399999
1665878400000,19068.40000000,19425.84000000,19063.74000000,19262.98000000,131894.61885000,1665964799999
1665964800000,19262.98000000,19676.96000000,19152.03000000,19549.86000000,222813.87634000,1666051199999
1666051200000,19548.48000000,19706.66000000,19091.00000000,19327.44000000,260313.07848000,1666137599999
1666137600000,19327.44000000,19360.16000000,19065.97000000,19123.97000000,186137.29538000,1666223999999
1666224000000,19123.35000000,19347.82000000,18900.00000000,19041.92000000,223530.13068000,1666310399999
1666310400000,19041.92000000,19250.00000000,18650.00000000,19164.37000000,269310.75769000,1666396799999
1666396800000,19164.37000000,19257.00000000,19112.72000000,19204.35000000,110403.90837000,1666483199999
1666483200000,19204.29000000,19695.00000000,19070.11000000,19570.40000000,167057.20184000,1666569599999
1666569600000,19570.40000000,19601.15000000,19157.00000000,19329.72000000,256168.14467000,1666655999999
1666656000000,19330.60000000,20415.87000000,19237.00000000,20080.07000000,326370.67061000,1666742399999
1666742400000,20079.02000000,21020.00000000,20050.41000000,20771.59000000,380492.69576000,1666828799999
1666828800000,20771.61000000,20872.21000000,20200.00000000,20295.11000000,328643.57791000,1666915199999
1666915200000,20295.11000000,20750.00000000,20000.09000000,20591.84000000,287039.94569000,1667001599999
1667001600000,20591.84000000,21085.00000000,20554.01000000,20809.67000000,254881.77755000,1667087999999
1667088000000,20809.68000000,20931.21000000,20515.00000000,20627.48000000,192795.60886000,1667174399999
1667174400000,20627.48000000,20845.92000000,20237.95000000,20490.74000000,303567.61628000,1667260799999
1667260800000,20490.74000000,20700.00000000,20330.74000000,20483.62000000,279932.43771000,1667347199999
1667347200000,20482.81000000,20800.00000000,20048.04000000,20151.84000000,373716.27299000,1667433599999
1667433600000,20151.84000000,20393.32000000,20031.24000000,20207.82000000,319185.15440000,1667519999999
1667520000000,20207.12000000,21302.05000000,20180.96000000,21148.52000000,453694.39165000,1667606399999
1667606400000,21148.52000000,21480.65000000,21080.65000000,21299.37000000,245621.98525000,1667692799999
1667692800000,21299.37000000,21365.27000000,20886.13000000,20905.58000000,230036.97217000,1667779199999
1667779200000,20905.58000000,21069.77000000,20384.89000000,20591.13000000,386977.60337000,1667865599999
1667865600000,20590.67000000,20700.88000000,17166.83000000,18547.23000000,760705.36278300,1667951999999
1667952000000,18545.38000000,18587.76000000,15588.00000000,15922.81000000,731926.92972900,1668038399999
1668038400000,15922.68000000,18199.00000000,15754.26000000,17601.15000000,608448.36432000,1668124799999
1668124800000,17602.45000000,17695.00000000,16361.60000000,17070.31000000,393552.86492000,1668211199999
1668211200000,17069.98000000,17119.10000000,16631.39000000,16812.08000000,167819.96035000,1668297599999
1668297600000,16813.16000000,16954.28000000,16229.00000000,16329.85000000,184960.78846000,1668383999999
1668384000000,16331.78000000,17190.00000000,15815.21000000,16619.46000000,380210.77750000,1668470399999
1668470400000,16617.72000000,17134.69000000,16527.72000000,16900.57000000,282461.84391000,1668556799999
1668556800000,16900.57000000,17015.92000000,16378.61000000,16662.76000000,261493.40809000,1668643199999
1668643200000,16661.61000000,16751.00000000,16410.74000000,16692.56000000,228038.97873000,1668729599999
1668729600000,16692.56000000,17011.00000000,16546.04000000,16700.45000000,214224.18184000,1668815999999
1668816000000,16699.43000000,16822.41000000,16553.53000000,16700.68000000,104963.15558000,1668902399999
1668902400000,16700.68000000,16753.33000000,16180.00000000,16280.23000000,154842.13478000,1668988799999
1668988800000,16279.50000000,16319.00000000,15476.00000000,15781.29000000,324096.99775300,1669075199999
1669075200000,15781.29000000,16315.00000000,15616.63000000,16226.94000000,239548.06623000,1669161599999
1669161600000,16227.96000000,16706.00000000,16160.20000000,16603.11000000,264927.70408000,1669247999999
1669248000000,16603.11000000,16812.63000000,16458.05000000,16598.95000000,206565.92346000,1669334399999
1669334400000,16599.55000000,16666.00000000,16342.81000000,16522.14000000,182089.49533000,1669420799999
1669420800000,16521.35000000,16701.99000000,16385.00000000,16458.57000000,181804.81666000,1669507199999
1669507200000,16457.61000000,16600.00000000,16401.00000000,16428.78000000,162025.47607000,1669593599999
1669593600000,16428.77000000,16487.04000000,15995.27000000,16212.91000000,252695.40367000,1669679999999
1669680000000,16212.18000000,16548.71000000,16100.00000000,16442.53000000,248106.25009000,1669766399999
1669766400000,16442.91000000,17249.00000000,16428.30000000,17163.64000000,303019.80719000,1669852799999
1669852800000,17165.53000000,17324.00000000,16855.01000000,16977.37000000,232818.18218000,1669939199999
1669939200000,16978.00000000,17105.73000000,16787.85000000,17092.74000000,202372.20620000,1670025599999
1670025600000,17092.13000000,17188.98000000,16858.74000000,16885.20000000,154542.57306000,1670111999999
1670112000000,16885.20000000,17202.84000000,16878.25000000,17105.70000000,178619.13387000,1670198399999
1670198400000,17106.65000000,17424.25000000,16867.00000000,16966.35000000,233703.29225000,1670284799999
1670284800000,16966.35000000,17107.01000000,16906.37000000,17088.96000000,218730.76883000,1670371199999
1670371200000,17088.96000000,17142.21000000,16678.83000000,16836.64000000,220657.41334000,1670457599999
1670457600000,16836.64000000,17299.00000000,16733.49000000,17224.10000000,236417.97804000,1670543999999
1670544000000,17224.10000000,17360.00000000,17058.21000000,17128.56000000,238422.06465000,1670630399999
1670630400000,17128.56000000,17227.72000000,17092.00000000,17127.49000000,140573.97937000,1670716799999
1670716800000,17127.49000000,17270.99000000,17071.00000000,17085.05000000,155286.47871000,1670803199999
1670803200000,17085.05000000,17241.89000000,16871.85000000,17209.83000000,226227.49694000,1670889599999
1670889600000,17208.93000000,18000.00000000,17080.14000000,17774.70000000,284462.91390000,1670975999999
1670976000000,17775.82000000,18387.95000000,17660.94000000,17803.15000000,266681.22209000,1671062399999
1671062400000,17804.01000000,17854.82000000,17275.51000000,17356.34000000,223701.96882000,1671148799999
1671148800000,17356.96000000,17531.73000000,16527.32000000,16632.12000000,253379.04116000,1671235199999
1671235200000,16631.50000000,16796.82000000,16579.85000000,16776.52000000,144825.66684000,1671321599999
1671321600000,16777.54000000,16863.26000000,16663.07000000,16738.21000000,112619.31646000,1671407999999
1671408000000,16739.00000000,16815.99000000,16256.30000000,16438.88000000,179094.28305000,1671494399999
1671494400000,16438.88000000,17061.27000000,16397.20000000,16895.56000000,248808.92324000,1671580799999
1671580800000,16896.15000000,16925.00000000,16723.00000000,16824.67000000,156810.96362000,1671667199999
1671667200000,16824.68000000,16868.52000000,16559.85000000,16821.43000000,176044.27235000,1671753599999
1671753600000,16821.90000000,16955.14000000,16731.13000000,16778.50000000,161612.00947000,1671839999999
1671840000000,16778.52000000,16869.99000000,16776.62000000,16836.12000000,100224.29096000,1671926399999
1671926400000,16835.73000000,16857.96000000,16721.00000000,16832.11000000,125441.07202000,1672012799999
1672012800000,16832.11000000,16944.52000000,16791.00000000,16919.39000000,124564.00656000,1672099199999
1672099200000,16919.39000000,16972.83000000,16592.37000000,16706.36000000,173749.58616000,1672185599999
1672185600000,16706.06000000,16785.19000000,16465.33000000,16547.31000000,193037.56577000,1672271999999
1672272000000,16547.32000000,16664.41000000,16488.91000000,16633.47000000,160998.47158000,1672358399999
1672358400000,16633.47000000,16677.35000000,16333.00000000,16607.48000000,164916.31174000,1672444799999
1672444800000,16607.48000000,16644.09000000,16470.00000000,16542.40000000,114490.42864000,1672531199999
1672531200000,16541.77000000,16628.00000000,16499.01000000,16616.75000000,96925.41374000,1672617599999
1672617600000,16617.17000000,16799.23000000,16548.70000000,16672.87000000,121888.57191000,1672703999999
1672704000000,16672.78000000,16778.40000000,16605.28000000,16675.18000000,159541.53733000,1672790399999
1672790400000,16675.65000000,16991.87000000,16652.66000000,16850.36000000,220362.18862000,1672876799999
1672876800000,16850.36000000,16879.82000000,16753.00000000,16831.85000000,163473.56641000,1672963199999
1672963200000,16831.85000000,17041.00000000,16679.00000000,16950.65000000,207401.28415000,1673049599999
1673049600000,16950.31000000,16981.91000000,16908.00000000,16943.57000000,104526.56880000,1673135999999
1673136000000,16943.83000000,17176.99000000,16911.00000000,17127.83000000,135155.89695000,1673222399999
1673222400000,17127.83000000,17398.80000000,17104.66000000,17178.26000000,266211.52723000,1673308799999
1673308800000,17179.04000000,17499.00000000,17146.34000000,17440.66000000,221382.42581000,1673395199999
1673395200000,17440.64000000,18000.00000000,17315.60000000,17943.26000000,262221.60653000,1673481599999
1673481600000,17943.26000000,19117.04000000,17892.05000000,18846.62000000,454568.32178000,1673567999999
1673568000000,18846.62000000,20000.00000000,18714.12000000,19930.01000000,368615.87823000,1673654399999
1673654400000,19930.01000000,21258.00000000,19888.05000000,20954.92000000,393913.74951000,1673740799999
1673740800000,20952.76000000,21050.74000000,20551.01000000,20871.50000000,178542.22549000,1673827199999
1673827200000,20872.99000000,21474.05000000,20611.48000000,21185.65000000,293078.08262000,1673913599999
1673913600000,21185.65000000,21647.45000000,20841.31000000,21134.81000000,275407.74409000,1673999999999
1674000000000,21132.29000000,21650.00000000,20407.15000000,20677.47000000,350916.01949000,1674086399999
1674086400000,20677.47000000,21192.00000000,20659.19000000,21071.59000000,251385.84925000,1674172799999
1674172800000,21071.59000000,22755.93000000,20861.28000000,22667.21000000,338079.13659000,1674259199999
1674259200000,22666.00000000,23371.80000000,22422.00000000,22783.55000000,346445.48432000,1674345599999
1674345600000,22783.35000000,23078.71000000,22292.37000000,22707.88000000,253577.75286000,1674431999999
1674432000000,22706.02000000,23180.00000000,22500.00000000,22916.45000000,293588.37938000,1674518399999
1674518400000,22917.81000000,23162.20000000,22462.93000000,22632.89000000,293158.78254000,1674604799999
1674604800000,22631.94000000,23816.73000000,22300.00000000,23060.94000000,346042.83223000,1674691199999
1674691200000,23060.42000000,23282.47000000,22850.01000000,23009.65000000,288924.43581000,1674777599999
1674777600000,23009.65000000,23500.00000000,22534.88000000,23074.16000000,280833.86315000,1674863999999
1674864000000,23074.16000000,23189.00000000,22878.46000000,23022.60000000,148115.71085000,1674950399999
1674950400000,23021.40000000,23960.54000000,22967.76000000,23742.30000000,295688.79204000,1675036799999
1675036800000,23743.37000000,23800.51000000,22500.00000000,22826.15000000,302405.90121000,1675123199999
1675123200000,22827.38000000,23320.00000000,22714.77000000,23125.13000000,264649.34909000,1675209599999
1675209600000,23125.13000000,23812.66000000,22760.23000000,23732.66000000,310790.42271000,1675295999999
1675296000000,23731.41000000,24255.00000000,23363.27000000,23488.94000000,364177.20751000,1675382399999
1675382400000,23489.33000000,23715.70000000,23204.62000000,23431.90000000,332571.02904000,1675468799999
1675468800000,23431.90000000,23587.78000000,23253.96000000,23326.84000000,166126.47295000,1675555199999
1675555200000,23327.66000000,23433.33000000,22743.00000000,22932.91000000,209251.33917000,1675641599999
1675641600000,22932.91000000,23158.25000000,22628.13000000,22762.52000000,265371.60690000,1675727999999
1675728000000,22762.52000000,23350.25000000,22745.78000000,23240.46000000,308006.72482000,1675814399999
1675814400000,23242.42000000,23452.00000000,22665.85000000,22963.00000000,280056.30717000,1675900799999
1675900800000,22961.85000000,23011.39000000,21688.00000000,21796.35000000,402894.69550000,1675987199999
1675987200000,21797.83000000,21938.16000000,21451.00000000,21625.19000000,338591.94247000,1676073599999
1676073600000,21625.19000000,21906.32000000,21599.78000000,21862.55000000,177021.58433000,1676159999999
1676160000000,21862.02000000,22090.00000000,21630.00000000,21783.54000000,204435.65163000,1676246399999
1676246400000,21782.37000000,21894.99000000,21351.07000000,21773.97000000,295730.76791000,1676332799999
1676332800000,21774.63000000,22319.08000000,21532.77000000,22199.84000000,361958.40109000,1676419199999
1676419200000,22199.84000000,24380.00000000,22047.28000000,24324.05000000,375669.16111000,1676505599999
1676505600000,24322.87000000,25250.00000000,23505.25000000,23517.72000000,450080.68366000,1676591999999
1676592000000,23517.72000000,25021.11000000,23339.37000000,24569.97000000,496813.21376000,1676678399999
1676678400000,24568.24000000,24877.00000000,24430.00000000,24631.95000000,216917.25213000,1676764799999
1676764800000,24632.05000000,25192.00000000,24192.57000000,24271.76000000,300395.99542000,1676851199999
1676851200000,24272.51000000,25121.23000000,23840.83000000,24842.20000000,346938.56997000,1676937599999
1676937600000,24843.89000000,25250.00000000,24148.34000000,24452.16000000,376000.82868000,1677023999999
1677024000000,24450.67000000,24476.05000000,23574.69000000,24182.21000000,379425.75365000,1677110399999
1677110400000,24182.21000000,24599.59000000,23608.00000000,23940.20000000,398400.45437000,1677196799999
1677196800000,23940.20000000,24132.35000000,22841.19000000,23185.29000000,343582.57453000,1677283199999
1677283200000,23184.04000000,23219.13000000,22722.00000000,23157.07000000,191311.81010000,1677369599999
1677369600000,23157.07000000,23689.99000000,23059.18000000,23554.85000000,202323.73623000,1677455999999
1677456000000,23554.85000000,23897.99000000,23106.77000000,23492.09000000,283706.08590000,1677542399999
1677542400000,23492.09000000,23600.00000000,23020.97000000,23141.57000000,264140.99894000,1677628799999
1677628800000,23141.57000000,24000.00000000,23020.03000000,23628.97000000,315287.41737000,1677715199999
1677715200000,23629.76000000,23796.93000000,23195.90000000,23465.32000000,239315.45219000,1677801599999
1677801600000,23465.32000000,23476.95000000,21971.13000000,22354.34000000,319954.19785000,1677887999999
1677888000000,22354.34000000,22410.00000000,22157.08000000,22346.57000000,121257.38132000,1677974399999
1677974400000,22346.57000000,22662.09000000,22189.22000000,22430.24000000,154841.75786000,1678060799999
1678060800000,22430.24000000,22602.19000000,22258.00000000,22410.00000000,203751.82957000,1678147199999
1678147200000,22409.41000000,22557.91000000,21927.00000000,22197.96000000,292519.80912000,1678233599999
1678233600000,22198.56000000,22287.00000000,21580.00000000,21705.44000000,301460.57272000,1678319999999
1678320000000,21704.37000000,21834.99000000,20042.72000000,20362.22000000,443658.28584000,1678406399999
1678406400000,20362.21000000,20367.78000000,19549.09000000,20150.69000000,618456.46710000,1678492799999
1678492800000,20150.69000000,20686.51000000,19765.03000000,20455.73000000,427831.82133000,1678579199999
1678579200000,20455.73000000,22150.00000000,20270.60000000,21997.11000000,430944.94288000,1678665599999
1678665600000,21998.05000000,24500.00000000,21813.88000000,24113.48000000,687889.31259000,1678751999999
1678752000000,24112.27000000,26386.87000000,23976.42000000,24670.41000000,699360.93423000,1678838399999
1678838400000,24670.41000000,25196.97000000,23896.95000000,24285.66000000,581450.72984000,1678924799999
1678924800000,24285.66000000,25167.40000000,24123.00000000,24998.78000000,439421.32998000,1679011199999
1679011200000,24998.78000000,27756.84000000,24890.00000000,27395.13000000,624460.68091000,1679097599999
1679097600000,27395.13000000,27724.85000000,26578.00000000,26907.49000000,371238.97174000,1679183999999
1679184000000,26907.49000000,28390.10000000,26827.22000000,27972.87000000,372066.99054000,1679270399999
1679270400000,27972.87000000,28472.00000000,27124.47000000,27717.01000000,477378.23373000,1679356799999
1679356800000,27717.01000000,28438.55000000,27303.10000000,28105.47000000,420929.74220000,1679443199999
1679443200000,28107.81000000,28868.05000000,26601.80000000,27250.97000000,224113.41296000,1679529599999
1679529600000,27250.97000000,28750.00000000,27105.00000000,28295.41000000,128649.60818000,1679615999999
1679616000000,28295.42000000,28374.30000000,27000.00000000,27454.47000000,86242.06544000,1679702399999
1679702400000,27454.46000000,27787.33000000,27156.09000000,27462.95000000,50844.08102000,1679788799999
1679788800000,27462.96000000,28194.40000000,27417.76000000,27968.05000000,49671.70353000,1679875199999
1679875200000,27968.05000000,28023.86000000,26508.14000000,27124.91000000,88039.46898000,1679961599999
1679961600000,27124.90000000,27520.00000000,26631.78000000,27261.07000000,78602.44341000,1680047999999
1680048000000,27261.06000000,28650.00000000,27240.10000000,28348.60000000,89486.16008000,1680134399999
1680134400000,28348.60000000,29184.68000000,27686.00000000,28028.53000000,98865.43256000,1680220799999
1680220800000,28028.53000000,28656.69000000,27511.71000000,28465.36000000,78198.12139000,1680307199999
1680307200000,28465.36000000,28819.71000000,28220.27000000,28452.73000000,30238.44753000,1680393599999
1680393600000,28452.74000000,28530.00000000,27856.43000000,28171.87000000,37365.65692000,1680479999999
1680480000000,28171.87000000,28500.99000000,27200.24000000,27800.00000000,79180.01405000,1680566399999
1680566400000,27800.00000000,28444.44000000,27662.79000000,28165.47000000,49722.55691000,1680652799999
1680652800000,28165.47000000,28775.00000000,27805.10000000,28170.01000000,60737.64732000,1680739199999
1680739200000,28170.01000000,28182.05000000,27711.00000000,28033.82000000,40118.94963000,1680825599999
1680825600000,28033.83000000,28100.00000000,27766.94000000,27906.33000000,24762.09387000,1680911999999
1680912000000,27906.34000000,28154.99000000,27859.02000000,27938.38000000,19479.96735000,1680998399999
1680998400000,27938.38000000,28530.00000000,27800.00000000,28323.76000000,32531.16101000,1681084799999
1681084800000,28323.76000000,29770.00000000,28170.00000000,29637.34000000,67754.06220000,1681171199999
1681171200000,29637.35000000,30550.00000000,29590.00000000,30200.42000000,67990.07621000,1681257599999
1681257600000,30200.43000000,30486.00000000,29637.40000000,29888.07000000,62049.48451000,1681343999999
1681344000000,29888.07000000,30595.00000000,29854.59000000,30373.84000000,51934.11731000,1681430399999
1681430400000,30373.84000000,31000.00000000,29966.00000000,30466.93000000,75984.19452000,1681516799999
1681516800000,30466.93000000,30595.60000000,30202.00000000,30295.09000000,25429.81247000,1681603199999
1681603200000,30295.10000000,30549.99000000,30120.00000000,30304.65000000,26431.99322000,1681689599999
1681689600000,30304.66000000,30316.06000000,29240.65000000,29430.27000000,56441.81127000,1681775999999
1681776000000,29430.27000000,30485.00000000,29096.78000000,30380.01000000,62004.89434000,1681862399999
1681862400000,30380.01000000,30413.53000000,28520.00000000,28797.10000000,86575.48656000,1681948799999
1681948800000,28797.10000000,29088.30000000,28010.00000000,28243.65000000,76879.09372000,1682035199999
1682035200000,28243.65000000,28374.02000000,27125.00000000,27262.84000000,77684.76790000,1682121599999
1682121600000,27262.84000000,27882.72000000,27140.35000000,27816.85000000,36023.69686000,1682207999999
1682208000000,27816.85000000,27816.85000000,27311.25000000,27590.60000000,34812.09581000,1682294399999
1682294400000,27590.59000000,28000.00000000,26942.82000000,27510.93000000,53111.56874000,1682380799999
1682380800000,27510.93000000,28399.99000000,27192.00000000,28300.79000000,52325.14637000,1682467199999
1682467200000,28300.80000000,30036.00000000,27235.00000000,28415.29000000,129228.40403000,1682553599999
1682553600000,28415.29000000,29890.00000000,28378.86000000,29472.77000000,95430.82431000,1682639999999
1682640000000,29472.77000000,29599.54000000,28891.00000000,29311.70000000,54298.16578000,1682726399999
1682726400000,29311.69000000,29448.88000000,29031.00000000,29230.45000000,20466.83058000,1682812799999
1682812800000,29230.45000000,29969.39000000,29079.59000000,29233.21000000,39752.53720000,1682899199999
1682899200000,29233.20000000,29337.34000000,27666.95000000,28068.26000000,64433.65958000,1682985599999
1682985600000,28068.26000000,28879.88000000,27872.00000000,28669.86000000,50824.52240000,1683071999999
1683072000000,28669.85000000,29266.66000000,28113.69000000,29026.16000000,64615.79213000,1683158399999
1683158400000,29026.16000000,29379.83000000,28663.64000000,28838.16000000,42575.47501000,1683244799999
1683244800000,28838.16000000,29677.00000000,28800.00000000,29505.61000000,58415.83048000,1683331199999
1683331200000,29505.60000000,29820.00000000,28300.00000000,28848.20000000,49249.28459000,1683417599999
1683417600000,28848.19000000,29138.29000000,28395.23000000,28430.10000000,30003.41028000,1683503999999
1683504000000,28430.09000000,28631.01000000,27262.00000000,27668.79000000,68244.36179000,1683590399999
1683590400000,27668.80000000,27818.00000000,27353.00000000,27628.27000000,40113.31069000,1683676799999
1683676800000,27628.28000000,28331.42000000,26777.00000000,27598.75000000,71155.11355000,1683763199999
1683763200000,27598.74000000,27630.14000000,26702.05000000,26968.62000000,47635.31365000,1683849599999
1683849600000,26968.61000000,27091.12000000,25811.46000000,26795.01000000,67207.93494000,1683935999999
1683936000000,26795.01000000,27045.45000000,26692.03000000,26775.28000000,22814.90421000,1684022399999
1684022400000,26775.27000000,27200.00000000,26560.53000000,26917.62000000,21594.80360000,1684108799999
1684108800000,26917.61000000,27663.59000000,26726.00000000,27162.14000000,40430.08333000,1684195199999
1684195200000,27162.15000000,27296.89000000,26852.11000000,27033.84000000,33270.45451000,1684281599999
1684281600000,27033.85000000,27500.00000000,26544.71000000,27405.61000000,42958.97785000,1684367999999
1684368000000,27405.62000000,27485.33000000,26361.20000000,26821.28000000,49198.65143000,1684454399999
1684454400000,26821.28000000,27183.60000000,26630.00000000,26880.26000000,28754.13544000,1684540799999
1684540800000,26880.26000000,27150.00000000,26825.11000000,27102.43000000,14434.54718000,1684627199999
1684627200000,27102.42000000,27277.55000000,26666.03000000,26747.78000000,21347.87279000,1684713599999
1684713600000,26747.78000000,27099.89000000,26538.21000000,26849.27000000,26458.83828000,1684799999999
1684800000000,26849.28000000,27495.83000000,26798.11000000,27219.61000000,38700.83858000,1684886399999
1684886400000,27219.61000000,27219.61000000,26080.50000000,26329.01000000,54393.06570000,1684972799999
1684972800000,26329.00000000,26631.98000000,25871.89000000,26473.79000000,37435.44895000,1685059199999
1685059200000,26473.80000000,26932.16000000,26327.24000000,26705.92000000,35061.18713000,1685145599999
1685145600000,26705.93000000,26895.00000000,26551.00000000,26854.27000000,15095.68670000,1685231999999
1685232000000,26854.28000000,28261.32000000,26764.36000000,28065.00000000,43916.00855000,1685318399999
1685318400000,28065.01000000,28447.14000000,27524.60000000,27736.40000000,42385.41945000,1685404799999
1685404800000,27736.39000000,28038.59000000,27554.00000000,27694.40000000,32686.75371000,1685491199999
1685491200000,27694.39000000,27835.51000000,26839.01000000,27210.35000000,46588.80573000,1685577599999
1685577600000,27210.36000000,27350.00000000,26605.05000000,26817.93000000,39217.80880000,1685663999999
1685664000000,26817.93000000,27300.00000000,26505.00000000,27242.59000000,36380.90269000,1685750399999
1685750400000,27242.59000000,27333.29000000,26914.93000000,27069.22000000,16595.34117000,1685836799999
1685836800000,27069.22000000,27455.02000000,26951.00000000,27115.21000000,19258.41049000,1685923199999
1685923200000,27115.20000000,27129.33000000,25388.00000000,25728.20000000,65805.60305000,1686009599999
1686009600000,25728.20000000,27355.33000000,25351.02000000,27230.08000000,68392.60438000,1686095999999
1686096000000,27230.07000000,27391.77000000,26125.01000000,26339.34000000,59619.44364000,1686182399999
1686182400000,26339.34000000,26810.00000000,26210.00000000,26498.61000000,31075.51083000,1686268799999
1686268800000,26498.62000000,26783.33000000,26269.91000000,26477.81000000,27934.70970000,1686355199999
1686355200000,26477.80000000,26533.87000000,25358.00000000,25841.21000000,64944.60108000,1686441599999
1686441600000,25841.22000000,26206.88000000,25634.70000000,25925.55000000,30014.29595000,1686527999999
1686528000000,25925.54000000,26106.48000000,25602.11000000,25905.19000000,29900.50893000,1686614399999
1686614400000,25905.20000000,26433.21000000,25712.57000000,25934.25000000,41065.60853000,1686700799999
1686700800000,25934.24000000,26098.00000000,24820.56000000,25128.60000000,45077.31608000,1686787199999
1686787200000,25128.60000000,25759.01000000,24800.00000000,25598.49000000,48664.86063000,1686873599999
1686873600000,25598.49000000,26518.00000000,25175.56000000,26345.00000000,51596.91662000,1686959999999
1686960000000,26345.01000000,26839.99000000,26181.00000000,26516.99000000,27842.21950000,1687046399999
1687046400000,26516.99000000,26700.00000000,26255.85000000,26339.97000000,21538.31022000,1687132799999
1687132800000,26339.98000000,27068.09000000,26256.61000000,26844.35000000,35872.65974000,1687219199999
1687219200000,26844.35000000,28402.74000000,26652.00000000,28307.99000000,69666.95525000,1687305599999
1687305600000,28308.00000000,30800.00000000,28257.99000000,29993.89000000,108926.40412000,1687391999999
1687392000000,29993.89000000,30500.00000000,29525.61000000,29884.92000000,59054.56460000,1687478399999
1687478400000,29884.92000000,31431.94000000,29800.00000000,30688.50000000,73931.89635000,1687564799999
1687564800000,30688.51000000,30800.00000000,30250.00000000,30527.43000000,30513.30135000,1687651199999
1687651200000,30527.44000000,31046.01000000,30277.49000000,30462.66000000,30223.44801000,1687737599999
1687737600000,30462.67000000,30666.00000000,29930.00000000,30267.99000000,45180.41489000,1687823999999
1687824000000,30267.99000000,30994.97000000,30226.17000000,30692.44000000,42699.64157000,1687910399999
1687910400000,30692.44000000,30709.74000000,29858.80000000,30077.41000000,40463.51937000,1687996799999
1687996800000,30077.40000000,30843.98000000,30049.98000000,30447.31000000,36330.62903000,1688083199999
1688083200000,30447.31000000,31282.00000000,29500.00000000,30472.00000000,89419.07618000,1688169599999
1688169600000,30471.99000000,30661.60000000,30320.57000000,30585.90000000,17501.75075000,1688255999999
1688256000000,30585.90000000,30791.00000000,30155.00000000,30617.03000000,23286.41019000,1688342399999
1688342400000,30617.02000000,31380.00000000,30570.27000000,31156.20000000,43761.64311000,1688428799999
1688428800000,31156.20000000,31350.69000000,30620.00000000,30766.51000000,33206.11943000,1688515199999
1688515200000,30766.52000000,30878.07000000,30200.00000000,30504.81000000,33215.67122000,1688601599999
1688601600000,30504.80000000,31500.00000000,29850.45000000,29895.43000000,71319.62610000,1688687999999
1688688000000,29895.42000000,30449.00000000,29701.02000000,30344.70000000,34070.53895000,1688774399999
1688774400000,30344.70000000,30386.81000000,30044.47000000,30284.63000000,13094.59042000,1688860799999
1688860800000,30284.63000000,30445.52000000,30061.12000000,30160.71000000,15388.50196000,1688947199999
1688947200000,30160.71000000,31045.78000000,29950.00000000,30411.57000000,41262.87652000,1689033599999
1689033600000,30411.57000000,30813.63000000,30300.00000000,30622.10000000,28476.83311000,1689119999999
1689120000000,30622.10000000,30983.25000000,30210.00000000,30380.00000000,38108.99669000,1689206399999
1689206400000,30380.00000000,31804.20000000,30251.00000000,31454.23000000,70772.51836000,1689292799999
1689292800000,31454.23000000,31630.00000000,29900.00000000,30312.01000000,60749.48424000,1689379199999
1689379200000,30312.00000000,30390.90000000,30200.00000000,30289.52000000,14118.55329000,1689465599999
1689465600000,30289.52000000,30441.46000000,30064.29000000,30231.99000000,15760.12810000,1689551999999
1689552000000,30232.00000000,30336.96000000,29659.20000000,30138.00000000,30882.76839000,1689638399999
1689638400000,30138.01000000,30239.78000000,29512.00000000,29859.13000000,30003.86010000,1689724799999
1689724800000,29859.14000000,30189.09000000,29761.96000000,29909.21000000,25657.36137000,1689811199999
1689811200000,29909.21000000,30417.46000000,29570.96000000,29800.00000000,37540.68193000,1689897599999
1689897600000,29800.00000000,30061.70000000,29726.34000000,29901.72000000,23881.40865000,1689983999999
1689984000000,29901.72000000,29999.00000000,29625.10000000,29794.00000000,14660.40467000,1690070399999
1690070400000,29793.99000000,30350.00000000,29730.00000000,30083.75000000,18292.78637000,1690156799999
1690156800000,30083.75000000,30099.58000000,28861.90000000,29176.50000000,39628.99691000,1690243199999
1690243200000,29176.50000000,29376.00000000,29047.65000000,29228.91000000,21565.74780000,1690329599999
1690329600000,29228.91000000,29690.00000000,29096.94000000,29351.96000000,33931.63366000,1690415999999
1690416000000,29351.95000000,29567.49000000,29083.85000000,29222.78000000,22476.47626000,1690502399999
1690502400000,29222.78000000,29542.22000000,29123.12000000,29314.14000000,23993.61627000,1690588799999
1690588800000,29314.14000000,29406.92000000,29256.18000000,29352.90000000,10851.36844000,1690675199999
1690675200000,29352.90000000,29449.00000000,29033.24000000,29281.09000000,15706.97441000,1690761599999
1690761600000,29281.09000000,29530.00000000,29101.80000000,29232.25000000,22605.48964000,1690847999999
1690848000000,29232.26000000,29739.25000000,28585.70000000,29705.99000000,44719.65162000,1690934399999
1690934400000,29705.99000000,30047.50000000,28927.50000000,29186.01000000,48181.65141000,1691020799999
1691020800000,29186.00000000,29433.33000000,28968.00000000,29193.64000000,26476.91994000,1691107199999
1691107200000,29193.65000000,29333.08000000,28807.54000000,29113.99000000,23551.95217000,1691193599999
1691193600000,29114.00000000,29152.23000000,28978.64000000,29072.13000000,11645.52018000,1691279999999
1691280000000,29072.13000000,29205.09000000,28991.88000000,29088.42000000,13178.19720000,1691366399999
1691366400000,29088.43000000,29276.78000000,28701.03000000,29211.06000000,30966.87746000,1691452799999
1691452800000,29211.06000000,30244.00000000,29146.45000000,29770.42000000,45700.53392000,1691539199999
1691539200000,29770.41000000,30160.00000000,29376.67000000,29581.99000000,38003.88725000,1691625599999
1691625600000,29581.99000000,29738.00000000,29320.20000000,29455.75000000,23463.45373000,1691711999999
1691712000000,29455.76000000,29564.52000000,29252.45000000,29426.03000000,20637.04430000,1691798399999
1691798400000,29426.02000000,29481.35000000,29381.56000000,29430.17000000,8971.48068000,1691884799999
1691884800000,29430.18000000,29474.65000000,29272.32000000,29303.84000000,11101.70947000,1691971199999
1691971200000,29303.85000000,29695.32000000,29102.45000000,29430.93000000,31443.11532000,1692057599999
1692057600000,29430.92000000,29499.26000000,29059.60000000,29200.00000000,27503.87691000,1692143999999
1692144000000,29200.01000000,29259.85000000,28723.08000000,28730.51000000,32996.69854000,1692230399999
1692230400000,28730.51000000,28783.48000000,25166.00000000,26623.41000000,100271.54033000,1692316799999
1692316800000,26623.41000000,26832.60000000,25619.00000000,26054.00000000,69790.65711000,1692403199999
1692403200000,26054.00000000,26281.00000000,25801.09000000,26100.01000000,26160.75343000,1692489599999
1692489600000,26100.01000000,26299.00000000,25971.05000000,26189.99000000,19056.91209000,1692575999999
1692576000000,26190.00000000,26258.42000000,25812.00000000,26126.92000000,30267.24233000,1692662399999
1692662400000,26126.92000000,26139.42000000,25300.00000000,26056.00000000,34247.06688000,1692748799999
1692748800000,26055.99000000,26819.27000000,25812.82000000,26432.72000000,44023.69978000,1692835199999
1692835200000,26432.71000000,26577.87000000,25864.00000000,26180.05000000,30205.22116000,1692921599999
1692921600000,26180.05000000,26314.05000000,25777.15000000,26060.01000000,27753.33772000,1693007999999
1693008000000,26060.00000000,26125.77000000,25985.92000000,26017.37000000,10022.22322000,1693094399999
1693094400000,26017.38000000,26182.23000000,25966.11000000,26101.77000000,12099.64216000,1693180799999
1693180800000,26101.78000000,26253.99000000,25864.50000000,26120.00000000,22692.62655000,1693267199999
1693267200000,26120.00000000,28142.85000000,25922.00000000,27716.34000000,74251.99488000,1693353599999
1693353600000,27716.34000000,27768.57000000,27017.24000000,27299.99000000,35448.25848000,1693439999999
1693440000000,27299.99000000,27587.51000000,25655.01000000,25940.78000000,51032.80401000,1693526399999
1693526400000,25940.77000000,26156.00000000,25333.75000000,25805.05000000,41032.15056000,1693612799999
1693612800000,25805.04000000,25987.50000000,25752.47000000,25869.51000000,16250.77698000,1693699199999
1693699200000,25869.52000000,26135.00000000,25800.00000000,25971.21000000,17474.47667000,1693785599999
1693785600000,25971.21000000,26108.02000000,25631.21000000,25826.02000000,21777.59609000,1693871999999
1693872000000,25826.03000000,25915.49000000,25562.62000000,25792.10000000,21323.39337000,1693958399999
1693958400000,25792.11000000,26040.00000000,25372.51000000,25759.95000000,27262.52386000,1694044799999
1694044800000,25759.95000000,26443.14000000,25615.38000000,26255.00000000,27687.49567000,1694131199999
1694131200000,26255.00000000,26445.50000000,25647.26000000,25910.50000000,28999.76471000,1694217599999
1694217600000,25910.50000000,25945.09000000,25796.64000000,25901.61000000,10980.62277000,1694303999999
1694304000000,25901.60000000,26033.66000000,25570.57000000,25841.61000000,18738.26914000,1694390399999
1694390400000,25841.60000000,25900.69000000,24901.00000000,25162.52000000,41682.32000000,1694476799999
1694476800000,25162.53000000,26567.00000000,25131.48000000,25840.10000000,56434.38537000,1694563199999
1694563200000,25840.10000000,26405.22000000,25764.17000000,26222.00000000,31610.82753000,1694649599999
1694649600000,26222.00000000,26860.49000000,26126.77000000,26522.73000000,38333.17250000,1694735999999
1694736000000,26522.73000000,26888.00000000,26224.00000000,26600.00000000,26227.29369000,1694822399999
1694822400000,26599.99000000,26777.00000000,26445.00000000,26559.67000000,13960.93351000,1694908799999
1694908800000,26559.67000000,26623.25000000,26399.00000000,26527.51000000,12998.10277000,1694995199999
1694995200000,26527.50000000,27409.00000000,26377.35000000,26762.51000000,43000.43256000,1695081599999
1695081600000,26762.50000000,27483.57000000,26667.79000000,27210.26000000,36190.52187000,1695167999999
1695168000000,27210.25000000,27388.63000000,26800.00000000,27125.00000000,34207.21867000,1695254399999
1695254400000,27125.01000000,27159.60000000,26377.70000000,26568.08000000,34476.82662000,1695340799999
1695340800000,26568.08000000,26743.38000000,26468.77000000,26580.14000000,18198.22920000,1695427199999
1695427200000,26580.14000000,26632.81000000,26509.00000000,26575.96000000,9440.70260000,1695513599999
1695513600000,26575.97000000,26738.54000000,26122.08000000,26248.38000000,15706.65771000,1695599999999
1695600000000,26248.39000000,26446.15000000,25990.46000000,26304.81000000,26266.20390000,1695686399999
1695686400000,26304.80000000,26397.46000000,26088.34000000,26221.67000000,18495.35066000,1695772799999
1695772800000,26221.68000000,26850.00000000,26112.06000000,26372.99000000,34771.57978000,1695859199999
1695859200000,26373.00000000,27308.48000000,26342.40000000,27021.39000000,44517.83491000,1695945599999
1695945600000,27021.39000000,27244.89000000,26665.16000000,26906.96000000,28478.76219000,1696031999999
1696032000000,26906.96000000,27094.99000000,26886.31000000,26962.56000000,12804.62307000,1696118399999
1696118400000,26962.57000000,28065.51000000,26954.09000000,27992.57000000,24602.81468000,1696204799999
1696204800000,27992.58000000,28580.00000000,27281.44000000,27494.51000000,57071.14241000,1696291199999
1696291200000,27494.51000000,27676.52000000,27160.50000000,27426.46000000,28928.96555000,1696377599999
1696377600000,27426.45000000,27839.72000000,27202.00000000,27778.57000000,29816.14200000,1696463999999
1696464000000,27778.57000000,28120.39000000,27352.00000000,27410.39000000,30681.49619000,1696550399999
1696550400000,27410.39000000,28295.00000000,27175.94000000,27931.09000000,37983.24277000,1696636799999
1696636800000,27931.10000000,28029.67000000,27842.08000000,27956.67000000,13348.83825000,1696723199999
1696723200000,27956.67000000,28095.14000000,27687.50000000,27917.05000000,19693.56921000,1696809599999
1696809600000,27917.06000000,27987.93000000,27260.00000000,27590.12000000,31534.74639000,1696895999999
1696896000000,27590.12000000,27735.00000000,27298.00000000,27390.12000000,22776.84383000,1696982399999
1696982400000,27390.12000000,27477.39000000,26538.66000000,26875.52000000,37349.44706000,1697068799999
1697068800000,26875.52000000,26947.04000000,26555.00000000,26759.63000000,23428.64112000,1697155199999
1697155200000,26759.63000000,27130.00000000,26685.00000000,26862.00000000,24115.76499000,1697241599999
1697241600000,26862.00000000,26989.58000000,26789.00000000,26852.48000000,10417.25576000,1697327999999
1697328000000,26852.48000000,27293.33000000,26808.25000000,27154.15000000,15274.69170000,1697414399999
1697414400000,27154.14000000,30000.00000000,27112.66000000,28500.78000000,78399.22445000,1697500799999
1697500800000,28500.77000000,28613.65000000,28069.32000000,28395.91000000,38428.44532000,1697587199999
1697587200000,28395.91000000,28982.36000000,28142.87000000,28320.00000000,32162.47591000,1697673599999
1697673600000,28320.00000000,28916.89000000,28100.66000000,28713.71000000,35895.50179000,1697759999999
1697760000000,28713.71000000,30207.55000000,28578.29000000,29669.04000000,59422.09920000,1697846399999
1697846400000,29669.05000000,30379.99000000,29464.77000000,29909.80000000,27517.51897000,1697932799999
1697932800000,29909.80000000,30248.00000000,29640.00000000,29992.46000000,22852.54563000,1698019199999
1698019200000,29992.46000000,34741.91000000,29883.60000000,33069.99000000,93513.64246000,1698105599999
1698105600000,33069.99000000,35280.00000000,32832.34000000,33922.73000000,115265.02418000,1698191999999
1698192000000,33922.73000000,35132.85000000,33679.05000000,34496.05000000,54887.02529000,1698278399999
1698278400000,34496.05000000,34824.13000000,33751.00000000,34151.66000000,39744.66255000,1698364799999
1698364800000,34151.66000000,34245.00000000,33390.95000000,33892.02000000,32330.40106000,1698451199999
1698451200000,33892.01000000,34493.33000000,33860.00000000,34081.00000000,16880.13144000,1698537599999
1698537600000,34081.01000000,34750.11000000,33930.00000000,34525.89000000,20685.52176000,1698623999999
1698624000000,34525.88000000,34856.00000000,34062.84000000,34474.73000000,33657.95976000,1698710399999
1698710400000,34474.74000000,34720.49000000,34025.00000000,34639.77000000,32737.89822000,1698796799999
1698796800000,34639.78000000,35582.00000000,34097.39000000,35421.43000000,53473.28165000,1698883199999
1698883200000,35421.43000000,35984.99000000,34300.00000000,34941.59000000,48015.57732000,1698969599999
1698969600000,34941.58000000,34946.50000000,34120.00000000,34716.78000000,39071.20644000,1699055999999
1699056000000,34716.78000000,35255.00000000,34585.18000000,35062.07000000,18377.55545000,1699142399999
1699142400000,35062.06000000,35380.00000000,34448.00000000,35011.88000000,24528.73376000,1699228799999
1699228800000,35011.89000000,35276.33000000,34725.90000000,35046.09000000,22346.47086000,1699315199999
1699315200000,35046.09000000,35888.00000000,34523.06000000,35399.12000000,38688.73692000,1699401599999
1699401600000,35399.13000000,36106.00000000,35100.00000000,35624.72000000,33401.34137000,1699487999999
1699488000000,35624.72000000,37972.24000000,35534.05000000,36701.09000000,82537.88885000,1699574399999
1699574400000,36701.10000000,37526.00000000,36324.71000000,37301.63000000,43414.04898000,1699660799999
1699660800000,37301.63000000,37408.26000000,36666.93000000,37130.00000000,22984.97235000,1699747199999
1699747200000,37129.99000000,37222.22000000,36731.10000000,37064.13000000,17687.18874000,1699833599999
1699833600000,37064.13000000,37417.99000000,36333.00000000,36462.93000000,32798.18252000,1699919999999
1699920000000,36462.93000000,36744.00000000,34800.00000000,35551.19000000,45503.68416000,1700006399999
1700006400000,35551.20000000,37980.00000000,35360.00000000,37858.20000000,53569.13385000,1700092799999
1700092800000,37858.20000000,37929.54000000,35500.00000000,36163.51000000,47490.39566000,1700179199999
1700179200000,36163.51000000,36800.00000000,35861.10000000,36613.92000000,38283.61112000,1700265599999
1700265600000,36613.91000000,36845.49000000,36178.58000000,36568.10000000,17102.24186000,1700351999999
1700352000000,36568.11000000,37500.00000000,36384.02000000,37359.86000000,21246.34648000,1700438399999
1700438400000,37359.85000000,37750.00000000,36677.00000000,37448.78000000,36022.70291000,1700524799999
1700524800000,37448.79000000,37649.44000000,35735.00000000,35741.65000000,47646.54804000,1700611199999
1700611200000,35741.65000000,37861.10000000,35632.01000000,37408.34000000,45051.30697000,1700697599999
1700697600000,37408.35000000,37653.44000000,36870.00000000,37294.28000000,23827.92882000,1700783999999
1700784000000,37294.27000000,38414.00000000,37251.51000000,37713.57000000,44680.80646000,1700870399999
1700870400000,37713.57000000,37888.00000000,37591.10000000,37780.67000000,11396.14464000,1700956799999
1700956800000,37780.67000000,37814.63000000,37150.00000000,37447.43000000,21264.53723000,1701043199999
1701043200000,37447.42000000,37569.23000000,36707.00000000,37242.70000000,30001.07376000,1701129599999
1701129600000,37242.70000000,38377.00000000,36868.41000000,37818.87000000,37544.46667000,1701215999999
1701216000000,37818.88000000,38450.00000000,37570.00000000,37854.64000000,32994.19107000,1701302399999
1701302400000,37854.65000000,38145.85000000,37500.00000000,37723.96000000,24740.29147000,1701388799999
1701388800000,37723.97000000,38999.00000000,37615.86000000,38682.52000000,43415.66324000,1701475199999
1701475200000,38682.51000000,39717.14000000,38641.61000000,39450.35000000,26696.92161000,1701561599999
1701561600000,39450.35000000,40250.00000000,39274.86000000,39972.26000000,26710.65335000,1701647999999
1701648000000,39972.26000000,42420.00000000,39972.26000000,41991.10000000,79272.33059000,1701734399999
1701734400000,41991.10000000,44488.00000000,41414.00000000,44073.32000000,67490.74644000,1701820799999
1701820800000,44073.82000000,44297.21000000,43335.28000000,43762.69000000,51431.10492000,1701907199999
1701907200000,43762.69000000,44047.33000000,42821.10000000,43273.14000000,47103.26845000,1701993599999
1701993600000,43273.15000000,44700.00000000,43081.10000000,44170.99000000,42900.37556000,1702079999999
1702080000000,44171.00000000,44358.02000000,43584.51000000,43713.60000000,24925.97008000,1702166399999
1702166400000,43713.59000000,44049.00000000,43563.00000000,43789.51000000,18956.61758000,1702252799999
1702252800000,43789.50000000,43804.50000000,40222.00000000,41253.40000000,76663.89804000,1702339199999
1702339200000,41253.41000000,42104.12000000,40680.00000000,41492.39000000,42722.69773000,1702425599999
1702425600000,41492.38000000,43475.20000000,40555.00000000,42869.03000000,45865.99773000,1702511999999
1702512000000,42869.03000000,43420.00000000,41400.00000000,43022.26000000,42047.05709000,1702598399999
1702598400000,43022.26000000,43080.81000000,41666.00000000,41940.30000000,33421.79320000,1702684799999
1702684800000,41940.29000000,42724.43000000,41605.00000000,42278.03000000,24118.85747000,1702771199999
1702771200000,42278.02000000,42424.07000000,41252.00000000,41374.65000000,27722.11452000,1702857599999
1702857600000,41374.64000000,42757.81000000,40542.93000000,42657.80000000,46734.09250000,1702943999999
1702944000000,42657.80000000,43497.00000000,41811.10000000,42275.99000000,40927.86444000,1703030399999
1703030400000,42275.99000000,44283.00000000,42206.00000000,43668.93000000,48710.29470000,1703116799999
1703116800000,43668.92000000,44242.35000000,43286.72000000,43861.80000000,34624.29384000,1703203199999
1703203200000,43861.79000000,44398.26000000,43412.54000000,43969.04000000,32783.19638000,1703289599999
1703289600000,43969.04000000,43988.68000000,43291.10000000,43702.16000000,16557.12930000,1703375999999
1703376000000,43702.15000000,43946.00000000,42500.00000000,42991.50000000,25144.33496000,1703462399999
1703462400000,42991.50000000,43802.32000000,42720.43000000,43576.13000000,27021.23992000,1703548799999
1703548800000,43576.12000000,43592.68000000,41637.60000000,42508.93000000,41010.04282000,1703635199999
1703635200000,42508.93000000,43677.00000000,42098.69000000,43428.85000000,36191.21136000,1703721599999
1703721600000,43428.86000000,43787.57000000,42241.79000000,42563.76000000,35150.52485000,1703807999999
1703808000000,42563.76000000,43111.00000000,41300.00000000,42066.95000000,42597.18912000,1703894399999
1703894400000,42066.94000000,42612.32000000,41520.30000000,42140.28000000,22906.57818000,1703980799999
1703980800000,42140.29000000,42899.00000000,41965.84000000,42283.58000000,23585.91603000,1704067199999
1704067200000,42283.58000000,44184.10000000,42180.77000000,44179.55000000,27174.29903000,1704153599999
1704153600000,44179.55000000,45879.63000000,44148.34000000,44946.91000000,65146.40661000,1704239999999
1704240000000,44946.91000000,45500.00000000,40750.00000000,42845.23000000,81194.55173000,1704326399999
1704326400000,42845.23000000,44729.58000000,42613.77000000,44151.10000000,48038.06334000,1704412799999
1704412800000,44151.10000000,44357.46000000,42450.00000000,44145.11000000,48075.25327000,1704499199999
1704499200000,44145.12000000,44214.42000000,43397.05000000,43968.32000000,17835.06144000,1704585599999
1704585600000,43968.32000000,44480.59000000,43572.09000000,43929.02000000,23023.85080000,1704671999999
1704672000000,43929.01000000,47248.99000000,43175.00000000,46951.04000000,72814.57589000,1704758399999
1704758400000,46951.04000000,47972.00000000,44748.67000000,46110.00000000,69927.66617000,1704844799999
1704844800000,46110.00000000,47695.93000000,44300.36000000,46653.99000000,89911.41203000,1704931199999
1704931200000,46654.00000000,48969.48000000,45606.06000000,46339.16000000,87470.32960000,1705017599999
1705017600000,46339.16000000,46515.53000000,41500.00000000,42782.73000000,86327.93707000,1705103999999
1705104000000,42782.74000000,43257.00000000,42436.12000000,42847.99000000,36118.47464000,1705190399999
1705190400000,42847.99000000,43079.00000000,41720.00000000,41732.35000000,28228.40894000,1705276799999
1705276800000,41732.35000000,43400.43000000,41718.05000000,42511.10000000,40269.89303000,1705363199999
1705363200000,42511.10000000,43578.01000000,42050.00000000,43137.95000000,45045.74589000,1705449599999
1705449600000,43137.94000000,43198.00000000,42200.69000000,42776.10000000,33266.21388000,1705535999999
1705536000000,42776.09000000,42930.00000000,40683.28000000,41327.50000000,43907.51641000,1705622399999
1705622400000,41327.51000000,42196.86000000,40280.00000000,41659.03000000,48342.74559000,1705708799999
1705708800000,41659.03000000,41872.56000000,41456.30000000,41696.04000000,15923.99493000,1705795199999
1705795200000,41696.05000000,41881.39000000,41500.98000000,41580.33000000,11730.16301000,1705881599999
1705881600000,41580.32000000,41689.65000000,39431.58000000,39568.02000000,55426.19911000,1705967999999
1705968000000,39568.02000000,40176.74000000,38555.00000000,39897.60000000,57956.63351000,1706054399999
1706054400000,39897.59000000,40555.00000000,39484.19000000,40084.88000000,39293.82861000,1706140799999
1706140800000,40084.89000000,40300.24000000,39550.00000000,39961.09000000,31022.11853000,1706227199999
1706227200000,39961.09000000,42246.82000000,39822.52000000,41823.51000000,47384.96726000,1706313599999
1706313600000,41823.51000000,42200.00000000,41394.34000000,42120.63000000,16224.41667000,1706399999999
1706400000000,42120.63000000,42842.68000000,41620.81000000,42031.06000000,27294.99838000,1706486399999
1706486400000,42031.05000000,43333.00000000,41804.88000000,43302.70000000,31542.74207000,1706572799999
1706572800000,43302.71000000,43882.36000000,42683.99000000,42941.10000000,37619.24546000,1706659199999
1706659200000,42941.10000000,43745.11000000,42276.84000000,42580.00000000,39871.13688000,1706745599999
1706745600000,42580.00000000,43285.13000000,41884.28000000,43082.94000000,35231.04664000,1706831999999
1706832000000,43082.95000000,43488.00000000,42546.79000000,43200.00000000,29672.14418000,1706918399999
1706918400000,43199.99000000,43380.01000000,42880.00000000,43011.09000000,12033.40998000,1707004799999
1707004800000,43011.10000000,43119.04000000,42222.00000000,42582.88000000,17066.89404000,1707091199999
1707091200000,42582.88000000,43569.76000000,42258.10000000,42708.70000000,29467.75905000,1707177599999
1707177600000,42708.70000000,43399.98000000,42574.00000000,43098.95000000,24675.85433000,1707263999999
1707264000000,43098.96000000,44396.50000000,42788.00000000,44349.60000000,34392.59915000,1707350399999
1707350400000,44349.60000000,45614.30000000,44331.10000000,45288.65000000,45439.62231000,1707436799999
1707436800000,45288.66000000,48200.00000000,45242.12000000,47132.77000000,73503.48100000,1707523199999
1707523200000,47132.78000000,48170.00000000,46800.00000000,47751.09000000,24802.35936000,1707609599999
1707609600000,47751.08000000,48592.66000000,47557.16000000,48299.99000000,29958.80837000,1707695999999
1707696000000,48300.00000000,50334.82000000,47710.01000000,49917.27000000,59009.96705000,1707782399999
1707782400000,49917.28000000,50368.61000000,48300.95000000,49699.59000000,55551.56706000,1707868799999
1707868800000,49699.60000000,52043.71000000,49225.01000000,51795.17000000,57046.37401000,1707955199999
1707955200000,51795.17000000,52816.62000000,51314.00000000,51880.00000000,53816.03055000,1708041599999
1708041600000,51880.01000000,52572.08000000,51566.00000000,52124.11000000,37772.25318000,1708127999999
1708128000000,52124.10000000,52162.82000000,50625.00000000,51642.64000000,25674.00622000,1708214399999
1708214400000,51642.64000000,52377.00000000,51163.28000000,52137.67000000,21992.10363000,1708300799999
1708300800000,52137.68000000,52488.77000000,51677.00000000,51774.73000000,29534.99432000,1708387199999
1708387200000,51774.74000000,52985.00000000,50760.37000000,52258.82000000,49614.47318000,1708473599999
1708473600000,52258.82000000,52366.80000000,50625.00000000,51849.39000000,43079.40049000,1708559999999
1708560000000,51849.38000000,52065.78000000,50940.78000000,51288.42000000,35309.44574000,1708646399999
1708646400000,51288.42000000,51548.54000000,50521.00000000,50744.15000000,30545.79544000,1708732799999
1708732800000,50744.15000000,51698.00000000,50585.00000000,51568.22000000,16560.42110000,1708819199999
1708819200000,51568.21000000,51958.55000000,51279.80000000,51728.85000000,18721.63159000,1708905599999
1708905600000,51728.85000000,54910.00000000,50901.44000000,54476.47000000,51256.72199000,1708991999999
1708992000000,54476.48000000,57588.15000000,54450.13000000,57037.34000000,67194.98562000,1709078399999
1709078400000,57037.35000000,64000.00000000,56691.85000000,62432.10000000,118763.46984000,1709164799999
1709164800000,62432.11000000,63676.35000000,60364.70000000,61130.98000000,78425.07603000,1709251199999
1709251200000,61130.99000000,63114.23000000,60777.00000000,62387.90000000,47737.93473000,1709337599999
1709337600000,62387.90000000,62433.19000000,61561.12000000,61987.28000000,25534.73659000,1709423999999
1709424000000,61987.28000000,63231.88000000,61320.00000000,63113.97000000,28994.90903000,1709510399999
1709510400000,63113.97000000,68499.00000000,62300.00000000,68245.71000000,84835.16005000,1709596799999
1709596800000,68245.71000000,69000.00000000,59005.00000000,63724.01000000,132696.78130000,1709683199999
1709683200000,63724.01000000,67641.10000000,62779.14000000,66074.04000000,78738.85491000,1709769599999
1709769600000,66074.04000000,67980.00000000,65551.00000000,66823.17000000,53059.88690000,1709855999999
1709856000000,66823.18000000,69990.00000000,66082.66000000,68124.19000000,74261.93284200,1709942399999
1709942400000,68124.20000000,68541.10000000,67861.10000000,68313.27000000,19872.89743000,1710028799999
1710028800000,68313.28000000,69887.61000000,68094.75000000,68955.88000000,38404.66835000,1710115199999
1710115200000,68955.88000000,72800.00000000,67024.96000000,72078.10000000,75292.82572600,1710201599999
1710201600000,72078.10000000,73000.00000000,68620.82000000,71452.01000000,68783.54669100,1710287999999
1710288000000,71452.00000000,73650.25000000,71333.31000000,73072.41000000,52659.71164700,1710374399999
1710374400000,73072.40000000,73777.00000000,68555.00000000,71388.94000000,71757.62874600,1710460799999
1710460800000,71388.94000000,72419.71000000,65600.00000000,69499.85000000,103334.03546000,1710547199999
1710547200000,69499.84000000,70043.00000000,64780.00000000,65300.63000000,55926.95336000,1710633599999
1710633600000,65300.64000000,68904.40000000,64533.00000000,68393.48000000,49742.21589000,1710719999999
1710720000000,68393.47000000,68956.00000000,66565.20000000,67609.99000000,55691.08088000,1710806399999
1710806400000,67610.00000000,68124.11000000,61555.00000000,61937.40000000,101005.32487000,1710892799999
1710892800000,61937.41000000,68100.00000000,60775.00000000,67840.51000000,90420.58592000,1710979199999
1710979200000,67840.51000000,68240.47000000,64529.01000000,65501.27000000,53357.48002000,1711065599999
1711065600000,65501.28000000,66649.62000000,62260.00000000,63796.64000000,51482.37821000,1711151999999
1711152000000,63796.64000000,65999.00000000,63000.00000000,63990.01000000,26410.11409000,1711238399999
1711238400000,63990.02000000,67628.69000000,63772.29000000,67209.99000000,31395.78015000,1711324799999
1711324800000,67210.00000000,71150.00000000,66385.06000000,69880.01000000,53431.14486000,1711411199999
1711411200000,69880.00000000,71561.10000000,69280.00000000,69988.00000000,38934.38417000,1711497599999
1711497600000,69987.99000000,71769.54000000,68359.18000000,69469.99000000,49119.35685000,1711583999999
1711584000000,69469.99000000,71552.06000000,68903.62000000,70780.60000000,35439.03239000,1711670399999
1711670400000,70780.60000000,70916.16000000,69009.00000000,69850.54000000,25445.08353000,1711756799999
1711756800000,69850.53000000,70321.10000000,69540.00000000,69582.18000000,13644.61142000,1711843199999
1711843200000,69582.17000000,71366.00000000,69562.99000000,71280.01000000,19396.34433000,1711929599999
1711929600000,71280.00000000,71288.23000000,68062.86000000,69649.80000000,41445.32039000,1712015999999
1712016000000,69649.81000000,69674.23000000,64550.00000000,65463.99000000,71799.82793000,1712102399999
1712102400000,65463.99000000,66903.63000000,64493.07000000,65963.28000000,39887.21778000,1712188799999
1712188800000,65963.27000000,69309.91000000,65064.52000000,68487.79000000,41510.48453000,1712275199999
1712275200000,68487.80000000,68756.67000000,65952.56000000,67820.62000000,37915.23073000,1712361599999
1712361600000,67820.63000000,69692.00000000,67447.83000000,68896.00000000,20134.28919000,1712447999999
1712448000000,68896.00000000,70326.29000000,68824.00000000,69360.39000000,21534.74433000,1712534399999
1712534400000,69360.38000000,72797.99000000,69043.24000000,71620.00000000,45723.87624000,1712620799999
1712620800000,71620.00000000,71758.19000000,68210.00000000,69146.00000000,39293.90242000,1712707199999
1712707200000,69146.00000000,71172.08000000,67518.00000000,70631.08000000,42006.02377000,1712793599999
1712793600000,70631.08000000,71305.89000000,69567.21000000,70006.23000000,31917.25595000,1712879999999
1712880000000,70006.22000000,71227.46000000,65086.86000000,67116.52000000,56072.86229000,1712966399999
1712966400000,67116.52000000,67929.00000000,60660.57000000,63924.51000000,71395.22019000,1713052799999
1713052800000,63924.52000000,65840.00000000,62134.00000000,65661.84000000,61599.17818000,1713139199999
1713139200000,65661.85000000,66867.07000000,62274.40000000,63419.99000000,52389.53069000,1713225599999
1713225600000,63419.99000000,64365.00000000,61600.00000000,63793.39000000,53435.29331000,1713311999999
1713312000000,63793.40000000,64499.00000000,59678.16000000,61277.37000000,50610.54509000,1713398399999
1713398400000,61277.38000000,64117.09000000,60803.35000000,63470.08000000,43601.60918000,1713484799999
1713484800000,63470.09000000,65450.00000000,59600.01000000,63818.01000000,69774.30271000,1713571199999
1713571200000,63818.01000000,65419.00000000,63090.07000000,64940.59000000,23137.42975000,1713657599999
1713657600000,64940.58000000,65695.56000000,64237.50000000,64941.15000000,19316.42152000,1713743999999
1713744000000,64941.15000000,67232.35000000,64500.00000000,66819.32000000,31397.99371000,1713830399999
1713830400000,66819.32000000,67183.01000000,65765.81000000,66414.00000000,22599.90004000,1713916799999
1713916800000,66414.00000000,67070.43000000,63606.06000000,64289.59000000,33595.69637000,1714003199999
1714003200000,64289.58000000,65297.94000000,62794.00000000,64498.34000000,31341.46338000,1714089599999
1714089600000,64498.33000000,64820.01000000,63297.48000000,63770.01000000,27085.19346000,1714175999999
1714176000000,63770.00000000,63923.41000000,62391.24000000,63461.98000000,20933.06052000,1714262399999
1714262400000,63461.98000000,64370.00000000,62781.00000000,63118.62000000,16949.20005000,1714348799999
1714348800000,63118.62000000,64228.35000000,61765.53000000,63866.00000000,28150.22947000,1714435199999
1714435200000,63866.00000000,64734.00000000,59191.60000000,60672.00000000,54947.65535000,1714521599999
1714521600000,60672.01000000,60841.63000000,56552.82000000,58364.97000000,81166.46823000,1714607999999
1714608000000,58364.97000000,59625.00000000,56911.84000000,59060.61000000,47583.81961000,1714694399999
1714694400000,59060.60000000,63333.00000000,58811.32000000,62882.01000000,43628.40143000,1714780799999
1714780800000,62882.01000000,64540.00000000,62541.03000000,63892.04000000,24368.69282000,1714867199999
1714867200000,63892.03000000,64646.00000000,62822.17000000,64012.00000000,18526.75029000,1714953599999
1714953600000,64012.00000000,65500.00000000,62700.00000000,63165.19000000,34674.91949000,1715039999999
1715040000000,63165.18000000,64422.41000000,62261.00000000,62312.08000000,25598.79472000,1715126399999
1715126400000,62312.07000000,63020.22000000,60888.00000000,61193.03000000,26121.19004000,1715212799999
1715212800000,61193.03000000,63429.03000000,60630.00000000,63074.01000000,30660.80610000,1715299199999
1715299200000,63074.00000000,63469.13000000,60187.12000000,60799.99000000,36529.34025000,1715385599999
1715385600000,60799.99000000,61515.00000000,60487.09000000,60825.99000000,13374.56936000,1715471999999
1715472000000,60825.99000000,61888.00000000,60610.00000000,61483.99000000,12753.13236000,1715558399999
1715558400000,61484.00000000,63450.00000000,60749.21000000,62940.08000000,32733.41839000,1715644799999
1715644800000,62940.09000000,63118.36000000,61142.77000000,61577.49000000,29088.72041000,1715731199999
1715731200000,61577.49000000,66444.16000000,61319.47000000,66206.50000000,43559.74719000,1715817599999
1715817600000,66206.51000000,66752.01000000,64602.77000000,65235.21000000,31106.36710000,1715903999999
1715904000000,65235.21000000,67451.20000000,65106.38000000,67024.00000000,26292.23409000,1715990399999
1715990400000,67024.00000000,67400.01000000,66600.00000000,66915.20000000,14441.25774000,1716076799999
1716076800000,66915.20000000,67700.00000000,65857.25000000,66274.01000000,18025.30409000,1716163199999
1716163200000,66274.00000000,71515.56000000,66060.31000000,71446.62000000,50816.70110000,1716249599999
1716249600000,71446.62000000,71979.00000000,69162.94000000,70148.34000000,49607.43360000,1716335999999
1716336000000,70148.34000000,70666.00000000,68842.19000000,69166.62000000,27673.18026000,1716422399999
1716422400000,69166.62000000,70096.12000000,66312.16000000,67969.65000000,40513.17374000,1716508799999
1716508800000,67969.66000000,69250.00000000,66600.12000000,68549.99000000,28095.83664000,1716595199999
1716595200000,68549.99000000,69610.00000000,68500.00000000,69290.57000000,12130.39418000,1716681599999
1716681600000,69290.56000000,69562.23000000,68128.01000000,68507.67000000,11872.11797000,1716767999999
1716768000000,68507.67000000,70687.56000000,68250.00000000,69436.43000000,23136.92737000,1716854399999
1716854400000,69436.43000000,69591.81000000,67277.91000000,68398.39000000,32622.97042000,1716940799999
1716940800000,68398.40000000,68935.68000000,67124.65000000,67652.42000000,23159.83149000,1717027199999
1717027200000,67652.41000000,69500.00000000,67128.00000000,68352.17000000,28478.21840000,1717113599999
1717113600000,68352.17000000,69044.10000000,66670.00000000,67540.01000000,26690.32184000,1717199999999
1717200000000,67540.01000000,67900.00000000,67428.44000000,67766.85000000,8837.66133000,1717286399999
1717286400000,67766.84000000,68460.00000000,67257.47000000,67765.63000000,15426.32529000,1717372799999
1717372800000,67765.62000000,70288.00000000,67612.48000000,68809.90000000,29633.37400000,1717459199999
1717459200000,68809.89000000,71063.45000000,68567.32000000,70537.84000000,29619.78489000,1717545599999
1717545600000,70537.83000000,71758.00000000,70383.66000000,71108.00000000,28703.18082000,1717631999999
1717632000000,71108.00000000,71700.00000000,70117.64000000,70799.06000000,21842.00449000,1717718399999
1717718400000,70799.06000000,71997.02000000,68420.00000000,69355.60000000,35598.45045000,1717804799999
1717804800000,69355.60000000,69582.20000000,69168.02000000,69310.46000000,9773.82967000,1717891199999
1717891200000,69310.46000000,69857.14000000,69130.24000000,69648.14000000,9890.56709000,1717977599999
1717977600000,69648.15000000,70195.94000000,69172.29000000,69540.00000000,17122.66941000,1718063999999
1718064000000,69540.00000000,69590.01000000,66051.00000000,67314.24000000,41436.01588000,1718150399999
1718150400000,67314.23000000,69999.00000000,66905.00000000,68263.99000000,37175.32356000,1718236799999
1718236800000,68263.98000000,68449.30000000,66251.78000000,66773.01000000,29079.55571000,1718323199999
1718323200000,66773.01000000,67370.24000000,65078.00000000,66043.99000000,28408.18797000,1718409599999
1718409600000,66043.99000000,66478.48000000,65857.10000000,66228.25000000,11451.80242000,1718495999999
1718496000000,66228.25000000,66998.70000000,66034.50000000,66676.87000000,9392.52223000,1718582399999
1718582400000,66676.86000000,67298.81000000,65130.00000000,66504.33000000,27386.16851000,1718668799999
1718668800000,66504.33000000,66588.23000000,64060.00000000,65175.32000000,42350.10244000,1718755199999
1718755200000,65175.32000000,65727.54000000,64666.00000000,64974.37000000,20060.79576000,1718841599999
1718841600000,64974.37000000,66482.94000000,64559.15000000,64869.99000000,24265.29031000,1718927999999
1718928000000,64869.99000000,65066.66000000,63379.35000000,64143.56000000,25993.56442000,1719014399999
1719014400000,64143.56000000,64546.81000000,63943.82000000,64262.01000000,7308.95542000,1719100799999
1719100800000,64262.01000000,64521.00000000,63178.32000000,63210.01000000,8224.45447000,1719187199999
1719187200000,63210.01000000,63369.80000000,58402.00000000,60293.30000000,52161.35414000,1719273599999
1719273600000,60293.30000000,62420.00000000,60257.06000000,61806.01000000,31189.24361000,1719359999999
1719360000000,61806.01000000,62487.81000000,60712.00000000,60864.99000000,22485.66463000,1719446399999
1719446400000,60864.98000000,62389.22000000,60606.63000000,61706.47000000,18344.28631000,1719532799999
1719532800000,61706.46000000,62225.31000000,60063.00000000,60427.84000000,24821.19255000,1719619199999
1719619200000,60427.84000000,61224.00000000,60383.77000000,60986.68000000,11509.55904000,1719705599999
1719705600000,60986.68000000,63058.76000000,60712.21000000,62772.01000000,17326.30136000,1719791999999
1719792000000,62772.01000000,63861.76000000,62497.20000000,62899.99000000,24547.10538000,1719878399999
1719878400000,62900.00000000,63288.83000000,61806.28000000,62135.47000000,18573.11875000,1719964799999
1719964800000,62135.46000000,62285.94000000,59400.00000000,60208.58000000,32160.11127000,1720051199999
1720051200000,60208.57000000,60498.19000000,56771.00000000,57050.01000000,54568.77276000,1720137599999
1720137600000,57050.02000000,57546.00000000,53485.93000000,56628.79000000,81348.24756000,1720223999999
1720224000000,56628.79000000,58475.00000000,56018.00000000,58230.13000000,21651.31558000,1720310399999
1720310400000,58230.13000000,58449.46000000,55724.37000000,55857.81000000,19118.93918000,1720396799999
1720396800000,55857.81000000,58236.73000000,54260.16000000,56714.62000000,48090.20490000,1720483199999
1720483200000,56714.61000000,58296.00000000,56289.45000000,58050.00000000,27732.20788000,1720569599999
1720569600000,58050.00000000,59470.00000000,57157.79000000,57725.85000000,24951.73799000,1720655999999
1720656000000,57725.85000000,59650.00000000,57050.00000000,57339.89000000,29761.05735000,1720742399999
1720742400000,57339.89000000,58526.68000000,56542.47000000,57889.10000000,23652.45690000,1720828799999
1720828800000,57889.09000000,59850.00000000,57756.63000000,59204.02000000,15357.74519000,1720915199999
1720915200000,59204.01000000,61420.69000000,59194.01000000,60797.91000000,21178.33907000,1721001599999
1721001600000,60797.91000000,64900.00000000,60632.30000000,64724.14000000,38690.97820000,1721087999999
1721088000000,64724.06000000,65388.97000000,62373.24000000,65043.99000000,42530.52915000,1721174399999
1721174400000,65044.00000000,66128.63000000,63854.00000000,64087.99000000,29567.52954000,1721260799999
1721260800000,64087.99000000,65133.30000000,63238.48000000,63987.92000000,22568.72250000,1721347199999
1721347200000,63987.92000000,67386.00000000,63300.67000000,66660.00000000,35634.72739000,1721433599999
1721433600000,66660.01000000,67598.00000000,66222.46000000,67139.96000000,14386.92434000,1721519999999
1721520000000,67139.97000000,68366.66000000,65777.00000000,68165.34000000,21819.11191000,1721606399999
1721606400000,68165.35000000,68474.55000000,66559.97000000,67532.01000000,21451.04303000,1721692799999
1721692800000,67532.00000000,67750.98000000,65441.08000000,65936.01000000,31406.15316000,1721779199999
1721779200000,65936.00000000,67102.01000000,65111.00000000,65376.00000000,23082.56277000,1721865599999
1721865600000,65376.01000000,66175.49000000,63456.70000000,65799.95000000,35126.42934000,1721951999999
1721952000000,65799.95000000,68200.00000000,65722.63000000,67907.99000000,24244.36023000,1722038399999
1722038400000,67908.00000000,69399.99000000,66650.00000000,67896.50000000,31710.21921000,1722124799999
1722124800000,67896.49000000,68318.43000000,67066.66000000,68249.88000000,10868.69394000,1722211199999
1722211200000,68249.88000000,70079.99000000,66428.00000000,66784.69000000,36467.29633000,1722297599999
1722297600000,66784.68000000,67000.00000000,65302.67000000,66188.00000000,23132.25441000,1722383999999
1722384000000,66188.00000000,66849.24000000,64530.00000000,64628.00000000,22625.43905000,1722470399999
1722470400000,64628.01000000,65659.78000000,62302.00000000,65354.02000000,35542.26854000,1722556799999
1722556800000,65354.02000000,65596.14000000,61230.01000000,61498.33000000,38820.42937000,1722643199999
1722643200000,61498.34000000,62198.22000000,59850.00000000,60697.99000000,28034.71567000,1722729599999
1722729600000,60697.99000000,61117.63000000,57122.77000000,58161.00000000,31616.52003000,1722815999999
1722816000000,58161.00000000,58305.59000000,49000.00000000,54018.81000000,162065.59186000,1722902399999
1722902400000,54018.82000000,57040.99000000,53950.00000000,56022.01000000,55884.77676000,1722988799999
1722988800000,56022.00000000,57736.05000000,54558.62000000,55134.16000000,44269.37684000,1723075199999
1723075200000,55133.76000000,62745.14000000,54730.00000000,61685.99000000,48349.52949000,1723161599999
1723161600000,61686.00000000,61744.37000000,59535.00000000,60837.99000000,30972.48017000,1723247999999
1723248000000,60837.99000000,61470.58000000,60242.00000000,60923.51000000,9995.20621000,1723334399999
1723334400000,60923.51000000,61858.00000000,58286.73000000,58712.59000000,19189.84512000,1723420799999
1723420800000,58712.59000000,60711.09000000,57642.21000000,59346.64000000,37009.91743000,1723507199999
1723507200000,59346.64000000,61578.10000000,58392.88000000,60587.15000000,27858.95851000,1723593599999
1723593600000,60587.16000000,61800.00000000,58433.18000000,58683.39000000,28422.76326000,1723679999999
1723680000000,58683.39000000,59849.38000000,56078.54000000,57541.06000000,37686.17622000,1723766399999
1723766400000,57541.05000000,59817.76000000,57098.62000000,58874.60000000,27610.84344000,1723852799999
1723852800000,58874.59000000,59700.00000000,58785.05000000,59491.99000000,7721.72931000,1723939199999
1723939200000,59491.99000000,60284.99000000,58408.92000000,58427.35000000,13634.85717000,1724025599999
1724025600000,58427.35000000,59617.63000000,57787.30000000,59438.50000000,22809.31251000,1724111999999
1724112000000,59438.50000000,61400.00000000,58548.23000000,59013.80000000,31477.44548000,1724198399999
1724198400000,59013.80000000,61820.93000000,58783.47000000,61156.03000000,27983.64220000,1724284799999
1724284800000,61156.03000000,61400.00000000,59724.87000000,60375.84000000,21241.20588000,1724371199999
1724371200000,60375.83000000,64955.00000000,60342.14000000,64037.24000000,38118.07089000,1724457599999
1724457600000,64037.24000000,64494.50000000,63531.00000000,64157.01000000,15857.15616000,1724543999999
1724544000000,64157.02000000,65000.00000000,63773.27000000,64220.00000000,12305.47977000,1724630399999
1724630400000,64219.99000000,64481.00000000,62800.00000000,62834.00000000,19470.05276000,1724716799999
1724716800000,62834.00000000,63212.00000000,58034.01000000,59415.00000000,35135.94178000,1724803199999
1724803200000,59415.00000000,60234.98000000,57860.00000000,59034.90000000,36868.54275000,1724889599999
1724889600000,59034.90000000,61166.99000000,58713.09000000,59359.01000000,27020.90743000,1724975999999
1724976000000,59359.00000000,59944.07000000,57701.10000000,59123.99000000,28519.32195000,1725062399999
1725062400000,59123.99000000,59462.38000000,58744.00000000,58973.99000000,8798.40900000,1725148799999
1725148800000,58974.00000000,59076.59000000,57201.00000000,57301.86000000,20705.15741000,1725235199999
1725235200000,57301.77000000,59425.69000000,57128.00000000,59132.13000000,22895.01461000,1725321599999
1725321600000,59132.12000000,59809.65000000,57415.00000000,57487.73000000,22828.18447000,1725407999999
1725408000000,57487.74000000,58519.00000000,55606.00000000,57970.90000000,35560.82146000,1725494399999
1725494400000,57970.90000000,58327.07000000,55643.65000000,56180.00000000,27806.91413000,1725580799999
1725580800000,56180.00000000,57008.00000000,52550.00000000,53962.97000000,54447.76826000,1725667199999
1725667200000,53962.97000000,54850.00000000,53745.54000000,54160.86000000,16694.04774000,1725753599999
1725753600000,54160.86000000,55318.00000000,53629.01000000,54869.95000000,16274.14779000,1725839999999
1725840000000,54869.95000000,58088.00000000,54591.96000000,57042.00000000,32384.51737000,1725926399999
1725926400000,57042.01000000,58044.36000000,56386.40000000,57635.99000000,23626.78126000,1726012799999
1726012800000,57635.99000000,57981.71000000,55545.19000000,57338.00000000,33026.56757000,1726099199999
1726099200000,57338.00000000,58588.00000000,57324.00000000,58132.32000000,31074.40631000,1726185599999
1726185600000,58132.31000000,60625.00000000,57632.62000000,60498.00000000,29825.23333000,1726271999999
1726272000000,60497.99000000,60610.45000000,59400.00000000,59993.03000000,12137.90901000,1726358399999
1726358400000,59993.02000000,60395.80000000,58691.05000000,59132.00000000,13757.92361000,1726444799999
1726444800000,59132.00000000,59210.70000000,57493.30000000,58213.99000000,26477.56420000,1726531199999
1726531200000,58213.99000000,61320.00000000,57610.01000000,60313.99000000,33116.25878000,1726617599999
1726617600000,60313.99000000,61786.24000000,59174.80000000,61759.99000000,36087.02469000,1726703999999
1726704000000,61759.98000000,63850.00000000,61555.00000000,62947.99000000,34332.52608000,1726790399999
1726790400000,62948.00000000,64133.32000000,62350.00000000,63201.05000000,25466.37794000,1726876799999
1726876800000,63201.05000000,63559.90000000,62758.00000000,63348.96000000,8375.34608000,1726963199999
1726963200000,63348.97000000,64000.00000000,62357.93000000,63578.76000000,14242.19892000,1727049599999
1727049600000,63578.76000000,64745.88000000,62538.75000000,63339.99000000,24078.05287000,1727135999999
1727136000000,63339.99000000,64688.00000000,62700.00000000,64262.70000000,23185.04759000,1727222399999
1727222400000,64262.70000000,64817.99000000,62947.08000000,63152.01000000,17813.11168000,1727308799999
1727308800000,63152.01000000,65839.00000000,62670.00000000,65173.99000000,28373.30593000,1727395199999
1727395200000,65173.99000000,66498.00000000,64819.90000000,65769.95000000,22048.80487000,1727481599999
1727481600000,65769.95000000,66260.00000000,65422.23000000,65858.00000000,9127.23316000,1727567999999
1727568000000,65858.00000000,66076.12000000,65432.00000000,65602.01000000,8337.74111000,1727654399999
1727654400000,65602.01000000,65618.80000000,62856.30000000,63327.59000000,30011.08752000,1727740799999
1727740800000,63327.60000000,64130.63000000,60164.00000000,60805.78000000,43671.48108000,1727827199999
1727827200000,60804.92000000,62390.31000000,60000.00000000,60649.28000000,31534.70118000,1727913599999
1727913600000,60649.27000000,61477.19000000,59828.11000000,60752.71000000,26221.43472000,1727999999999
1728000000000,60752.72000000,62484.85000000,60459.90000000,62086.00000000,21294.65994000,1728086399999
1728086400000,62086.00000000,62370.56000000,61689.26000000,62058.00000000,7807.46141000,1728172799999
1728172800000,62058.01000000,62975.00000000,61798.97000000,62819.91000000,8906.86177000,1728259199999
1728259200000,62819.91000000,64478.19000000,62128.00000000,62224.00000000,25966.18520000,1728345599999
1728345600000,62224.01000000,63200.00000000,61860.31000000,62160.49000000,19702.22371000,1728431999999
1728432000000,62160.50000000,62543.75000000,60301.00000000,60636.02000000,20011.15684000,1728518399999
1728518400000,60636.01000000,61321.68000000,58946.00000000,60326.39000000,23967.92481000,1728604799999
1728604800000,60326.40000000,63417.56000000,60087.64000000,62540.00000000,23641.35209000,1728691199999
1728691200000,62539.99000000,63480.00000000,62487.23000000,63206.22000000,10911.30116000,1728777599999
1728777600000,63206.23000000,63285.72000000,62050.00000000,62870.02000000,11909.21995000,1728863999999
1728864000000,62870.02000000,66500.00000000,62457.81000000,66083.99000000,37669.95222000,1728950399999
1728950400000,66084.00000000,67950.00000000,64800.01000000,67074.14000000,43683.95423000,1729036799999
1729036800000,67074.14000000,68424.00000000,66750.49000000,67620.01000000,29938.25544000,1729123199999
1729123200000,67620.00000000,67939.40000000,66666.00000000,67421.78000000,25328.22861000,1729209599999
1729209600000,67421.78000000,69000.00000000,67192.36000000,68428.00000000,28725.63500000,1729295999999
1729296000000,68427.99000000,68693.26000000,68010.00000000,68378.00000000,8193.66737000,1729382399999
1729382400000,68377.99000000,69400.00000000,68100.00000000,69031.99000000,12442.47378000,1729468799999
1729468800000,69032.00000000,69519.52000000,66840.67000000,67377.50000000,31374.42184000,1729555199999
1729555200000,67377.50000000,67836.01000000,66571.42000000,67426.00000000,24598.96268000,1729641599999
1729641600000,67426.01000000,67472.83000000,65260.00000000,66668.65000000,25530.24070000,1729727999999
1729728000000,66668.65000000,68850.00000000,66510.00000000,68198.28000000,22589.83877000,1729814399999
1729814400000,68198.27000000,68771.49000000,65596.29000000,66698.33000000,34479.71125000,1729900799999
1729900800000,66698.32000000,67454.55000000,66439.90000000,67092.76000000,11842.90770000,1729987199999
1729987200000,67092.76000000,68332.05000000,66913.73000000,68021.70000000,8653.19592000,1730073599999
1730073600000,68021.69000000,70270.00000000,67618.00000000,69962.21000000,29046.75459000,1730159999999
1730160000000,69962.21000000,73620.12000000,69760.00000000,72736.42000000,50128.60594000,1730246399999
1730246400000,72736.41000000,72961.00000000,71436.00000000,72344.74000000,26885.99056000,1730332799999
1730332800000,72344.75000000,72700.00000000,69685.76000000,70292.01000000,29352.10297000,1730419199999
1730419200000,70292.01000000,71632.95000000,68820.14000000,69496.01000000,38301.86755000,1730505599999
1730505600000,69496.00000000,69914.37000000,69000.14000000,69374.74000000,10521.67243000,1730591999999
1730592000000,69374.74000000,69391.00000000,67478.73000000,68775.99000000,24995.70243000,1730678399999
1730678400000,68775.99000000,69500.00000000,66835.00000000,67850.01000000,29800.39187000,1730764799999
1730764800000,67850.01000000,70577.91000000,67476.63000000,69372.01000000,33355.06888000,1730851199999
1730851200000,69372.01000000,76400.00000000,69298.00000000,75571.99000000,104126.99478700,1730937599999
1730937600000,75571.99000000,76849.99000000,74416.00000000,75857.89000000,44869.42234500,1731023999999
1731024000000,75857.89000000,77199.99000000,75555.00000000,76509.78000000,36521.09958300,1731110399999
1731110400000,76509.78000000,76900.00000000,75714.66000000,76677.46000000,16942.07915000,1731196799999
1731196800000,76677.46000000,81500.00000000,76492.00000000,80370.01000000,61830.10043500,1731283199999
1731283200000,80370.01000000,89530.54000000,80216.01000000,88647.99000000,82323.66577600,1731369599999
1731369600000,88648.00000000,89940.00000000,85072.00000000,87952.01000000,97299.88791100,1731455999999
1731456000000,87952.00000000,93265.64000000,86127.99000000,90375.20000000,86763.85412700,1731542399999
1731542400000,90375.21000000,91790.00000000,86668.21000000,87325.59000000,56729.51086000,1731628799999
1731628800000,87325.59000000,91850.00000000,87073.38000000,91032.07000000,47927.95068000,1731715199999
1731715200000,91032.08000000,91779.66000000,90056.17000000,90586.92000000,22717.87689000,1731801599999
1731801600000,90587.98000000,91449.99000000,88722.00000000,89855.99000000,23867.55609000,1731887999999
1731888000000,89855.98000000,92594.00000000,89376.90000000,90464.08000000,46545.03448000,1731974399999
1731974400000,90464.07000000,93905.51000000,90357.00000000,92310.79000000,43660.04682000,1732060799999
1732060800000,92310.80000000,94831.97000000,91500.00000000,94286.56000000,42203.19871200,1732147199999
1732147200000,94286.56000000,98988.00000000,94040.00000000,98317.12000000,69228.36047700,1732233599999
1732233600000,98317.12000000,99588.01000000,97122.11000000,98892.00000000,46189.30924300,1732319999999
1732320000000,98892.00000000,98908.85000000,97136.00000000,97672.40000000,24757.84367000,1732406399999
1732406400000,97672.40000000,98564.00000000,95734.77000000,97900.04000000,31200.97838000,1732492799999
1732492800000,97900.05000000,98871.80000000,92600.19000000,93010.01000000,50847.45096000,1732579199999
1732579200000,93010.01000000,94973.37000000,90791.10000000,91965.16000000,57858.73138000,1732665599999
1732665600000,91965.16000000,97208.21000000,91792.14000000,95863.11000000,41153.42734000,1732751999999
1732752000000,95863.11000000,96564.00000000,94640.00000000,95643.98000000,28814.54357000,1732838399999
1732838400000,95643.99000000,98619.99000000,95364.99000000,97460.00000000,27701.78231000,1732924799999
1732924800000,97460.00000000,97463.95000000,96092.01000000,96407.99000000,14503.83306000,1733011199999
1733011200000,96407.99000000,97836.00000000,95693.88000000,97185.18000000,16938.60452000,1733097599999
1733097600000,97185.17000000,98130.00000000,94395.00000000,95840.62000000,37958.66981000,1733183999999
1733184000000,95840.61000000,96305.52000000,93578.17000000,95849.69000000,35827.32283000,1733270399999
1733270400000,95849.69000000,99000.00000000,94587.83000000,98587.32000000,43850.53728000,1733356799999
1733356800000,98587.32000000,104088.00000000,90500.00000000,96945.63000000,109921.72966200,1733443199999
1733443200000,96945.63000000,101898.99000000,95981.72000000,99740.84000000,45049.53310000,1733529599999
1733529600000,99740.84000000,100439.18000000,98844.00000000,99831.99000000,14931.94590000,1733615999999
1733616000000,99831.99000000,101351.00000000,98657.70000000,101109.59000000,14612.99688000,1733702399999
1733702400000,101109.60000000,101215.93000000,94150.05000000,97276.47000000,53949.11595000,1733788799999
1733788800000,97276.48000000,98270.00000000,94256.54000000,96593.00000000,51708.68933000,1733875199999
1733875200000,96593.00000000,101888.00000000,95658.24000000,101125.00000000,37753.78291000,1733961599999
1733961600000,101125.00000000,102540.00000000,99311.64000000,100004.29000000,29232.08745000,1734047999999
1734048000000,100004.29000000,101895.26000000,99205.00000000,101424.25000000,21904.03923000,1734134399999
1734134400000,101424.24000000,102650.00000000,100609.41000000,101420.00000000,14191.70326000,1734220799999
1734220800000,101420.00000000,105250.00000000,101237.14000000,104463.99000000,22228.92177500,1734307199999
1734307200000,104463.99000000,107793.07000000,103333.00000000,106058.66000000,41302.40274000,1734393599999
1734393600000,106058.65000000,108353.00000000,105321.49000000,106133.74000000,29064.93646600,1734479999999
1734480000000,106133.74000000,106524.98000000,100000.00000000,100204.01000000,50307.99755000,1734566399999
1734566400000,100204.01000000,102800.11000000,95700.00000000,97461.86000000,55147.39800000,1734652799999
1734652800000,97461.86000000,98233.00000000,92232.54000000,97805.44000000,62884.13570000,1734739199999
1734739200000,97805.44000000,99540.61000000,96398.39000000,97291.99000000,23483.54143000,1734825599999
1734825600000,97292.00000000,97448.08000000,94250.35000000,95186.27000000,19353.83036000,1734911999999
1734912000000,95186.28000000,96538.92000000,92520.00000000,94881.47000000,32810.76703000,1734998399999
1734998400000,94881.47000000,99487.99000000,93569.02000000,98663.58000000,23674.22488000,1735084799999
1735084800000,98663.58000000,99569.15000000,97632.02000000,99429.60000000,14474.16510000,1735171199999
1735171200000,99429.61000000,99963.70000000,95199.14000000,95791.60000000,21192.36727000,1735257599999
1735257600000,95791.60000000,97544.58000000,93500.01000000,94299.03000000,26501.26429000,1735343999999
1735344000000,94299.03000000,95733.99000000,94135.66000000,95300.00000000,8385.89290000,1735430399999
1735430400000,95300.00000000,95340.00000000,93009.52000000,93738.20000000,13576.00578000,1735516799999
1735516800000,93738.19000000,95024.50000000,91530.45000000,92792.05000000,27619.42250000,1735603199999
1735603200000,92792.05000000,96250.00000000,92033.73000000,93576.00000000,19612.03389000,1735689599999
1735689600000,93576.00000000,95151.15000000,92888.00000000,94591.79000000,10373.32613000,1735775999999
1735776000000,94591.78000000,97839.50000000,94392.00000000,96984.79000000,21970.48948000,1735862399999
1735862400000,96984.79000000,98976.91000000,96100.01000000,98174.18000000,15253.82936000,1735948799999
1735948800000,98174.17000000,98778.43000000,97514.79000000,98220.50000000,8990.05651000,1736035199999
1736035200000,98220.51000000,98836.85000000,97276.79000000,98363.61000000,8095.63723000,1736121599999
1736121600000,98363.61000000,102480.00000000,97920.00000000,102235.60000000,25263.43375000,1736207999999
1736208000000,102235.60000000,102724.38000000,96181.81000000,96954.61000000,32059.87537000,1736294399999
1736294400000,96954.60000000,97268.65000000,92500.90000000,95060.61000000,33704.67894000,1736380799999
1736380800000,95060.61000000,95382.32000000,91203.67000000,92552.49000000,34544.83685000,1736467199999
1736467200000,92552.49000000,95836.00000000,92206.02000000,94726.11000000,31482.86424000,1736553599999
1736553600000,94726.10000000,95050.94000000,93831.73000000,94599.99000000,7047.90430000,1736639999999
1736640000000,94599.99000000,95450.10000000,93711.19000000,94545.06000000,8606.86622000,1736726399999
1736726400000,94545.07000000,95940.00000000,89256.69000000,94536.10000000,42619.56423000,1736812799999
1736812800000,94536.11000000,97371.00000000,94346.22000000,96560.86000000,27846.61753000,1736899199999
1736899200000,96560.85000000,100681.94000000,96500.00000000,100497.35000000,30509.99179000,1736985599999
1736985600000,100497.35000000,100866.66000000,97335.13000000,99987.30000000,27832.85317000,1737071999999
1737072000000,99987.30000000,105865.22000000,99950.77000000,104077.48000000,39171.85292000,1737158399999
1737158400000,104077.47000000,104988.88000000,102277.55000000,104556.23000000,24307.82998000,1737244799999
1737244800000,104556.23000000,106422.43000000,99651.60000000,101331.57000000,43397.28298000,1737331199999
1737331200000,101331.57000000,109588.00000000,99550.00000000,102260.01000000,89529.23173200,1737417599999
1737417600000,102260.00000000,107240.81000000,100119.04000000,106143.82000000,45941.02002000,1737503999999
1737504000000,106143.82000000,106394.46000000,103339.12000000,103706.66000000,22248.69254000,1737590399999
1737590400000,103706.66000000,106850.00000000,101262.28000000,103910.34000000,53953.12031000,1737676799999
1737676800000,103910.35000000,107120.00000000,102750.00000000,104870.50000000,23609.24017000,1737763199999
1737763200000,104870.51000000,105286.52000000,104106.09000000,104746.85000000,9068.32377000,1737849599999
1737849600000,104746.86000000,105500.00000000,102520.44000000,102620.00000000,9812.51238000,1737935999999
1737936000000,102620.01000000,103260.00000000,97777.77000000,102082.83000000,50758.13410000,1738022399999
1738022400000,102082.83000000,103800.00000000,100272.68000000,101335.52000000,22022.05765000,1738108799999
1738108800000,101335.52000000,104782.68000000,101328.01000000,103733.24000000,23155.35802000,1738195199999
1738195200000,103733.25000000,106457.44000000,103278.54000000,104722.94000000,19374.07472000,1738281599999
1738281600000,104722.94000000,106012.00000000,101560.00000000,102429.56000000,21983.18193000,1738367999999
1738368000000,102429.56000000,102783.71000000,100279.51000000,100635.65000000,12290.95747000,1738454399999
1738454400000,100635.66000000,101456.60000000,96150.00000000,97700.59000000,34619.49939000,1738540799999
1738540800000,97700.59000000,102500.01000000,91231.00000000,101328.52000000,75164.73850000,1738627199999
1738627200000,101328.51000000,101732.31000000,96150.00000000,97763.13000000,40267.98697000,1738713599999
1738713600000,97763.14000000,99149.00000000,96155.00000000,96612.43000000,26233.30444000,1738799999999
1738800000000,96612.44000000,99120.00000000,95676.64000000,96554.35000000,23515.20405000,1738886399999
1738886400000,96554.35000000,100137.99000000,95620.34000000,96506.80000000,31794.22065000,1738972799999
1738972800000,96506.80000000,96880.00000000,95688.00000000,96444.74000000,10147.24294000,1739059199999
1739059200000,96444.75000000,97323.09000000,94713.00000000,96462.75000000,14120.91613000,1739145599999
1739145600000,96462.75000000,98345.00000000,95256.00000000,97430.82000000,20572.87537000,1739231999999
1739232000000,97430.82000000,98478.42000000,94876.88000000,95778.20000000,18647.76379000,1739318399999
1739318400000,95778.21000000,98119.99000000,94088.23000000,97869.99000000,29151.16625000,1739404799999
1739404800000,97870.00000000,98083.91000000,95217.36000000,96608.14000000,19921.77616000,1739491199999
1739491200000,96608.13000000,98826.00000000,96252.82000000,97500.48000000,18173.02646000,1739577599999
1739577600000,97500.47000000,97972.26000000,97223.58000000,97569.66000000,7349.37683000,1739663999999
1739664000000,97569.67000000,97704.47000000,96046.18000000,96118.12000000,8191.42490000,1739750399999
1739750400000,96118.12000000,97046.59000000,95205.00000000,95780.00000000,16492.04510000,1739836799999
1739836800000,95780.01000000,96753.91000000,93388.09000000,95671.74000000,23368.19471000,1739923199999
1739923200000,95671.74000000,96899.99000000,95029.99000000,96644.37000000,16438.50954000,1740009599999
1740009600000,96644.37000000,98711.36000000,96415.09000000,98305.00000000,17057.39177000,1740095999999
1740096000000,98305.01000000,99475.00000000,94871.95000000,96181.98000000,32249.28140000,1740182399999
1740182400000,96181.99000000,96980.00000000,95770.49000000,96551.01000000,11268.17708000,1740268799999
1740268800000,96551.01000000,96650.00000000,95227.94000000,96258.00000000,10884.84913000,1740355199999
1740355200000,96258.00000000,96500.00000000,91349.26000000,91552.88000000,31550.10299000,1740441599999
1740441600000,91552.88000000,92540.69000000,86050.99000000,88680.40000000,78333.11111000,1740527999999
1740528000000,88680.39000000,89414.15000000,82256.01000000,84250.09000000,56893.54409000,1740614399999
1740614400000,84250.09000000,87078.46000000,82716.49000000,84708.58000000,42505.45439000,1740700799999
1740700800000,84708.57000000,85120.00000000,78258.52000000,84349.94000000,83648.03969000,1740787199999
1740787200000,84349.95000000,86558.00000000,83824.78000000,86064.53000000,25785.05464000,1740873599999
1740873600000,86064.54000000,95000.00000000,85050.60000000,94270.00000000,54889.09045000,1740959999999
1740960000000,94269.99000000,94416.46000000,85117.11000000,86220.61000000,59171.10218000,1741046399999
1741046400000,86221.16000000,88967.52000000,81500.00000000,87281.98000000,55609.10706000,1741132799999
1741132800000,87281.98000000,91000.00000000,86334.53000000,90606.01000000,38264.01163000,1741219199999
1741219200000,90606.00000000,92810.64000000,87836.00000000,89931.89000000,34342.44902000,1741305599999
1741305600000,89931.88000000,91283.02000000,84667.03000000,86801.75000000,57980.35713000,1741391999999
1741392000000,86801.74000000,86897.25000000,85218.47000000,86222.45000000,12989.23054000,1741478399999
1741478400000,86222.46000000,86500.00000000,80000.00000000,80734.37000000,26115.39345000,1741564799999
1741564800000,80734.48000000,84123.46000000,77459.91000000,78595.86000000,47633.38405000,1741651199999
1741651200000,78595.86000000,83617.40000000,76606.00000000,82932.99000000,48770.06853000,1741737599999
1741737600000,82932.99000000,84539.85000000,80607.65000000,83680.12000000,31933.98600000,1741823999999
1741824000000,83680.12000000,84336.33000000,79939.90000000,81115.78000000,27546.27412000,1741910399999
1741910400000,81115.78000000,85309.71000000,80818.84000000,83983.20000000,26858.52755000,1741996799999
1741996800000,83983.19000000,84676.28000000,83618.00000000,84338.44000000,11324.73320000,1742083199999
1742083200000,84338.44000000,85117.04000000,81981.12000000,82574.53000000,17596.12531000,1742169599999
1742169600000,82574.52000000,84756.83000000,82456.00000000,84010.03000000,17214.74358000,1742255999999
1742256000000,84010.02000000,84021.74000000,81134.66000000,82715.03000000,17610.89883000,1742342399999
1742342400000,82715.03000000,87000.00000000,82547.16000000,86845.94000000,28151.05374000,1742428799999
1742428800000,86845.93000000,87453.67000000,83655.23000000,84223.39000000,22090.30463000,1742515199999
1742515200000,84223.38000000,84850.33000000,83175.25000000,84088.79000000,11956.97443000,1742601599999
1742601600000,84088.79000000,84539.17000000,83625.10000000,83840.59000000,5420.22114000,1742687999999
1742688000000,83840.59000000,86129.64000000,83809.75000000,86082.50000000,8461.97813000,1742774399999
1742774400000,86082.50000000,88765.43000000,85519.09000000,87498.16000000,30115.62111000,1742860799999
1742860800000,87498.16000000,88539.63000000,86310.00000000,87392.87000000,22643.25248000,1742947199999
1742947200000,87392.88000000,88275.00000000,85860.00000000,86909.17000000,18408.78485000,1743033599999
1743033600000,86909.17000000,87756.39000000,85800.00000000,87232.01000000,17098.03897000,1743119999999
1743120000000,87232.01000000,87515.67000000,83585.00000000,84424.38000000,27182.73169000,1743206399999
1743206400000,84424.38000000,84624.73000000,81644.81000000,82648.54000000,11696.39864000,1743292799999
1743292800000,82648.53000000,83534.64000000,81565.00000000,82389.99000000,9864.49508000,1743379199999
1743379200000,82390.00000000,83943.08000000,81278.52000000,82550.01000000,20569.13885000,1743465599999
1743465600000,82550.00000000,85579.46000000,82432.74000000,85158.34000000,20190.39697000,1743551999999
1743552000000,85158.35000000,88500.00000000,82320.00000000,82516.29000000,39931.45700000,1743638399999
1743638400000,82516.28000000,83998.02000000,81211.24000000,83213.09000000,27337.84135000,1743724799999
1743724800000,83213.09000000,84720.00000000,81659.00000000,83889.87000000,32915.53976000,1743811199999
1743811200000,83889.87000000,84266.00000000,82379.95000000,83537.99000000,9360.40468000,1743897599999
1743897600000,83537.99000000,83817.63000000,77153.83000000,78430.00000000,27942.71436000,1743983999999
1743984000000,78430.00000000,81243.58000000,74508.00000000,79163.24000000,78387.53089000,1744070399999
1744070400000,79163.24000000,80867.99000000,76239.90000000,76322.42000000,35317.32063000,1744156799999
1744156800000,76322.42000000,83588.00000000,74620.00000000,82615.22000000,75488.28772000,1744243199999
1744243200000,82615.22000000,82753.21000000,78464.36000000,79607.30000000,33284.80718000,1744329599999
1744329600000,79607.30000000,84300.00000000,78969.58000000,83423.84000000,34435.43797000,1744415999999
1744416000000,83423.83000000,85905.00000000,82792.95000000,85276.90000000,18470.74437000,1744502399999
1744502400000,85276.91000000,86100.00000000,83034.23000000,83760.00000000,24680.04181000,1744588799999
1744588800000,83760.00000000,85799.99000000,83678.00000000,84591.58000000,28659.09348000,1744675199999
1744675200000,84591.58000000,86496.42000000,83600.00000000,83643.99000000,20910.99528000,1744761599999
1744761600000,83643.99000000,85500.00000000,83111.64000000,84030.38000000,20867.24519000,1744847999999
1744848000000,84030.38000000,85470.01000000,83736.26000000,84947.91000000,13728.84772000,1744934399999
1744934400000,84947.92000000,85132.08000000,84303.96000000,84474.69000000,6529.96315000,1745020799999
1745020800000,84474.70000000,85677.99000000,84364.45000000,85077.01000000,9666.58153000,1745107199999
1745107200000,85077.00000000,85320.76000000,83949.52000000,85179.24000000,8091.67725000,1745193599999
1745193600000,85179.24000000,88465.99000000,85144.76000000,87516.23000000,31773.37262000,1745279999999
1745280000000,87516.22000000,93888.00000000,87076.03000000,93442.99000000,43872.74705000,1745366399999
1745366400000,93442.99000000,94696.05000000,91935.41000000,93691.08000000,27404.16808000,1745452799999
1745452800000,93691.07000000,94005.00000000,91660.01000000,93980.47000000,19497.06071000,1745539199999
1745539200000,93980.47000000,95758.04000000,92855.96000000,94638.68000000,27500.66648000,1745625599999
1745625600000,94638.68000000,95199.00000000,93870.69000000,94628.00000000,9415.06875000,1745711999999
1745712000000,94628.00000000,95369.00000000,93602.58000000,93749.30000000,11162.84100000,1745798399999
1745798400000,93749.29000000,95630.00000000,92800.01000000,95011.18000000,22157.53351000,1745884799999
1745884800000,95011.18000000,95461.53000000,93742.54000000,94256.82000000,16955.34020000,1745971199999
1745971200000,94256.82000000,95228.45000000,92910.00000000,94172.00000000,17661.27510000,1746057599999
1746057600000,94172.00000000,97424.02000000,94130.43000000,96489.91000000,21380.45343000,1746143999999
1746144000000,96489.90000000,97895.68000000,96350.00000000,96887.14000000,14905.74811000,1746230399999
1746230400000,96887.13000000,96935.67000000,95753.01000000,95856.42000000,9723.34838000,1746316799999
1746316800000,95856.42000000,96304.48000000,94151.38000000,94277.62000000,11036.38342000,1746403199999
1746403200000,94277.61000000,95199.00000000,93514.10000000,94733.68000000,17251.18189000,1746489599999
1746489600000,94733.68000000,96920.65000000,93377.00000000,96834.02000000,16122.64513000,1746575999999
1746576000000,96834.02000000,97732.00000000,95784.61000000,97030.50000000,16644.83854000,1746662399999
1746662400000,97030.50000000,104145.76000000,96876.29000000,103261.60000000,34962.02847000,1746748799999
1746748800000,103261.61000000,104361.30000000,102315.14000000,102971.99000000,27617.39907000,1746835199999
1746835200000,102971.99000000,104984.57000000,102818.76000000,104809.53000000,15324.78611000,1746921599999
1746921600000,104809.53000000,104972.00000000,103345.06000000,104118.00000000,17987.12197000,1747007999999
1747008000000,104118.00000000,105819.45000000,100718.37000000,102791.32000000,31272.77792000,1747094399999
1747094400000,102791.32000000,104976.25000000,101429.70000000,104103.72000000,21253.42409000,1747180799999
1747180800000,104103.72000000,104356.95000000,102602.05000000,103507.82000000,16452.90810000,1747267199999
1747267200000,103507.83000000,104192.70000000,101383.07000000,103763.71000000,17998.98604000,1747353599999
1747353600000,103763.71000000,104550.33000000,103100.49000000,103463.90000000,15683.88024000,1747439999999
1747440000000,103463.90000000,103709.86000000,102612.50000000,103126.65000000,11250.89622000,1747526399999
1747526400000,103126.65000000,106660.00000000,103105.09000000,106454.26000000,21599.98726000,1747612799999
1747612800000,106454.27000000,107108.62000000,102000.00000000,105573.74000000,30260.03524000,1747699199999
1747699200000,105573.73000000,107320.00000000,104184.72000000,106849.99000000,23705.48275000,1747785599999
1747785600000,106850.00000000,110797.38000000,106100.01000000,109643.99000000,45531.04034500,1747871999999
1747872000000,109643.99000000,111980.00000000,109177.37000000,111696.21000000,31630.77313000,1747958399999
1747958400000,111696.22000000,111800.00000000,106800.00000000,107318.30000000,31737.72309000,1748044799999
1748044800000,107318.30000000,109506.03000000,106875.41000000,107761.91000000,16782.53129000,1748131199999
1748131200000,107761.90000000,109299.99000000,106600.64000000,109004.19000000,17710.04695000,1748217599999
1748217600000,109004.20000000,110422.22000000,108670.58000000,109434.79000000,14649.11593000,1748303999999
1748304000000,109434.78000000,110718.00000000,107516.57000000,108938.17000000,21276.65635000,1748390399999
1748390400000,108938.17000000,109284.70000000,106769.43000000,107781.78000000,15633.78829000,1748476799999
1748476800000,107781.78000000,108891.91000000,105322.86000000,105589.75000000,19834.70116000,1748563199999
1748563200000,105589.75000000,106313.12000000,103621.00000000,103985.48000000,23706.49799000,1748649599999
1748649600000,103985.47000000,104900.00000000,103068.55000000,104591.88000000,11289.35922000,1748735999999
1748736000000,104591.88000000,105866.91000000,103752.49000000,105642.93000000,9709.70006000,1748822399999
1748822400000,105642.93000000,105935.63000000,103659.88000000,105857.99000000,13453.98813000,1748908799999
1748908800000,105858.00000000,106794.67000000,104872.50000000,105376.89000000,13259.52634000,1748995199999
1748995200000,105376.90000000,106000.00000000,104179.00000000,104696.86000000,14034.89482000,1749081599999
1749081600000,104696.86000000,105909.71000000,100372.26000000,101508.68000000,22321.50154000,1749167999999
1749168000000,101508.69000000,105333.00000000,101095.80000000,104288.44000000,15839.07385000,1749254399999
1749254400000,104288.43000000,105900.00000000,103871.09000000,105552.15000000,8344.93206000,1749340799999
1749340800000,105552.15000000,106488.14000000,104964.14000000,105734.00000000,8048.06305000,1749427199999
1749427200000,105734.01000000,110530.17000000,105318.37000000,110263.02000000,19975.37451000,1749513599999
1749513600000,110263.02000000,110400.00000000,108331.03000000,110274.39000000,17071.82839000,1749599999999
1749600000000,110274.39000000,110392.01000000,108064.00000000,108645.12000000,13115.91638000,1749686399999
1749686400000,108645.13000000,108813.55000000,105671.72000000,105671.73000000,17778.67218000,1749772799999
1749772800000,105671.74000000,106179.53000000,102664.31000000,106066.59000000,26180.81734000,1749859199999
1749859200000,106066.59000000,106252.00000000,104300.00000000,105414.64000000,8798.93969000,1749945599999
1749945600000,105414.63000000,106128.57000000,104494.53000000,105594.01000000,7164.20047000,1750031999999
1750032000000,105594.02000000,108952.38000000,104980.37000000,106794.53000000,14922.66540000,1750118399999
1750118400000,106794.53000000,107771.34000000,103371.02000000,104551.17000000,17866.33025000,1750204799999
1750204800000,104551.17000000,105550.27000000,103500.00000000,104886.78000000,13968.64167000,1750291199999
1750291200000,104886.79000000,105226.17000000,103929.27000000,104658.59000000,7678.60737000,1750377599999
1750377600000,104658.59000000,106524.65000000,102345.00000000,103297.99000000,16419.06283000,1750463999999
1750464000000,103297.98000000,103982.64000000,100837.90000000,102120.01000000,11154.21332000,1750550399999
1750550400000,102120.02000000,103399.62000000,98200.00000000,100963.87000000,28746.41072000,1750636799999
1750636800000,100963.87000000,106074.20000000,99613.33000000,105333.93000000,27666.50609000,1750723199999
1750723200000,105333.94000000,106290.00000000,104622.02000000,106083.00000000,14651.69335000,1750809599999
1750809600000,106083.00000000,108135.30000000,105808.03000000,107340.58000000,16701.15551000,1750895999999
1750896000000,107340.59000000,108272.45000000,106562.50000000,106947.06000000,10573.27279000,1750982399999
1750982400000,106947.06000000,107735.34000000,106356.76000000,107047.59000000,12232.44042000,1751068799999
1751068800000,107047.58000000,107577.75000000,106811.51000000,107296.79000000,3282.17352000,1751155199999
1751155200000,107296.79000000,108528.50000000,107172.52000000,108356.93000000,6831.73640000,1751241599999
1751241600000,108356.93000000,108789.99000000,106733.33000000,107146.50000000,9754.12491000,1751327999999
1751328000000,107146.51000000,107540.00000000,105250.85000000,105681.14000000,10505.62437000,1751414399999
1751414400000,105681.13000000,109730.00000000,105100.19000000,108849.60000000,17691.89592000,1751500799999
1751500800000,108849.59000000,110529.18000000,108530.40000000,109584.78000000,13047.08225000,1751587199999
1751587200000,109584.77000000,109767.59000000,107245.00000000,107984.24000000,11793.86615000,1751673599999
1751673600000,107984.25000000,108420.56000000,107756.31000000,108198.12000000,3736.97570000,1751759999999
1751760000000,108198.12000000,109700.00000000,107800.01000000,109203.84000000,6447.60700000,1751846399999
1751846400000,109203.85000000,109700.00000000,107513.20000000,108262.94000000,9405.37601000,1751932799999
1751932800000,108262.94000000,109216.56000000,107429.57000000,108922.98000000,9216.02080000,1752019199999
1752019200000,108922.99000000,111999.79000000,108324.53000000,111233.99000000,17282.28650000,1752105599999
1752105600000,111234.00000000,116868.00000000,110500.00000000,116010.00000000,24883.45066500,1752191999999
1752192000000,116010.01000000,118869.98000000,115222.22000000,117527.66000000,25873.52114800,1752278399999
1752278400000,117527.66000000,118200.00000000,116900.05000000,117420.00000000,8446.60437000,1752364799999
1752364800000,117420.00000000,119488.00000000,117224.79000000,119086.64000000,9550.79294700,1752451199999
1752451200000,119086.65000000,123218.00000000,118905.18000000,119841.18000000,27269.34887700,1752537599999
1752537600000,119841.17000000,119940.83000000,115736.92000000,117758.09000000,32018.46083000,1752623999999
1752624000000,117758.08000000,120063.84000000,117017.29000000,118630.43000000,17039.90851000,1752710399999
1752710400000,118630.44000000,120998.71000000,117453.57000000,119177.56000000,15728.57651000,1752796799999
1752796800000,119177.56000000,120820.71000000,116812.76000000,117924.84000000,19924.66266000,1752883199999
1752883200000,117924.84000000,118499.90000000,117277.34000000,117840.00000000,6635.80306000,1752969599999
1752969600000,117840.01000000,118856.80000000,116467.02000000,117265.12000000,12962.92889000,1753055999999
1753056000000,117265.11000000,119676.73000000,116515.00000000,117380.36000000,17107.33128000,1753142399999
1753142400000,117380.36000000,120247.80000000,116128.00000000,119954.42000000,20959.12973000,1753228799999
1753228800000,119954.43000000,120090.00000000,117301.00000000,118755.99000000,14558.75083000,1753315199999
1753315200000,118756.00000000,119450.00000000,117103.10000000,118340.99000000,15806.89043000,1753401599999
1753401600000,118340.98000000,118451.57000000,114723.16000000,117614.31000000,38406.34873000,1753487999999
1753488000000,117614.31000000,118297.35000000,117138.38000000,117919.99000000,6991.67206000,1753574399999
1753574400000,117919.99000000,119766.65000000,117825.50000000,119415.55000000,9328.30919000,1753660799999
1753660800000,119415.56000000,119800.00000000,117427.50000000,118062.32000000,13961.74754000,1753747199999
1753747200000,118062.32000000,119273.36000000,116950.75000000,117950.76000000,15137.93445000,1753833599999
1753833600000,117950.75000000,118792.00000000,115796.23000000,117840.30000000,15586.73631000,1753919999999
1753920000000,117840.29000000,118922.45000000,115500.00000000,115764.08000000,17010.00730000,1754006399999
1754006400000,115764.07000000,116052.00000000,112722.58000000,113297.93000000,24487.10206000,1754092799999
1754092800000,113297.92000000,114063.49000000,112003.00000000,112546.35000000,11507.33428000,1754179199999
1754179200000,112546.35000000,114799.97000000,111920.00000000,114208.80000000,7397.76046000,1754265599999
1754265600000,114208.81000000,115720.00000000,114107.60000000,115055.03000000,9667.67916000,1754351999999
1754352000000,115055.03000000,115127.81000000,112650.00000000,114129.75000000,12042.79078000,1754438399999
1754438400000,114129.75000000,115716.00000000,113355.13000000,114992.27000000,9761.15318000,1754524799999
1754524800000,114992.27000000,117621.00000000,114259.00000000,117472.01000000,13468.56263000,1754611199999
1754611200000,117472.02000000,117630.00000000,115878.71000000,116674.74000000,10045.31278000,1754697599999
1754697600000,116674.74000000,117944.05000000,116299.13000000,116462.25000000,9514.13144000,1754783999999
1754784000000,116462.25000000,119311.11000000,116460.63000000,119294.01000000,14322.77073000,1754870399999
1754870400000,119294.27000000,122335.16000000,118050.11000000,118686.00000000,26494.33429000,1754956799999
1754956800000,118686.00000000,120324.43000000,118207.47000000,120134.08000000,16720.10893000,1755043199999
1755043200000,120134.09000000,123667.79000000,118920.92000000,123306.43000000,23210.07102000,1755129599999
1755129600000,123306.44000000,124474.00000000,117180.00000000,118295.09000000,27980.94758600,1755215999999
1755216000000,118295.09000000,119216.82000000,116803.99000000,117342.05000000,13623.33874000,1755302399999
1755302400000,117342.04000000,117898.99000000,117143.98000000,117380.66000000,6393.68117000,1755388799999
1755388800000,117380.66000000,118575.00000000,117172.21000000,117405.01000000,5898.64192000,1755475199999
1755475200000,117405.01000000,117543.75000000,114640.14000000,116227.05000000,17745.93954000,1755561599999
1755561600000,116227.05000000,116725.69000000,112732.58000000,112872.94000000,18065.47424000,1755647999999
1755648000000,112872.95000000,114615.38000000,112380.00000000,114271.24000000,15636.34194000,1755734399999
1755734400000,114271.23000000,114821.76000000,112015.67000000,112500.00000000,10839.69235000,1755820799999
1755820800000,112500.00000000,117429.05000000,111684.79000000,116935.99000000,23128.09037000,1755907199999
1755907200000,116936.00000000,117030.00000000,114560.00000000,115438.05000000,11329.36197000,1755993599999
1755993600000,115438.06000000,115666.68000000,110680.00000000,113493.59000000,21175.98462000,1756079999999
1756080000000,113493.59000000,113667.28000000,109274.10000000,110111.98000000,25182.79379000,1756166399999
1756166400000,110111.98000000,112371.00000000,108666.66000000,111763.22000000,18452.43877000,1756252799999
1756252800000,111763.22000000,112625.00000000,110345.42000000,111262.01000000,13392.60875000,1756339199999
1756339200000,111262.01000000,113485.90000000,110862.42000000,112566.90000000,11104.27744000,1756425599999
1756425600000,112566.90000000,112638.64000000,107463.90000000,108377.40000000,22580.31045000,1756511999999
1756512000000,108377.40000000,108926.15000000,107350.10000000,108816.33000000,10708.39159000,1756598399999
1756598400000,108816.33000000,109480.02000000,108076.93000000,108246.35000000,9489.51596000,1756684799999
1756684800000,108246.36000000,109912.40000000,107255.00000000,109237.42000000,16053.60219000,1756771199999
1756771200000,109237.43000000,111771.52000000,108393.39000000,111240.01000000,18510.28756000,1756857599999
1756857600000,111240.01000000,112575.27000000,110528.71000000,111705.71000000,11773.72084000,1756943999999
1756944000000,111705.72000000,112180.00000000,109329.12000000,110730.87000000,12203.13536000,1757030399999
1757030400000,110730.87000000,113384.62000000,110206.96000000,110659.99000000,21587.40888000,1757116799999
1757116800000,110660.00000000,111307.70000000,109977.00000000,110187.97000000,5000.29897000,1757203199999
1757203200000,110187.98000000,111600.00000000,110180.00000000,111137.34000000,5681.29944000,1757289599999
1757289600000,111137.35000000,112924.37000000,110621.78000000,112065.23000000,11582.40211000,1757375999999
1757376000000,112065.23000000,113293.29000000,110766.66000000,111546.39000000,15379.28248000,1757462399999
1757462400000,111546.38000000,114313.13000000,110917.45000000,113960.00000000,17517.41823000,1757548799999
1757548800000,113960.00000000,115488.09000000,113430.00000000,115482.69000000,13676.73119000,1757635199999
1757635200000,115482.69000000,116665.63000000,114740.99000000,116029.42000000,15324.10719000,1757721599999
1757721600000,116029.41000000,116298.78000000,115127.27000000,115918.29000000,8269.40394000,1757807999999
1757808000000,115918.29000000,116165.19000000,115135.00000000,115268.01000000,6707.60197000,1757894399999
1757894400000,115268.01000000,116757.99000000,114384.00000000,115349.71000000,13212.51149000,1757980799999
1757980800000,115349.71000000,116964.27000000,114737.11000000,116788.96000000,10926.90940000,1758067199999
1758067200000,116788.96000000,117286.73000000,114720.81000000,116447.59000000,16754.24540000,1758153599999
1758153600000,116447.60000000,117900.00000000,116092.76000000,117073.53000000,11657.23365000,1758239999999
1758240000000,117073.53000000,117459.99000000,115100.00000000,115632.38000000,8992.09065000,1758326399999
1758326400000,115632.39000000,116121.81000000,115408.47000000,115685.63000000,4674.92752000,1758412799999
1758412800000,115685.63000000,115819.06000000,115188.00000000,115232.29000000,4511.52219000,1758499199999
1758499200000,115232.29000000,115379.25000000,111800.00000000,112650.99000000,20781.71356000,1758585599999
1758585600000,112650.99000000,113290.50000000,111458.73000000,111998.80000000,12301.32030000,1758671999999
1758672000000,111998.80000000,113940.00000000,111042.66000000,113307.00000000,12369.25967000,1758758399999
1758758400000,113307.01000000,113510.23000000,108631.51000000,108994.49000000,21231.14957000,1758844799999
1758844800000,108994.49000000,110300.00000000,108620.07000000,109643.46000000,14243.01591000,1758931199999
1758931200000,109643.46000000,109743.91000000,109064.40000000,109635.85000000,5501.78643000,1759017599999
1759017600000,109635.85000000,112350.00000000,109189.99000000,112163.95000000,7542.33160000,1759103999999
1759104000000,112163.96000000,114400.00000000,111560.65000000,114311.96000000,15541.12005000,1759190399999
1759190400000,114311.97000000,114792.00000000,112656.27000000,114048.93000000,15044.15633000,1759276799999
1759276800000,114048.94000000,118649.10000000,113966.67000000,118594.99000000,20036.39516000,1759363199999
1759363200000,118594.99000000,121022.07000000,118279.31000000,120529.35000000,19670.83503000,1759449599999
1759449600000,120529.35000000,123894.99000000,119248.30000000,122232.00000000,23936.32800000,1759535999999
1759536000000,122232.21000000,122800.00000000,121510.00000000,122391.00000000,8208.16678000,1759622399999
1759622400000,122390.99000000,125708.42000000,122136.00000000,123482.31000000,22043.09755300,1759708799999
1759708800000,123482.32000000,126199.63000000,123084.00000000,124658.54000000,19494.62879300,1759795199999
1759795200000,124658.54000000,125126.00000000,120574.94000000,121332.95000000,21633.99385000,1759881599999
1759881600000,121332.96000000,124197.25000000,121066.14000000,123306.00000000,17012.61800000,1759967999999
1759968000000,123306.01000000,123762.94000000,119651.47000000,121662.40000000,21559.36007000,1760054399999
1760054400000,121662.41000000,122550.00000000,102000.00000000,112774.50000000,64171.93927000,1760140799999
1760140800000,112774.49000000,113322.39000000,109561.59000000,110644.40000000,35448.51652000,1760227199999
1760227200000,110644.40000000,115770.00000000,109565.06000000,114958.80000000,32255.30272000,1760313599999
1760313600000,114958.81000000,115963.81000000,113616.50000000,115166.00000000,22557.24033000,1760399999999
1760400000000,115166.00000000,115409.96000000,109866.00000000,113028.14000000,31870.32974000,1760486399999
1760486400000,113028.13000000,113612.35000000,110164.00000000,110763.28000000,22986.48811000,1760572799999
1760572800000,110763.28000000,111982.45000000,107427.00000000,108194.28000000,29857.17252000,1760659199999
1760659200000,108194.27000000,109240.00000000,103528.23000000,106431.68000000,37920.66838000,1760745599999
1760745600000,106431.68000000,107499.00000000,106322.20000000,107185.01000000,11123.18766000,1760831999999
1760832000000,107185.00000000,109450.07000000,106103.36000000,108642.78000000,15480.66423000,1760918399999
1760918400000,108642.77000000,111705.56000000,107402.52000000,110532.09000000,19193.44160000,1761004799999
1761004800000,110532.09000000,114000.00000000,107473.72000000,108297.67000000,37228.01659000,1761091199999
1761091200000,108297.66000000,109163.88000000,106666.69000000,107567.44000000,28610.78451000,1761177599999
1761177600000,107567.45000000,111293.61000000,107500.00000000,110078.18000000,17573.09294000,1761263999999
1761264000000,110078.19000000,112104.98000000,109700.01000000,111004.89000000,15005.16913000,1761350399999
1761350400000,111004.90000000,111943.19000000,110672.86000000,111646.27000000,6407.96864000,1761436799999
1761436800000,111646.27000000,115466.80000000,111260.45000000,114559.40000000,13454.47737000,1761523199999
1761523200000,114559.41000000,116400.00000000,113830.01000000,114107.65000000,21450.23241000,1761609599999
1761609600000,114107.65000000,116086.00000000,112211.00000000,112898.45000000,15523.42257000,1761695999999
1761696000000,112898.44000000,113643.73000000,109200.00000000,110021.29000000,21079.71376000,1761782399999
1761782400000,110021.30000000,111592.00000000,106304.34000000,108322.88000000,25988.82838000,1761868799999
1761868800000,108322.87000000,111190.00000000,108275.28000000,109608.01000000,21518.20439000,1761955199999
1761955200000,109608.01000000,110564.49000000,109394.81000000,110098.10000000,7378.50431000,1762041599999
1762041600000,110098.10000000,111250.01000000,109471.34000000,110540.68000000,12107.00087000,1762127999999
1762128000000,110540.69000000,110750.00000000,105306.56000000,106583.04000000,28681.18779000,1762214399999
1762214400000,106583.05000000,107299.00000000,98944.36000000,101497.22000000,50534.87376000,1762300799999
1762300800000,101497.23000000,104534.74000000,98966.80000000,103885.16000000,33778.77571000,1762387199999
1762387200000,103885.16000000,104200.00000000,100300.95000000,101346.04000000,25814.62139000,1762473599999
1762473600000,101346.04000000,104096.36000000,99260.86000000,103339.08000000,32059.50942000,1762559999999
1762560000000,103339.09000000,103406.22000000,101454.00000000,102312.94000000,12390.77985000,1762646399999
1762646400000,102312.95000000,105495.62000000,101400.00000000,104722.96000000,16338.97096000,1762732799999
1762732800000,104722.95000000,106670.11000000,104265.02000000,106011.13000000,22682.25673000,1762819199999
1762819200000,106011.13000000,107500.00000000,102476.09000000,103058.99000000,24196.50718000,1762905599999
1762905600000,103059.00000000,105333.33000000,100813.59000000,101654.37000000,20457.63906000,1762991999999
1762992000000,101654.37000000,104085.01000000,98000.40000000,99692.02000000,36198.50771000,1763078399999
1763078400000,99692.03000000,99866.02000000,94012.45000000,94594.00000000,47288.14481000,1763164799999
1763164800000,94594.00000000,96846.68000000,94558.49000000,95596.24000000,15110.89391000,1763251199999
1763251200000,95596.23000000,96635.11000000,93005.55000000,94261.44000000,23889.40510000,1763337599999
1763337600000,94261.45000000,96043.00000000,91220.00000000,92215.14000000,39218.59806000,1763423999999
1763424000000,92215.14000000,93836.01000000,89253.78000000,92960.83000000,39835.14769000,1763510399999
1763510400000,92960.83000000,92980.22000000,88608.00000000,91554.96000000,32286.63760000,1763596799999
1763596800000,91554.96000000,93160.00000000,86100.00000000,86637.23000000,39733.19073000,1763683199999
1763683200000,86637.22000000,87498.94000000,80600.00000000,85129.43000000,72256.12679000,1763769599999
1763769600000,85129.42000000,85620.00000000,83500.00000000,84739.74000000,14193.93263000,1763855999999
1763856000000,84739.75000000,88127.64000000,84667.57000000,86830.00000000,19734.46418000,1763942399999
1763942400000,86830.00000000,89228.00000000,85272.00000000,88300.01000000,24663.12795000,1764028799999
1764028800000,88300.01000000,88519.99000000,86116.00000000,87369.96000000,19567.04110000,1764115199999
1764115200000,87369.97000000,90656.08000000,86306.77000000,90484.02000000,21675.82239000,1764201599999
1764201600000,90484.01000000,91950.00000000,90089.91000000,91333.95000000,16833.50932000,1764287999999
1764288000000,91333.94000000,93092.00000000,90180.63000000,90890.70000000,18830.86012000,1764374399999
1764374400000,90890.71000000,91165.65000000,90155.47000000,90802.44000000,7429.88291000,1764460799999
1764460800000,90802.44000000,92000.01000000,90336.90000000,90360.00000000,9687.74175000,1764547199999
1764547200000,90360.01000000,90417.00000000,83822.76000000,86286.01000000,34509.01227000,1764633599999
1764633600000,86286.01000000,92307.65000000,86184.39000000,91277.88000000,28210.22732000,1764719999999
1764720000000,91277.88000000,94150.00000000,90990.23000000,93429.95000000,25712.52585000,1764806399999
1764806400000,93429.95000000,94080.00000000,90889.00000000,92078.06000000,19803.94059000,1764892799999
1764892800000,92078.06000000,92692.36000000,88056.00000000,89330.04000000,19792.97218000,1764979199999
1764979200000,89330.04000000,90289.97000000,88908.01000000,89236.79000000,8409.50016000,1765065599999
1765065600000,89236.80000000,91760.00000000,87719.28000000,90395.31000000,13021.11185000,1765151999999
1765152000000,90395.32000000,92287.15000000,89612.00000000,90634.34000000,15793.63887000,1765238399999
1765238400000,90634.35000000,94588.99000000,89500.00000000,92678.80000000,21240.43014000,1765324799999
1765324800000,92678.81000000,94476.00000000,91563.15000000,92015.37000000,18998.68083000,1765411199999
1765411200000,92015.38000000,93555.00000000,89260.63000000,92513.38000000,19972.58758000,1765497599999
1765497600000,92513.38000000,92754.00000000,89480.00000000,90268.42000000,16679.19169000,1765583999999
1765584000000,90268.43000000,90634.55000000,89766.39000000,90240.01000000,5895.70788000,1765670399999
1765670400000,90240.00000000,90472.40000000,87577.36000000,88172.17000000,9416.94004000,1765756799999
1765756800000,88172.16000000,90052.64000000,85146.64000000,86432.08000000,19778.69190000,1765843199999
1765843200000,86432.08000000,88175.98000000,85266.00000000,87863.42000000,18456.05017000,1765929599999
1765929600000,87863.43000000,90365.85000000,85314.00000000,86243.22000000,19834.11729000,1766015999999
1766016000000,86243.23000000,89477.61000000,84450.01000000,85516.41000000,25405.41763000,1766102399999
1766102400000,85516.41000000,89399.97000000,85110.24000000,88136.94000000,21256.65004000,1766188799999
1766188800000,88136.95000000,88573.07000000,87795.76000000,88360.90000000,5123.13194000,1766275199999
1766275200000,88360.91000000,89081.77000000,87600.04000000,88658.86000000,7132.87258000,1766361599999
1766361600000,88658.87000000,90588.23000000,87900.00000000,88620.79000000,14673.21970000,1766447999999
1766448000000,88620.79000000,88940.00000000,86601.90000000,87486.00000000,13910.32904000,1766534399999
1766534400000,87486.00000000,88049.89000000,86420.00000000,87669.45000000,9140.84320000,1766620799999
1766620800000,87669.44000000,88592.74000000,86934.72000000,87225.27000000,7096.58235000,1766707199999
1766707200000,87225.27000000,89567.75000000,86655.08000000,87369.56000000,18344.61505000,1766793599999
1766793600000,87369.56000000,87984.00000000,87253.05000000,87877.01000000,4469.55156000,1766879999999
1766880000000,87877.00000000,88088.75000000,87435.00000000,87952.71000000,4446.29285000,1766966399999
1766966400000,87952.71000000,90406.08000000,86806.50000000,87237.13000000,19894.98575000,1767052799999
1767052800000,87237.13000000,89400.00000000,86845.66000000,88485.49000000,13105.91001000,1767139199999
1767139200000,88485.50000000,89200.00000000,87250.00000000,87648.22000000,11558.62047000,1767225599999
1767225600000,87648.21000000,88919.45000000,87550.43000000,88839.04000000,6279.57133000,1767311999999
1767312000000,88839.05000000,90961.81000000,88379.88000000,89995.13000000,17396.97301000,1767398399999
1767398400000,89995.14000000,90741.16000000,89314.01000000,90628.01000000,7057.46716000,1767484799999
1767484800000,90628.01000000,91810.00000000,90628.00000000,91529.73000000,10426.52970000,1767571199999
1767571200000,91529.74000000,94789.08000000,91514.81000000,93859.71000000,20673.59584000,1767657599999
1767657600000,93859.71000000,94444.44000000,91262.94000000,93747.97000000,18546.41829000,1767743999999
1767744000000,93747.97000000,93747.97000000,90675.52000000,91364.16000000,14276.49025000,1767830399999
1767830400000,91364.16000000,91687.99000000,89311.00000000,91099.99000000,16132.79117000,1767916799999
1767916800000,91100.00000000,92082.55000000,89694.66000000,90641.28000000,15590.27939000,1768003199999
1768003200000,90641.27000000,90832.00000000,90404.00000000,90504.70000000,3104.11722000,1768089599999
1768089600000,90504.70000000,91283.89000000,90236.00000000,91013.65000000,5477.13594000,1768175999999
1768176000000,91013.66000000,92519.95000000,90128.44000000,91296.20000000,16188.08268000,1768262399999
1768262400000,91296.20000000,96495.00000000,91042.66000000,95414.00000000,23021.51482000,1768348799999
1768348800000,95413.99000000,97924.49000000,94559.28000000,96951.78000000,22851.89428000,1768435199999
1768435200000,96951.78000000,97193.34000000,95134.48000000,95604.80000000,21725.81369000,1768521599999
1768521600000,95604.81000000,95871.47000000,94293.46000000,95550.94000000,11167.71460000,1768607999999
1768608000000,95550.94000000,95639.45000000,95021.67000000,95147.77000000,4280.80137000,1768694399999
1768694400000,95147.77000000,95531.12000000,93615.40000000,93673.14000000,6895.17819000,1768780799999
1768780800000,93673.14000000,93673.14000000,91910.20000000,92631.00000000,14295.52747000,1768867199999
1768867200000,92630.99000000,92870.00000000,87895.98000000,88427.66000000,22007.32610000,1768953599999
1768953600000,88427.66000000,90574.00000000,87263.53000000,89454.73000000,20617.50372000,1769039999999
1769040000000,89454.73000000,90359.99000000,88515.37000000,89559.67000000,10825.50492000,1769126399999
1769126400000,89559.68000000,91224.99000000,88578.36000000,89600.26000000,13918.48919000,1769212799999
1769212800000,89600.26000000,89957.39000000,89162.08000000,89225.34000000,4226.56737000,1769299199999
1769299200000,89225.34000000,89319.13000000,86074.72000000,86670.36000000,14426.22019000,1769385599999
1769385600000,86670.36000000,88860.00000000,86509.63000000,88347.08000000,17766.51453000,1769471999999
1769472000000,88347.08000000,89523.16000000,87304.33000000,89250.00000000,13125.40425000,1769558399999
1769558400000,89249.99000000,90600.00000000,88833.65000000,89299.99000000,14332.18502000,1769644799999
1769644800000,89300.00000000,89348.00000000,83383.33000000,84650.16000000,30431.38201000,1769731199999
1769731200000,84650.16000000,84735.75000000,81118.00000000,84260.49000000,35195.84793000,1769817599999
1769817600000,84260.50000000,84270.02000000,75719.90000000,78741.09000000,39491.89133000,1769903999999
1769904000000,78741.10000000,79424.00000000,75700.00000000,76968.21000000,25395.48168000,1769990399999
1769990400000,76968.22000000,79360.00000000,74604.00000000,78738.61000000,42273.59016000,1770076799999
1770076800000,78738.60000000,79186.81000000,72945.50000000,75770.21000000,39120.10889000,1770163199999
1770163200000,75770.21000000,76971.52000000,71888.00000000,73165.83000000,38375.36000000,1770249599999
1770249600000,73165.84000000,73341.18000000,62345.00000000,62909.86000000,106298.82899000,1770335999999
1770336000000,62909.87000000,71751.33000000,60000.00000000,70580.26000000,92539.21531000,1770422399999
1770422400000,70580.26000000,71690.07000000,67300.00000000,69289.38000000,44255.48036000,1770508799999
1770508800000,69289.37000000,72271.41000000,68888.00000000,70330.38000000,21420.53168000,1770595199999
1770595200000,70330.38000000,71453.53000000,68308.00000000,70138.00000000,29152.72842000,1770681599999
1770681600000,70138.00000000,70527.59000000,67800.00000000,68841.29000000,20373.77072000,1770767999999
1770768000000,68841.28000000,69292.88000000,65756.00000000,67082.52000000,28718.24602000,1770854399999
1770854400000,67082.52000000,68410.52000000,65118.00000000,66272.17000000,24271.74283000,1770940799999
1770940800000,66272.17000000,69482.97000000,65872.46000000,68853.96000000,20244.54955000,1771027199999
1771027200000,68853.97000000,70560.01000000,68730.13000000,69822.95000000,18114.78393000,1771113599999
1771113600000,69822.94000000,70983.00000000,68000.00000000,68832.58000000,22290.05208000,1771199999999
1771200000000,68832.59000000,70126.67000000,67294.11000000,68892.43000000,15515.76534000,1771286399999
1771286400000,68892.43000000,69241.50000000,66621.06000000,67503.52000000,16489.06921000,1771372799999
1771372800000,67503.52000000,68476.22000000,65870.00000000,66461.00000000,15492.43839000,1771459199999
1771459200000,66461.00000000,67320.00000000,65631.83000000,67003.73000000,14542.26988000,1771545599999
1771545600000,67003.73000000,68318.39000000,66280.20000000,68020.01000000,35351.87091000,1771631999999
1771632000000,68020.00000000,68698.70000000,67534.69000000,67975.93000000,8032.84131000,1771718399999
1771718400000,67975.93000000,68245.00000000,67190.00000000,67643.40000000,8175.13484000,1771804799999
1771804800000,67643.39000000,67684.86000000,63888.79000000,64656.02000000,33075.90923000,1771891199999
1771891200000,64656.01000000,65026.75000000,62510.28000000,64058.15000000,23102.83622000,1771977599999
1771977600000,64058.15000000,69988.83000000,63913.27000000,67988.04000000,30749.99259000,1772063999999
1772064000000,67988.04000000,68860.00000000,66500.00000000,67485.18000000,20737.77792000,1772150399999
1772150400000,67485.19000000,68216.80000000,64914.46000000,65872.10000000,21228.58424000,1772236799999
1772236800000,65872.09000000,67760.00000000,63030.00000000,66973.26000000,22548.71649000,1772323199999
1772323200000,66973.26000000,68199.99000000,65056.00000000,65776.47000000,23201.85859000,1772409599999
1772409600000,65776.48000000,70096.00000000,65259.21000000,68830.06000000,32010.38431000,1772495999999
1772496000000,68830.06000000,69258.08000000,66158.00000000,68338.00000000,24972.24180000,1772582399999
1772582400000,68338.01000000,74050.00000000,67400.00000000,72666.77000000,44919.07610000,1772668799999
1772668800000,72666.77000000,73558.15000000,70645.47000000,70890.72000000,26590.51253000,1772755199999
1772755200000,70891.02000000,71419.98000000,67744.78000000,68114.02000000,22629.88722000,1772841599999
1772841600000,68114.02000000,68551.04000000,66915.26000000,67262.91000000,12719.54315000,1772927999999
1772928000000,67262.91000000,68200.00000000,65618.49000000,65971.20000000,21593.63901000,1773014399999
1773014400000,65971.20000000,69516.65000000,65821.97000000,68432.16000000,28896.72130000,1773100799999
1773100800000,68432.16000000,71777.00000000,68391.41000000,69948.63000000,32602.57726000,1773187199999
1773187200000,69948.64000000,71321.00000000,68977.91000000,70191.86000000,27249.27542000,1773273599999
1773273600000,70191.86000000,70800.00000000,69205.91000000,70541.34000000,21997.16050000,1773359999999
1773360000000,70541.34000000,73913.74000000,70386.01000000,70930.00000000,35996.61678000,1773446399999
1773446400000,70930.01000000,71307.92000000,70317.00000000,71211.95000000,13017.24737000,1773532799999
1773532800000,71211.95000000,73199.00000000,70858.82000000,72815.24000000,14037.30704000,1773619199999
1773619200000,72815.25000000,74909.08000000,72270.41000000,74884.67000000,28409.53019000,1773705599999
1773705600000,74884.67000000,76000.00000000,73399.19000000,73909.36000000,24521.26636000,1773791999999
1773792000000,73909.37000000,74672.34000000,70500.00000000,71246.54000000,23392.88093000,1773878399999
1773878400000,71246.55000000,71613.79000000,68793.35000000,69930.00000000,22364.81819000,1773964799999
1773964800000,69930.01000000,71367.00000000,69388.00000000,70510.73000000,18121.16745000,1774051199999
1774051200000,70510.73000000,71100.94000000,68571.42000000,68918.12000000,13397.16750000,1774137599999
1774137600000,68918.12000000,69588.79000000,67360.66000000,67859.00000000,14843.78682000,1774223999999
1774224000000,67859.00000000,71817.09000000,67445.18000000,70906.45000000,28335.09119000,1774310399999
1774310400000,70906.45000000,71400.00000000,68923.07000000,70556.74000000,20702.42244000,1774396799999
1774396800000,70556.74000000,72026.09000000,70408.00000000,71336.53000000,17719.50066000,1774483199999
1774483200000,71336.53000000,71436.82000000,68153.00000000,68820.31000000,20820.45768000,1774569599999
1774569600000,68820.31000000,69179.05000000,65548.25000000,66407.28000000,28603.69557000,1774655999999
1774656000000,66407.28000000,67288.94000000,65932.09000000,66377.03000000,11462.39847000,1774742399999
1774742400000,66377.04000000,67130.50000000,65000.00000000,66010.93000000,10052.85584000,1774828799999
1774828800000,66010.93000000,68169.65000000,65800.59000000,66797.37000000,18353.38975000,1774915199999
1774915200000,66797.38000000,68589.49000000,65998.05000000,68284.48000000,22105.40662000,1775001599999
1775001600000,68284.49000000,69310.00000000,67578.75000000,68113.92000000,19020.18990000,1775087999999
1775088000000,68113.92000000,68653.38000000,65712.12000000,66901.99000000,20203.47916000,1775174399999
1775174400000,66901.99000000,67370.42000000,66282.00000000,66964.30000000,11429.13131000,1775260799999
1775260800000,66964.29000000,67562.93000000,66775.91000000,67300.42000000,7373.51613000,1775347199999
1775347200000,67300.42000000,69136.20000000,66611.66000000,69034.18000000,11733.46752000,1775433599999
1775433600000,69034.18000000,70351.46000000,68300.00000000,68853.66000000,20281.61044000,1775519999999
1775520000000,68853.66000000,72761.00000000,67732.01000000,71924.22000000,23750.49661000,1775606399999
1775606400000,71924.22000000,72857.00000000,70707.23000000,71069.93000000,19802.68627000,1775692799999
1775692800000,71069.93000000,73145.00000000,70466.00000000,71787.97000000,18158.42159000,1775779199999
1775779200000,71787.98000000,73434.00000000,71426.15000000,72962.70000000,17372.63288000,1775865599999
1775865600000,72962.71000000,73790.00000000,72513.09000000,73043.16000000,9070.94374000,1775951999999
1775952000000,73043.16000000,73137.24000000,70505.88000000,70740.98000000,13472.46801000,1776038399999
1776038400000,70741.56000000,74900.00000000,70566.99000000,74417.99000000,24230.21625000,1776124799999
1776124800000,74418.00000000,76038.00000000,73795.47000000,74131.55000000,26532.94456000,1776211199999
1776211200000,74131.55000000,75425.00000000,73514.00000000,74809.99000000,14425.04167000,1776297599999
1776297600000,74809.99000000,75534.76000000,73309.85000000,75154.29000000,17088.68777000,1776383999999
1776384000000,75154.28000000,78333.00000000,74529.40000000,77072.00000000,25941.36694000,1776470399999
1776470400000,77072.01000000,77420.08000000,75445.16000000,75691.76000000,9141.84456000,1776556799999
1776556800000,75691.76000000,76240.66000000,73762.90000000,73801.79000000,11369.82232000,1776643199999
1776643200000,73801.80000000,76558.62000000,73724.31000000,75840.97000000,16993.41034000,1776729599999
1776729600000,75840.97000000,76927.57000000,74821.57000000,76336.15000000,14912.57132000,1776815999999
1776816000000,76336.14000000,79472.82000000,76132.95000000,78178.23000000,19737.51225000,1776902399999
1776902400000,78178.22000000,78662.50000000,76960.00000000,78257.48000000,16970.79501000,1776988799999
1776988800000,78257.48000000,78581.93000000,77264.08000000,77437.13000000,12675.14315000,1777075199999
1777075200000,77437.13000000,77885.35000000,77140.23000000,77625.00000000,5685.11420000,1777161599999
1777161600000,77625.00000000,78961.00000000,77326.51000000,78657.55000000,7963.56162000,1777247999999
1777248000000,78657.55000000,79485.66000000,76459.64000000,77371.32000000,16046.92418000,1777334399999
1777334400000,77371.32000000,77478.00000000,75666.60000000,76342.77000000,13210.72383000,1777420799999
1777420800000,76342.78000000,77904.93000000,74937.52000000,75780.00000000,18279.93022000,1777507199999
1777507200000,75780.00000000,76669.14000000,75323.65000000,76346.57000000,10381.81607000,1777593599999
1777593600000,76346.58000000,78914.12000000,76320.42000000,78231.13000000,17315.46502000,1777679999999
1777680000000,78231.13000000,79199.48000000,78040.00000000,78686.85000000,6150.87642000,1777766399999
1777766400000,78686.84000000,79447.00000000,78084.08000000,78568.57000000,7425.79290000,1777852799999
1777852800000,78568.58000000,80776.99000000,78202.00000000,79861.01000000,26042.96135000,1777939199999
1777939200000,79861.01000000,81791.48000000,79808.72000000,80905.52000000,16947.17995000,1778025599999
1778025600000,80905.53000000,82850.00000000,80731.14000000,81447.01000000,18798.77396000,1778111999999
1778112000000,81447.01000000,81708.32000000,79500.00000000,80006.00000000,16154.80338000,1778198399999
1778198400000,80006.00000000,80500.00000000,79181.48000000,80193.17000000,16001.31009000,1778284799999
1778284800000,80193.18000000,81080.00000000,80129.85000000,80678.40000000,7548.42177000,1778371199999
1778371200000,80678.41000000,82479.32000000,80279.77000000,82210.07000000,12034.31882000,1778457599999
1778457600000,82210.07000000,82380.00000000,80462.97000000,81745.65000000,12951.76056000,1778543999999
1778544000000,81745.66000000,81788.00000000,79843.59000000,80504.47000000,12386.25676000,1778630399999
1778630400000,80504.47000000,81324.64000000,78754.65000000,79313.61000000,14810.05643000,1778716799999
1778716800000,79313.61000000,82048.13000000,78922.00000000,81089.99000000,19727.86807000,1778803199999
1778803200000,81090.00000000,81664.45000000,78659.00000000,79113.21000000,17351.27079000,1778889599999
1778889600000,79113.20000000,79227.77000000,77640.00000000,78148.05000000,12132.86192000,1778975999999
1778976000000,78148.05000000,78599.99000000,76735.16000000,77457.67000000,8442.70220000,1779062399999
1779062400000,77457.67000000,77800.00000000,76051.00000000,77001.87000000,18745.51678000,1779148799999
1779148800000,77001.88000000,77414.62000000,76144.71000000,76834.36000000,11024.85978000,1779235199999
1779235200000,76834.36000000,77853.04000000,76516.74000000,77552.23000000,11296.26307000,1779321599999
1779321600000,77552.24000000,78200.00000000,76719.47000000,77615.52000000,11318.25841000,1779407999999
1779408000000,77615.52000000,77900.00000000,75359.18000000,75539.50000000,11272.36134000,1779494399999
1779494400000,75539.50000000,77404.18000000,74289.60000000,76752.01000000,15086.88814000,1779580799999
1779580800000,76752.00000000,77543.15000000,76108.00000000,77064.96000000,8398.00156000,1779667199999
1779667200000,77064.96000000,77905.52000000,76914.25000000,77322.01000000,7672.32197000,1779753599999
1779753600000,77322.01000000,78080.00000000,75677.97000000,75930.01000000,16953.47629000,1779839999999
1779840000000,75930.01000000,76174.15000000,74243.99000000,74449.30000000,16877.77483000,1779926399999
1779926400000,74449.31000000,74590.77000000,72582.82000000,73617.51000000,21274.02026000,1780012799999
1780012800000,73617.52000000,74514.10000000,72512.49000000,73460.78000000,18686.74141000,1780099199999
1780099200000,73460.78000000,74143.76000000,73216.00000000,73884.38000000,7515.40909000,1780185599999
1780185600000,73884.38000000,74275.66000000,73400.00000000,73674.39000000,6986.45707000,1780271999999
1780272000000,73674.39000000,74092.00000000,70686.68000000,71408.90000000,23921.09184000,1780358399999
1780358400000,71408.90000000,71408.90000000,66193.00000000,66760.83000000,32858.19586000,1780444799999
1780444800000,66760.84000000,67516.00000000,64092.49000000,64142.75000000,30138.30650000,1780531199999
1780531200000,64142.75000000,64764.32000000,61383.56000000,63885.99000000,43577.17571000,1780617599999
1780617600000,63885.99000000,63978.00000000,59130.91000000,61056.47000000,55027.28807000,1780703999999
1780704000000,61056.47000000,61530.05000000,59500.00000000,60884.62000000,19795.58877000,1780790399999
1780790400000,60884.62000000,64234.68000000,60746.00000000,63332.01000000,26612.10443000,1780876799999
1780876800000,63332.01000000,64200.00000000,62408.00000000,63085.99000000,23053.38624000,1780963199999
1780963200000,63086.00000000,63526.01000000,60780.00000000,61730.00000000,21636.21959000,1781049599999
1781049600000,61730.00000000,62857.99000000,60755.00000000,61510.99000000,15998.71652000,1781135999999
1781136000000,61510.99000000,63933.02000000,61510.99000000,63625.99000000,17380.94642000,1781222399999
1781222400000,63626.00000000,64394.44000000,62829.81000000,63580.01000000,16397.05240000,1781308799999
1781308800000,63580.00000000,64762.77000000,63418.66000000,64458.01000000,9960.74163000,1781395199999
1781395200000,64458.01000000,65800.00000000,63678.83000000,65746.45000000,13203.03375000,1781481599999
1781481600000,65746.45000000,67292.15000000,65354.00000000,66328.74000000,18559.80102000,1781567999999
1781568000000,66328.74000000,66992.00000000,65360.92000000,65675.01000000,14302.05801000,1781654399999
1781654400000,65675.02000000,66445.93000000,63915.77000000,64509.40000000,19048.65409000,1781740799999
1781740800000,64509.40000000,64806.00000000,62272.07000000,62958.01000000,16935.59661000,1781827199999
1781827200000,62958.01000000,63666.00000000,62316.44000000,63543.91000000,14247.42400000,1781913599999
1781913600000,63543.90000000,64388.00000000,63184.21000000,64298.01000000,9522.10324000,1781999999999
1782000000000,64298.01000000,64588.00000000,63270.00000000,63311.99000000,8034.66333000,1782086399999
1782086400000,63312.00000000,65622.83000000,63312.00000000,64020.01000000,15423.10851000,1782172799999
1782172800000,64020.01000000,64275.38000000,61938.00000000,62734.57000000,20222.99292000,1782259199999
1782259200000,62734.57000000,63239.06000000,59102.70000000,61077.99000000,30678.28543000,1782345599999
1782345600000,61078.00000000,61962.40000000,58115.01000000,59794.00000000,30386.00694000,1782431999999
1782432000000,59794.64000000,60759.99000000,58337.00000000,60097.27000000,27403.55723000,1782518399999
1782518400000,60097.27000000,60941.17000000,59855.16000000,60029.00000000,9587.22916000,1782604799999
1782604800000,60029.01000000,60545.01000000,58905.00000000,59577.01000000,8907.13796000,1782691199999
1782691200000,59577.01000000,60780.57000000,58900.01000000,60260.21000000,20203.14178000,1782777599999
1782777600000,60260.20000000,60276.54000000,58201.00000000,58624.71000000,19639.82787000,1782863999999
1782864000000,58624.71000000,61334.00000000,57800.19000000,60024.00000000,25093.44662000,1782950399999
1782950400000,60024.00000000,62200.00000000,59588.00000000,61560.00000000,21382.14163000,1783036799999
1783036800000,61560.00000000,62979.86000000,61248.86000000,62583.26000000,14048.98627000,1783123199999
1783123200000,62583.26000000,63461.99000000,62328.24000000,63144.01000000,9139.82740000,1783209599999
1783209600000,63144.01000000,63999.00000000,62436.59000000,63650.00000000,9172.07758000,1783295999999
1783296000000,63650.01000000,64700.00000000,61306.84000000,64042.02000000,21435.28437000,1783382399999
1783382400000,64042.93000000,64314.00000000,62671.39000000,63363.99000000,16834.20823000,1783468799999
1783468800000,63364.00000000,63761.99000000,61544.56000000,62290.00000000,18620.09796000,1783555199999
1783555200000,62290.01000000,63500.00000000,61705.29000000,63230.00000000,16742.80672000,1783641599999
1783641600000,63230.01000000,64692.83000000,62926.01000000,64161.72000000,17589.00122000,1783727999999
1783728000000,64161.72000000,64504.11000000,63819.00000000,63819.00000000,9151.97432000,1783814399999
1783814400000,63819.01000000,64290.11000000,63640.83000000,63780.00000000,13914.83703000,1783900799999
1783900800000,63780.00000000,64425.00000000,61824.97000000,62334.52000000,21682.50204000,1783987199999
1783987200000,62334.52000000,65100.00000000,62272.20000000,65043.98000000,20552.41384000,1784073599999
1784073600000,65043.99000000,65600.00000000,64485.00000000,64756.28000000,18401.89741000,1784159999999
1784160000000,64756.28000000,64997.52000000,63748.74000000,63830.20000000,18764.52679000,1784246399999
1784246400000,63830.20000000,64387.99000000,62537.56000000,63931.67000000,18189.89389000,1784332799999
1784332800000,63931.67000000,64865.00000000,63886.65000000,64834.22000000,8031.18012000,1784419199999
1784419200000,64834.21000000,64967.25000000,64280.00000000,64722.54000000,8379.91474000,1784505599999
1784505600000,64722.55000000,65799.00000000,63100.00000000,65255.51000000,21323.48702000,1784591999999
1784592000000,65255.51000000,66956.15000000,65148.75000000,66556.16000000,18618.28087000,1784678399999
1784678400000,66556.15000000,66739.89000000,65553.67000000,66114.49000000,18074.86602000,1784764799999
1784764800000,66114.50000000,66313.14000000,64650.00000000,65098.97000000,14698.22673000,1784851199999
1784851200000,65098.98000000,65808.59000000,63739.75000000,64139.99000000,16821.27180000,1784937599999
1784937600000,64140.00000000,64475.28000000,63810.00000000,64375.00000000,8863.05030000,1785023999999
1785024000000,64375.01000000,65577.00000000,64293.81000000,65399.99000000,7933.06089000,1785110399999
1785110400000,65400.00000000,65744.60000000,63605.56000000,63755.86000000,14791.90543000,1785196799999
1785196800000,63755.86000000,64100.00000000,62742.47000000,63915.00000000,13889.82996000,1785283199999
1785283200000,63915.00000000,64744.81000000,63267.34000000,63984.28000000,16780.11912000,1785369599999
1785369600000,63984.29000000,65176.60000000,63603.92000000,64780.02000000,17131.58486000,1785455999999
1785456000000,64780.03000000,65409.56000000,62466.00000000,62887.88000000,20475.60686000,1785542399999
1785542400000,62887.88000000,63150.00000000,62275.00000000,62823.64000000,7563.08904000,1785628799999
1785628800000,62823.65000000,63796.33000000,62806.58000000,63570.00000000,8387.01154000,1785715199999
1785715200000,63570.01000000,64080.00000000,62300.00000000,63520.00000000,15543.29743000,1785801599999
1785801600000,63520.00000000,64549.16000000,63322.01000000,64106.56000000,13690.47909000,1785887999999
1785888000000,64106.55000000,65025.22000000,63880.00000000,64665.23000000,12742.85528000,1785974399999
1785974400000,64665.24000000,64999.00000000,64172.00000000,64323.61000000,9864.43284000,1786060799999
1786060800000,64323.61000000,65390.99000000,64166.00000000,64923.19000000,11807.40403000,1786147199999
1786147200000,64923.20000000,65192.54000000,64784.19000000,64962.60000000,5760.14298000,1786233599999
1786233600000,64962.60000000,65474.46000000,64730.08000000,64901.59000000,7031.23606000,1786319999999
1786320000000,64901.59000000,65391.14000000,63806.27000000,63970.01000000,13638.40877000,1786406399999
1786406400000,63970.01000000,64515.43000000,63238.00000000,63600.00000000,12891.63248000,1786492799999
1786492800000,63600.01000000,64500.00000000,63310.34000000,63479.99000000,13627.06822000,1786579199999
1786579200000,63479.99000000,64010.00000000,62802.27000000,63490.86000000,10793.85853000,1786665599999
1786665600000,63490.86000000,63617.45000000,62535.24000000,63043.56000000,12340.82899000,1786751999999
1786752000000,63043.56000000,63187.98000000,62920.00000000,63086.01000000,5405.16038000,1786838399999
1786838400000,63086.01000000,63390.00000000,62716.00000000,62900.00000000,4737.23135000,1786924799999
1786924800000,62900.00000000,64610.01000000,62751.10000000,64532.10000000,14255.64713000,1787011199999
1787011200000,64532.11000000,65058.81000000,64027.85000000,64725.42000000,11789.91312000,1787097599999
1787097600000,64725.42000000,70000.00000000,64166.00000000,69334.79000000,29054.29976000,1787183999999
1787184000000,69334.78000000,73400.00000000,68902.22000000,73025.15000000,35904.79287000,1787270399999
1787270400000,73027.02000000,79500.00000000,73027.02000000,78338.03000000,44339.56568000,1787356799999
1787356800000,78338.03000000,78828.15000000,76500.00000000,77074.93000000,18524.50847000,1787443199999
1787443200000,77074.94000000,78052.85000000,75545.67000000,77734.00000000,15367.23185000,1787529599999
1787529600000,77734.00000000,80000.00000000,76670.01000000,78992.75000000,30179.29391000,1787615999999
1787616000000,78992.76000000,81272.62000000,77851.00000000,78539.14000000,24772.51394000,1787702399999
1787702400000,78539.13000000,79251.60000000,77632.58000000,79023.75000000,14613.75887000,1787788799999
1787788800000,79023.75000000,80848.74000000,78546.13000000,80249.58000000,16265.53695000,1787875199999
1787875200000,80249.59000000,81478.87000000,76888.00000000,77845.87000000,19756.43646000,1787961599999
1787961600000,77845.88000000,78330.00000000,77382.37000000,78230.00000000,7016.30257000,1788047999999
1788048000000,78230.00000000,79400.00000000,77000.00000000,77682.00000000,9085.42405000,1788134399999
1788134400000,77682.00000000,79250.00000000,77392.00000000,78581.29000000,15303.90602000,1788220799999
1788220800000,78581.30000000,79220.61000000,76420.00000000,77439.00000000,14130.63949000,1788307199999
1788307200000,77439.01000000,77792.00000000,76264.00000000,77340.01000000,13070.97820000,1788393599999
1788393600000,77340.01000000,82300.00000000,76968.00000000,81270.37000000,19806.42247000,1788479999999
1788480000000,81270.37000000,81427.75000000,78660.00000000,79660.77000000,19198.62549000,1788566399999
1788566400000,79660.77000000,80200.00000000,79442.00000000,79831.75000000,9117.24020000,1788652799999
1788652800000,79831.75000000,80559.99000000,79233.00000000,80341.83000000,8854.81827000,1788739199999
1788739200000,80341.83000000,80443.99000000,78680.00000000,79112.01000000,10572.45495000,1788825599999
1788825600000,79112.00000000,79485.00000000,77620.01000000,78455.80000000,19235.06605000,1788911999999
1788912000000,78455.80000000,79760.00000000,77770.00000000,78306.43000000,14129.92027000,1788998399999
1788998400000,78306.43000000,78564.39000000,76464.00000000,76568.72000000,15320.36904000,1789084799999
1789084800000,76568.73000000,79890.00000000,76046.58000000,77225.70000000,19713.27729000,1789171199999
1789171200000,77225.71000000,77505.67000000,77059.75000000,77278.73000000,8060.44455000,1789257599999
1789257600000,77278.73000000,77450.00000000,76500.00000000,76842.01000000,6959.68366000,1789343999999
1789344000000,76842.01000000,79600.00000000,76388.72000000,78189.21000000,15413.48971000,1789430399999
1789430400000,78189.20000000,78250.46000000,74967.97000000,75644.48000000,21682.71734000,1789516799999
1789516800000,75644.48000000,76560.76000000,75064.82000000,76206.01000000,14887.98431000,1789603199999
1789603200000,76206.00000000,77179.47000000,76000.00000000,76417.01000000,10925.02219000,1789689599999
1789689600000,76417.01000000,81400.00000000,76296.00000000,80883.87000000,23907.77962000,1789775999999
1789776000000,80883.86000000,81951.00000000,80844.58000000,81249.99000000,10663.76706000,1789862399999
1789862400000,81249.99000000,81497.33000000,80126.04000000,81178.00000000,10993.68293000,1789948799999
1789948800000,81178.01000000,87395.67000000,80850.22000000,86620.00000000,31963.17872000,1790035199999
1790035200000,86620.01000000,86717.60000000,85114.00000000,86208.56000000,21328.45813000,1790121599999
1790121600000,86208.57000000,87278.54000000,83500.01000000,84397.60000000,22150.93277000,1790207999999
1790208000000,84397.60000000,84942.45000000,82874.93000000,84410.24000000,18703.61971000,1790294399999
1790294400000,84410.24000000,85255.00000000,83183.00000000,84099.99000000,18056.26519000,1790380799999
1790380800000,84100.00000000,84473.58000000,83798.00000000,84433.10000000,8058.06465000,1790467199999
1790467200000,84433.11000000,85159.03000000,84132.00000000,84472.00000000,9615.12963000,1790553599999
1790553600000,84472.01000000,84999.00000000,82563.00000000,83500.01000000,20960.72462000,1790639999999
1790640000000,83500.01000000,84563.99000000,82775.94000000,83663.66000000,13461.55331000,1790726399999
1790726400000,83663.66000000,85649.95000000,82956.11000000,83623.60000000,18522.82001000,1790812799999
1790812800000,83623.59000000,85273.65000000,83186.00000000,84880.05000000,16766.05675000,1790899199999
1790899200000,84880.05000000,87220.00000000,83888.00000000,84518.01000000,26497.91954000,1790985599999
1790985600000,84518.00000000,85037.63000000,84456.02000000,84753.56000000,6889.63623000,1791071999999
1791072000000,84753.57000000,86800.00000000,84719.99000000,86530.00000000,7993.11395000,1791158399999
1791158400000,86530.00000000,86999.11000000,84972.01000000,85766.87000000,16186.77610000,1791244799999
1791244800000,85766.87000000,86698.99000000,85136.11000000,85549.93000000,12614.47572000,1791331199999
1791331200000,85549.94000000,85598.22000000,83577.00000000,84236.01000000,6274.88463000,1791417599999
