open_time,open,high,low,close,vol,close_time
1767225600000,87648.21,88088.1,87632.74,87846.02,833.74412,1767239999999
1767240000000,87846.01,87854.81,87550.43,87631.88,1108.52485,1767254399999
1767254400000,87631.88,88024.64,87631.87,88024.64,819.82493,1767268799999
1767268800000,88024.64,88113.45,87810.66,88032.18,1005.89204,1767283199999
1767283200000,88032.17,88500.0,87879.03,88391.15,1140.33499,1767297599999
1767297600000,88391.16,88919.45,88240.0,88839.04,1371.2504,1767311999999
1767312000000,88839.05,89120.01,88379.88,88950.65,1615.06136,1767326399999
1767326400000,88950.64,89079.44,88576.56,88857.61,1190.3172,1767340799999
1767340800000,88857.6,89942.44,88758.94,89502.95,3334.56621,1767355199999
1767355200000,89502.94,90135.0,88459.96,89418.11,4573.8437,1767369599999
1767369600000,89418.1,90961.81,89205.92,89897.23,5155.47201,1767383999999
1767384000000,89897.23,90400.0,89636.77,89995.13,1527.71253,1767398399999
1767398400000,89995.14,90418.32,89966.48,90321.22,1026.19409,1767412799999
1767412800000,90321.23,90480.62,89314.01,89577.13,1777.4168,1767427199999
1767427200000,89577.13,89982.11,89420.75,89752.74,1301.1092,1767441599999
1767441600000,89752.75,90249.99,89664.93,89969.31,1115.15116,1767455999999
1767456000000,89969.31,90219.67,89918.59,90123.77,516.07827,1767470399999
1767470400000,90123.76,90741.16,90017.23,90628.01,1321.51764,1767484799999
1767484800000,90628.01,91610.17,90628.0,91236.78,2719.43418,1767499199999
1767499200000,91236.78,91810.0,91183.15,91532.0,1833.66412,1767513599999
1767513600000,91532.0,91620.5,91174.46,91300.0,2596.25909,1767527999999
1767528000000,91300.01,91419.22,91014.1,91334.94,1316.31831,1767542399999
1767542400000,91334.94,91455.9,90863.47,91138.07,1140.52954,1767556799999
1767556800000,91138.06,91590.0,91132.0,91529.73,820.32446,1767571199999
1767571200000,91529.74,93388.0,91514.81,92878.22,5548.56251,1767585599999
1767585600000,92878.22,92947.87,92155.0,92520.63,1838.8669,1767599999999
1767600000000,92520.63,93151.0,92320.17,93134.26,2498.18846,1767614399999
1767614400000,93134.25,94000.0,92407.13,93957.73,4224.09624,1767628799999
1767628800000,93957.74,94500.0,93250.0,94303.4,4190.38211,1767643199999
1767643200000,94303.4,94789.08,93800.0,93859.71,2373.49962,1767657599999
1767657600000,93859.71,94161.86,93529.18,93769.24,1527.94713,1767671999999
1767672000000,93769.25,94000.0,93137.98,93255.08,2037.39443,1767686399999
1767686400000,93255.08,93895.0,93167.29,93840.0,1360.24604,1767700799999
1767700800000,93839.99,94444.44,93352.01,93648.99,3747.64759,1767715199999
1767715200000,93649.0,93775.6,91262.94,92104.5,6154.50415,1767729599999
1767729600000,92104.49,93845.03,92098.29,93747.97,3718.67895,1767743999999
1767744000000,93747.97,93747.97,92236.07,92815.83,2673.21579,1767758399999
1767758400000,92815.83,92930.35,92500.0,92879.13,1043.57297,1767772799999
1767772800000,92879.14,92961.53,91600.0,92087.21,2601.79745,1767787199999
1767787200000,92087.21,92299.4,91024.0,91349.96,3623.32777,1767801599999
1767801600000,91349.95,91790.0,90675.52,91186.07,2653.80915,1767815999999
1767816000000,91186.07,91489.6,90778.32,91364.16,1680.76712,1767830399999
1767830400000,91364.16,91687.99,90616.36,90813.4,1794.84191,1767844799999
1767844800000,90813.4,91188.0,89641.84,90548.02,3107.77644,1767859199999
1767859200000,90548.02,90917.22,89777.25,90226.77,2431.28077,1767873599999
1767873600000,90226.77,90847.52,89311.0,90781.57,4384.25882,1767887999999
1767888000000,90781.57,91469.0,90312.89,90937.41,2656.5893,1767902399999
1767902400000,90937.42,91493.0,90568.11,91099.99,1758.04393,1767916799999
1767916800000,91100.0,91632.1,90850.0,91220.23,1573.86844,1767931199999
1767931200000,91220.24,91236.72,90738.34,90741.84,1493.55612,1767945599999
1767945600000,90741.85,90843.77,89694.66,90463.11,2586.72373,1767959999999
1767960000000,90463.12,92082.55,89850.0,91176.47,5694.3606,1767974399999
1767974400000,91176.48,91783.32,90190.0,90332.15,2962.09045,1767988799999
1767988800000,90332.14,90732.01,90113.87,90641.28,1279.68005,1768003199999
1768003200000,90641.27,90782.23,90527.99,90626.14,528.98968,1768017599999
1768017600000,90626.15,90682.7,90408.23,90678.5,491.62648,1768031999999
1768032000000,90678.5,90832.0,90618.28,90723.86,647.39632,1768046399999
1768046400000,90723.87,90788.78,90538.46,90665.75,414.48163,1768060799999
1768060800000,90665.76,90746.0,90504.55,90626.54,530.14761,1768075199999
1768075200000,90626.54,90659.03,90404.0,90504.7,491.4755,1768089599999
1768089600000,90504.7,90737.95,90451.1,90733.5,463.88039,1768103999999
1768104000000,90733.49,90850.0,90585.34,90710.79,546.84342,1768118399999
1768118400000,90710.8,90816.0,90610.27,90754.99,694.37617,1768132799999
1768132800000,90754.99,91191.5,90708.25,90875.79,1144.02813,1768147199999
1768147200000,90875.79,91283.89,90673.3,90690.8,961.40735,1768161599999
1768161600000,90690.81,91041.79,90236.0,91013.65,1666.60048,1768175999999
1768176000000,91013.66,92519.95,90700.29,91808.12,3786.46912,1768190399999
1768190400000,91808.12,92290.81,91381.36,91408.09,1706.23351,1768204799999
1768204800000,91408.09,91630.13,90370.0,90620.96,2761.14204,1768219199999
1768219200000,90620.95,91665.0,90128.44,91665.0,2904.06995,1768233599999
1768233600000,91664.99,92332.0,91000.53,91861.27,3629.97324,1768247999999
1768248000000,91861.27,92046.23,90938.2,91296.2,1400.19482,1768262399999
1768262400000,91296.2,91546.08,91042.66,91408.91,1312.52459,1768276799999
1768276800000,91408.9,92275.38,91350.71,91942.0,2568.59009,1768291199999
1768291200000,91941.99,92672.11,91924.27,92000.74,2545.21662,1768305599999
1768305600000,92000.73,93450.0,91787.61,93449.99,4336.89557,1768319999999
1768320000000,93449.99,94231.82,93078.31,94226.84,4752.59807,1768334399999
1768334400000,94226.85,96495.0,94062.0,95414.0,7505.68988,1768348799999
1768348800000,95413.99,95722.01,95116.03,95720.99,2381.89992,1768363199999
1768363200000,95720.99,95799.22,94559.28,95205.1,2873.6342,1768377599999
1768377600000,95205.11,95315.15,94737.95,94792.99,1756.03488,1768391999999
1768392000000,94793.0,97084.68,94680.67,96764.57,6031.62524,1768406399999
1768406400000,96764.57,97777.0,96246.56,97267.42,6680.63165,1768420799999
1768420800000,97267.42,97924.49,96772.02,96951.78,3128.06839,1768435199999
1768435200000,96951.78,97000.0,95777.0,95985.1,2821.68199,1768449599999
1768449600000,95985.11,96760.15,95952.89,96630.48,2056.29256,1768463999999
1768464000000,96630.47,97193.34,96289.98,96581.08,2793.34386,1768478399999
1768478400000,96581.07,97165.03,95435.91,96737.04,4818.18164,1768492799999
1768492800000,96737.04,97163.0,95183.13,95516.01,7868.89039,1768507199999
1768507200000,95516.01,95871.0,95134.48,95604.8,1367.42325,1768521599999
1768521600000,95604.81,95855.12,95321.58,95354.69,1207.1411,1768535999999
1768536000000,95354.69,95816.83,95133.03,95653.16,2294.926,1768550399999
1768550400000,95653.16,95871.47,95261.43,95429.09,1614.38797,1768564799999
1768564800000,95429.09,95809.08,94293.46,94585.98,3014.1328,1768579199999
1768579200000,94585.99,95215.74,94508.0,95002.09,1854.59442,1768593599999
1768593600000,95002.09,95600.0,94682.0,95550.94,1182.53231,1768607999999
1768608000000,95550.94,95578.2,95200.0,95372.95,520.98136,1768622399999
1768622400000,95372.94,95373.64,95041.7,95101.67,558.53587,1768636799999
1768636800000,95101.67,95323.86,95021.67,95323.86,614.83515,1768651199999
1768651200000,95323.85,95639.45,95198.81,95573.64,1450.99515,1768665599999
1768665600000,95573.65,95576.14,95212.25,95291.38,636.49063,1768679999999
1768680000000,95291.37,95412.86,95050.0,95147.77,498.96321,1768694399999
1768694400000,95147.77,95250.0,94876.33,95200.29,721.03445,1768708799999
1768708800000,95200.29,95260.0,95028.27,95028.27,705.29271,1768723199999
1768723200000,95028.27,95295.39,95021.44,95168.06,960.00602,1768737599999
1768737600000,95168.06,95376.24,94910.0,95119.28,1177.17902,1768751999999
1768752000000,95119.27,95521.71,95073.02,95380.99,921.46243,1768766399999
1768766400000,95380.99,95531.12,93615.4,93673.14,2410.20356,1768780799999
1768780800000,93673.14,93673.14,91910.2,92690.09,6141.54249,1768795199999
1768795200000,92690.08,92861.41,92385.07,92841.62,1712.23708,1768809599999
1768809600000,92841.62,93368.44,92702.56,93191.96,1908.98628,1768823999999
1768824000000,93191.96,93226.44,92700.0,93068.62,1798.82427,1768838399999
1768838400000,93068.62,93420.0,92930.0,93105.85,1153.18382,1768852799999
1768852800000,93105.85,93342.36,92158.48,92631.0,1580.75353,1768867199999
1768867200000,92630.99,92870.0,92264.7,92434.92,1260.14088,1768881599999
1768881600000,92434.93,92470.37,90771.78,91177.98,4648.13308,1768895999999
1768896000000,91177.99,91442.88,90693.0,91218.99,2254.1302,1768910399999
1768910400000,91218.99,91371.11,89859.06,90684.95,5038.30665,1768924799999
1768924800000,90684.95,90974.49,89292.48,89725.76,4114.75823,1768939199999
1768939200000,89725.77,89854.2,87895.98,88427.66,4691.85706,1768953599999
1768953600000,88427.66,89598.8,88250.0,89432.33,2980.55061,1768967999999
1768968000000,89432.33,90120.44,89093.28,89213.95,2049.62852,1768982399999
1768982400000,89213.96,89493.46,88700.0,88789.99,2010.929,1768996799999
1768996800000,88789.99,90574.0,88196.72,90288.04,4684.20136,1769011199999
1769011200000,90288.04,90450.0,87263.53,90355.56,6425.20187,1769025599999
1769025600000,90355.56,90377.0,89344.98,89454.73,2466.99236,1769039999999
1769040000000,89454.73,90359.99,89454.72,89899.51,1561.80923,1769054399999
1769054400000,89899.51,90215.79,89802.0,89818.79,1213.67268,1769068799999
1769068800000,89818.79,90150.0,89760.0,89941.26,1125.90639,1769083199999
1769083200000,89941.26,90340.0,88515.37,89000.01,3512.25665,1769097599999
1769097600000,89000.0,89924.46,88676.95,89777.9,2304.40726,1769111999999
1769112000000,89777.89,89946.13,89140.13,89559.67,1107.45271,1769126399999
1769126400000,89559.68,89979.97,89450.48,89924.78,1144.14106,1769140799999
1769140800000,89924.78,90088.94,89400.0,89549.45,1729.71757,1769155199999
1769155200000,89549.45,89632.18,88860.44,89202.48,1992.68771,1769169599999
1769169600000,89202.47,89865.53,88578.36,89761.61,2836.93325,1769183999999
1769184000000,89761.61,91224.99,89489.0,89982.79,4430.77605,1769198399999
1769198400000,89982.79,90156.06,89200.68,89600.26,1784.23355,1769212799999
1769212800000,89600.26,89957.39,89424.39,89770.02,760.9766,1769227199999
1769227200000,89770.03,89853.38,89572.81,89620.1,954.94709,1769241599999
1769241600000,89620.11,89686.43,89577.97,89595.4,513.59579,1769255999999
1769256000000,89595.41,89595.41,89171.75,89275.77,1016.91516,1769270399999
1769270400000,89275.77,89461.4,89162.08,89331.36,560.08706,1769284799999
1769284800000,89331.36,89489.84,89215.59,89225.34,420.04567,1769299199999
1769299200000,89225.34,89319.13,88838.72,88960.35,949.82753,1769313599999
1769313600000,88960.36,89090.13,88635.84,88659.99,1365.03813,1769327999999
1769328000000,88659.99,88760.0,88136.0,88570.17,1276.76207,1769342399999
1769342400000,88570.17,88971.89,88340.75,88446.5,1271.25718,1769356799999
1769356800000,88446.51,88448.85,86194.85,86495.16,6164.82689,1769371199999
1769371200000,86495.17,87013.79,86074.72,86670.36,3398.50839,1769385599999
1769385600000,86670.36,87973.11,86509.63,87282.05,4005.56746,1769399999999
1769400000000,87282.04,88074.48,87244.27,88000.64,3558.66159,1769414399999
1769414400000,88000.64,88424.45,87600.69,87855.0,1820.3712,1769428799999
1769428800000,87855.01,88860.0,87325.03,87641.41,4437.30175,1769443199999
1769443200000,87641.41,88537.95,87035.51,88013.19,2334.22752,1769457599999
1769457600000,88013.19,88659.09,87542.05,88347.08,1610.38501,1769471999999
1769472000000,88347.08,88898.0,88194.82,88788.0,1649.23753,1769486399999
1769486400000,88787.99,89010.0,88278.03,88320.41,1448.31937,1769500799999
1769500800000,88320.41,88397.85,87743.52,87992.74,1462.63908,1769515199999
1769515200000,87992.74,88474.23,87578.67,88047.46,2499.9435,1769529599999
1769529600000,88047.46,88819.89,87304.33,88408.77,3647.91175,1769543999999
1769544000000,88408.78,89523.16,88373.49,89250.0,2417.35302,1769558399999
1769558400000,89249.99,89497.96,88985.0,89126.67,1094.38637,1769572799999
1769572800000,89126.68,89400.0,88840.0,89134.35,1349.92307,1769587199999
1769587200000,89134.35,90156.72,88833.65,90080.0,2787.07391,1769601599999
1769601600000,90079.99,90488.0,88904.61,89479.66,4428.88675,1769615999999
1769616000000,89479.66,90600.0,89006.36,89402.58,3310.08413,1769630399999
1769630400000,89402.57,89896.0,88878.01,89299.99,1361.83079,1769644799999
1769644800000,89300.0,89348.0,87704.0,88053.71,2923.10988,1769659199999
1769659200000,88053.71,88430.05,87901.23,88352.97,1476.91111,1769673599999
1769673600000,88352.96,88500.0,87750.01,87846.5,2299.04104,1769687999999
1769688000000,87846.5,88182.29,84366.56,84934.02,10107.55386,1769702399999
1769702400000,84934.02,85638.3,83383.33,84012.11,10787.89043,1769716799999
1769716800000,84012.11,84737.69,83824.9,84650.16,2836.87569,1769731199999
1769731200000,84650.16,84735.75,81118.0,82676.43,12245.12313,1769745599999
1769745600000,82676.42,83332.2,82056.08,82816.98,4789.41822,1769759999999
1769760000000,82816.98,83314.85,82160.0,83151.36,3255.07609,1769774399999
1769774400000,83151.36,83797.99,82382.01,82883.94,4751.88055,1769788799999
1769788800000,82882.84,84621.16,81871.37,84242.99,6116.25601,1769803199999
1769803200000,84243.0,84523.11,83539.2,84260.49,4038.09393,1769817599999
1769817600000,84260.5,84270.02,83815.02,84022.69,1727.33956,1769831999999
1769832000000,84022.7,84146.22,83404.67,83546.81,1349.94572,1769846399999
1769846400000,83546.82,83629.08,82560.75,83020.0,2408.78889,1769860799999
1769860800000,83020.0,83140.0,80825.76,81302.15,6811.82932,1769875199999
1769875200000,81302.16,82200.0,75719.9,77750.01,22029.61555,1769889599999
1769889600000,77750.01,79240.0,77092.34,78741.09,5164.37229,1769903999999
1769904000000,78741.1,79424.0,78284.0,78868.28,4258.38184,1769918399999
1769918400000,78868.29,79119.3,77967.69,78343.0,2563.1542,1769932799999
1769932800000,78343.0,79220.72,78148.1,78743.56,2450.30839,1769947199999
1769947200000,78743.57,78768.68,76761.98,77593.4,4807.63006,1769961599999
1769961600000,77593.4,78443.1,77000.01,77174.78,2883.53084,1769975999999
1769976000000,77174.77,77779.63,75700.0,76968.21,8432.47635,1769990399999
1769990400000,76968.22,78231.26,74604.0,76292.98,11449.76567,1770004799999
1770004800000,76292.98,76958.0,74911.14,76660.79,9568.39849,1770019199999
1770019200000,76660.78,77970.62,76628.28,77759.99,5651.50758,1770033599999
1770033600000,77760.0,79360.0,77564.62,78850.06,7522.81805,1770047999999
1770048000000,78850.06,79288.28,78283.27,78341.5,5462.07718,1770062399999
1770062400000,78341.5,78962.78,77888.0,78738.61,2619.02319,1770076799999
1770076800000,78738.6,79186.81,77644.09,78753.32,4012.52848,1770091199999
1770091200000,78753.32,78999.99,77950.0,78794.67,2886.84787,1770105599999
1770105600000,78794.67,79084.29,77950.0,78079.5,2794.97467,1770119999999
1770120000000,78079.5,78458.89,77055.54,78132.33,5543.61818,1770134399999
1770134400000,78132.34,78134.53,72945.5,74935.0,18839.6377,1770148799999
1770148800000,74935.0,76960.0,74586.54,75770.21,5042.50199,1770163199999
1770163200000,75770.21,76971.52,75467.22,76698.17,3573.68321,1770177599999
1770177600000,76698.17,76830.69,76105.3,76514.3,2837.0505,1770191999999
1770192000000,76514.3,76607.69,75666.0,76017.25,2912.66082,1770206399999
1770206400000,76017.25,76260.85,73794.11,74136.36,8952.94529,1770220799999
1770220800000,74136.48,74249.83,72169.0,73923.29,13944.22381,1770235199999
1770235200000,73923.3,74144.0,71888.0,73165.83,6154.79637,1770249599999
1770249600000,73165.84,73341.18,71152.78,71223.25,8356.43633,1770263999999
1770264000000,71223.25,71622.82,70140.0,70756.85,13229.00492,1770278399999
1770278400000,70756.86,71978.58,69922.0,70318.35,9382.74194,1770292799999
1770292800000,70318.35,70872.04,66720.15,67489.07,25214.85527,1770307199999
1770307200000,67489.08,68681.81,65200.0,65265.65,21297.2321,1770321599999
1770321600000,65265.66,65700.0,62345.0,62909.86,28818.55843,1770335999999
1770336000000,62909.87,66010.0,60000.0,64168.33,28980.40325,1770350399999
1770350400000,64168.33,66826.5,63914.62,64856.0,13204.36329,1770364799999
1770364800000,64856.0,66755.13,64500.0,66631.32,9652.84585,1770379199999
1770379200000,66631.32,69192.0,66114.49,68626.0,17606.82465,1770393599999
1770393600000,68625.99,71500.0,68428.19,70731.46,17283.69927,1770407999999
1770408000000,70731.45,71751.33,69837.35,70580.26,5811.079,1770422399999
1770422400000,70580.26,70928.75,69718.0,70918.99,4687.77364,1770436799999
1770436800000,70918.99,71690.07,67300.0,68087.14,13271.32166,1770451199999
1770451200000,68087.13,68790.0,67582.48,67972.65,8689.01558,1770465599999
1770465600000,67972.65,69999.99,67901.89,69151.5,9290.84055,1770479999999
1770480000000,69151.5,69898.0,68531.5,69373.61,6393.31777,1770494399999
1770494400000,69373.61,69728.83,68787.34,69289.38,1923.21116,1770508799999
1770508800000,69289.37,69696.57,68888.0,69099.99,2026.40929,1770523199999
1770523200000,69100.0,69719.07,68952.01,69710.69,2878.17149,1770537599999
1770537600000,69710.69,71220.0,69514.15,70999.98,5309.31519,1770551999999
1770552000000,70999.99,71554.95,70707.39,71188.99,3659.2176,1770566399999
1770566400000,71188.99,71538.05,70251.33,71422.97,2720.17356,1770580799999
1770580800000,71422.96,72271.41,70000.0,70330.38,4827.24455,1770595199999
1770595200000,70330.38,71453.53,70068.18,71307.56,4021.31441,1770609599999
1770609600000,71307.56,71359.37,70311.7,70422.59,2930.6054,1770623999999
1770624000000,70422.59,70608.83,68420.58,68928.72,6108.89766,1770638399999
1770638400000,68928.71,69884.82,68308.0,69563.37,6863.78788,1770652799999
1770652800000,69563.37,71075.31,69100.0,70957.01,6239.20348,1770667199999
1770667200000,70957.01,71126.0,69823.52,70138.0,2988.91959,1770681599999
1770681600000,70138.0,70527.59,69208.61,69511.83,2469.62773,1770695999999
1770696000000,69511.83,69906.5,68682.0,68919.66,3133.48778,1770710399999
1770710400000,68919.66,69417.7,68459.89,68535.01,3589.46371,1770724799999
1770724800000,68535.02,69591.2,67800.0,69293.37,5843.11364,1770739199999
1770739200000,69293.37,69993.65,68604.63,69062.01,3997.49855,1770753599999
1770753600000,69062.0,69136.91,68362.0,68841.29,1340.57931,1770767999999
1770768000000,68841.28,69292.88,68011.11,68187.99,1918.23444,1770782399999
1770782400000,68188.0,68325.0,66557.99,67032.72,5175.02607,1770796799999
1770796800000,67032.71,67134.42,66369.49,67053.03,3914.08731,1770811199999
1770811200000,67053.03,68834.34,65756.0,66519.73,9148.58414,1770825599999
1770825600000,66519.72,67860.44,65876.0,67586.67,5004.8715,1770839999999
1770840000000,67586.66,68369.77,66787.7,67082.52,3557.44256,1770854399999
1770854400000,67082.52,68047.48,67055.53,67580.99,2100.97039,1770868799999
1770868800000,67581.0,67682.69,66670.45,67217.72,2710.60187,1770883199999
1770883200000,67217.71,68299.0,66891.6,68076.01,3668.0563,1770897599999
1770897600000,68076.01,68410.52,67014.98,67134.74,4824.24216,1770911999999
1770912000000,67134.74,67232.04,65118.0,65788.36,7933.48282,1770926399999
1770926400000,65788.36,66488.9,65215.06,66272.17,3034.38929,1770940799999
1770940800000,66272.17,66814.0,65872.46,66553.08,2583.39216,1770955199999
1770955200000,66553.09,66671.62,66002.98,66208.96,2428.41994,1770969599999
1770969600000,66208.96,67226.66,66191.52,67171.42,2201.58479,1770983999999
1770984000000,67171.41,69309.8,66867.47,68692.12,6886.55091,1770998399999
1770998400000,68692.12,69482.97,68540.83,68938.91,4320.62247,1771012799999
1771012800000,68938.91,69079.4,68683.32,68853.96,1823.97928,1771027199999
1771027200000,68853.97,69137.5,68768.56,68981.99,1291.93003,1771041599999
1771041600000,68982.0,69343.0,68730.13,69219.26,2188.37379,1771055999999
1771056000000,69219.27,70560.01,69218.71,70505.74,3530.97709,1771070399999
1771070400000,70505.74,70533.67,69064.6,69778.28,7103.62124,1771084799999
1771084800000,69778.28,69930.9,69283.02,69873.99,2295.28058,1771099199999
1771099200000,69873.99,70250.46,69668.05,69822.95,1704.6012,1771113599999
1771113600000,69822.94,69990.02,69251.5,69954.5,1764.94129,1771127999999
1771128000000,69954.5,70926.42,69459.35,70828.42,4747.14422,1771142399999
1771142400000,70828.43,70983.0,70182.31,70295.22,2073.25418,1771156799999
1771156800000,70295.22,70418.48,68772.2,69099.99,3852.56524,1771171199999
1771171200000,69100.0,69100.0,68000.0,68286.63,8139.52235,1771185599999
1771185600000,68286.64,69078.49,68120.0,68832.58,1712.6248,1771199999999
1771200000000,68832.59,69065.5,68143.22,68424.82,1757.09824,1771214399999
1771214400000,68424.82,68900.0,68228.76,68587.9,1421.8609,1771228799999
1771228800000,68587.89,69060.77,68338.9,68812.83,1609.09509,1771243199999
1771243200000,68812.84,70126.67,67294.11,67539.52,6563.57157,1771257599999
1771257600000,67539.53,68245.34,67513.94,67913.43,2266.56859,1771271999999
1771272000000,67913.44,68978.88,67827.11,68892.43,1897.57095,1771286399999
1771286400000,68892.43,69241.5,68387.2,68474.9,1970.0963,1771300799999
1771300800000,68474.9,68707.49,67892.0,68388.12,1507.90265,1771315199999
1771315200000,68388.12,68479.17,67690.0,67854.6,1702.22977,1771329599999
1771329600000,67854.6,68360.5,66621.06,67392.05,5962.49538,1771343999999
1771344000000,67392.06,68235.39,66881.08,67793.32,4203.96684,1771358399999
1771358400000,67793.32,67928.08,67394.0,67503.52,1142.37827,1771372799999
1771372800000,67503.52,67705.65,66892.03,67629.11,1226.88759,1771387199999
1771387200000,67629.1,68219.81,67500.1,68106.44,1433.81961,1771401599999
1771401600000,68106.44,68476.22,67076.9,67369.75,1922.15458,1771415999999
1771416000000,67369.75,68347.72,66717.3,67694.01,4330.13695,1771430399999
1771430400000,67694.01,67706.94,65870.0,66177.14,4311.92393,1771444799999
1771444800000,66177.15,66550.0,66053.6,66461.0,2267.51573,1771459199999
1771459200000,66461.0,66997.07,66345.0,66980.91,1337.23292,1771473599999
1771473600000,66980.91,67320.0,66679.76,67206.45,1593.15988,1771487999999
1771488000000,67206.45,67206.45,66478.02,66496.02,1879.33579,1771502399999
1771502400000,66496.03,66755.39,65631.83,66398.0,4451.59374,1771516799999
1771516800000,66398.01,67198.1,65899.25,67050.0,3411.99791,1771531199999
1771531200000,67050.0,67168.86,66652.34,67003.73,1868.94964,1771545599999
1771545600000,67003.73,67488.67,66949.41,67366.25,1472.92111,1771559999999
1771560000000,67366.25,68006.0,67115.38,67825.91,2411.4783,1771574399999
1771574400000,67825.91,68318.39,67280.6,67318.41,3414.63472,1771588799999
1771588800000,67318.41,68083.98,66280.2,67582.95,16088.45139,1771603199999
1771603200000,67582.95,68000.0,66952.11,67646.03,9574.1468,1771617599999
1771617600000,67646.03,68233.99,67520.3,68020.01,2390.23859,1771631999999
1771632000000,68020.0,68099.54,67534.69,67667.77,1582.09541,1771646399999
1771646400000,67667.77,67924.39,67593.99,67856.01,716.23217,1771660799999
1771660800000,67856.01,68314.54,67807.3,68092.45,1384.49772,1771675199999
1771675200000,68092.45,68698.7,67915.0,68615.0,1818.30536,1771689599999
1771689600000,68615.01,68658.5,68101.78,68543.51,1410.16439,1771703999999
1771704000000,68543.51,68605.63,67900.0,67975.93,1121.54626,1771718399999
1771718400000,67975.93,68222.16,67809.78,68041.43,1114.48202,1771732799999
1771732800000,68041.42,68178.79,67881.81,68005.3,923.792,1771747199999
1771747200000,68005.3,68245.0,67912.02,68219.97,733.14137,1771761599999
1771761600000,68219.97,68232.4,67303.5,67684.14,2531.23331,1771775999999
1771776000000,67684.15,67718.13,67190.0,67428.32,1575.66204,1771790399999
1771790400000,67428.32,67751.44,67350.0,67643.4,1296.8241,1771804799999
1771804800000,67643.39,67684.86,64290.71,64934.17,11022.665,1771819199999
1771819200000,64934.18,66015.22,64685.64,65958.94,4119.82727,1771833599999
1771833600000,65958.94,66600.0,65565.78,66207.23,3194.00092,1771847999999
1771848000000,66207.23,66511.51,65529.73,65660.1,3796.34009,1771862399999
1771862400000,65660.1,65724.28,64048.71,64295.1,7179.94577,1771876799999
1771876800000,64295.11,65035.98,63888.79,64656.02,3763.13018,1771891199999
1771891200000,64656.01,65026.75,63342.9,63595.51,4752.76382,1771905599999
1771905600000,63595.51,63628.52,62700.8,63192.96,4939.8898,1771919999999
1771920000000,63192.79,63444.66,62908.92,63227.1,2234.59315,1771934399999
1771934400000,63227.11,64031.76,62510.28,63973.97,5539.65443,1771948799999
1771948800000,63973.98,64743.11,63689.54,64435.03,3972.72259,1771963199999
1771963200000,64435.03,64591.99,63820.5,64058.15,1663.21243,1771977599999
1771977600000,64058.15,66310.0,63913.27,65391.73,5187.17213,1771991999999
1771992000000,65391.74,65650.0,64755.26,65028.3,2632.47033,1772006399999
1772006400000,65028.3,65692.62,64955.79,65430.04,1997.89784,1772020799999
1772020800000,65430.04,67578.0,65324.62,67412.33,7879.83719,1772035199999
1772035200000,67412.32,69550.0,67404.0,69038.26,8300.46334,1772049599999
1772049600000,69038.26,69988.83,67600.0,67988.04,4752.15176,1772063999999
1772064000000,67988.04,68700.0,67727.52,68216.86,2995.4703,1772078399999
1772078400000,68216.87,68860.0,67817.87,67825.04,2533.15622,1772092799999
1772092800000,67825.05,68722.64,67792.0,68051.31,3268.6173,1772107199999
1772107200000,68051.3,68303.83,66761.16,67382.0,5206.19537,1772121599999
1772121600000,67382.0,67903.12,66500.0,67589.22,5230.45057,1772135999999
1772136000000,67589.21,67831.11,67150.14,67485.18,1503.88816,1772150399999
1772150400000,67485.19,67712.16,66885.0,67600.84,2159.8345,1772164799999
1772164800000,67600.84,68216.8,67459.3,67690.6,3025.27268,1772179199999
1772179200000,67690.6,68149.93,65960.01,66126.99,4904.69534,1772193599999
1772193600000,66126.99,66344.9,65649.34,66095.4,5494.9383,1772207999999
1772208000000,66095.4,66121.03,65113.72,65392.18,3875.92624,1772222399999
1772222400000,65392.18,65953.2,64914.46,65872.1,1767.91718,1772236799999
1772236800000,65872.09,66025.52,65721.13,65797.42,1045.74408,1772251199999
1772251200000,65797.42,65818.44,63030.0,63826.0,5914.91449,1772265599999
1772265600000,63825.99,64307.44,63372.1,63844.2,4734.32265,1772279999999
1772280000000,63844.2,65360.51,63827.2,64841.18,4286.48357,1772294399999
1772294400000,64841.17,66666.65,64681.81,66362.01,2999.13046,1772308799999
1772308800000,66362.01,67760.0,66190.61,66973.26,3568.12124,1772323199999
1772323200000,66973.26,68199.99,66042.72,67502.16,4690.36208,1772337599999
1772337600000,67502.16,67612.14,66749.35,67141.39,3167.39554,1772351999999
1772352000000,67141.4,67292.3,66215.71,66468.03,3250.92047,1772366399999
1772366400000,66468.04,67360.57,66132.27,66842.42,3640.03253,1772380799999
1772380800000,66842.42,67112.37,65699.98,65962.17,3900.17922,1772395199999
1772395200000,65962.16,66491.43,65056.0,65776.47,4552.96875,1772409599999
1772409600000,65776.48,67079.0,65761.04,66820.03,2940.58836,1772423999999
1772424000000,66820.03,66995.64,65542.6,66007.52,3610.46533,1772438399999
1772438400000,66007.8,66720.84,65654.54,66359.68,4361.76571,1772452799999
1772452800000,66359.67,69617.74,65259.21,69130.2,10831.61306,1772467199999
1772467200000,69130.2,70096.0,68576.18,68966.53,6828.10762,1772481599999
1772481600000,68966.52,69539.77,68584.9,68830.06,3437.84423,1772495999999
1772496000000,68830.06,69258.08,68210.71,68377.94,2362.09713,1772510399999
1772510400000,68377.94,68617.42,67800.0,68172.8,3337.11294,1772524799999
1772524800000,68172.79,68311.83,66340.14,67026.61,6082.75912,1772539199999
1772539200000,67026.6,67973.2,66158.0,67725.81,5443.2888,1772553599999
1772553600000,67725.82,68999.0,67473.09,68435.0,5484.70019,1772567999999
1772568000000,68435.0,68860.0,67832.3,68338.0,2262.28362,1772582399999
1772582400000,68338.01,68909.34,67400.0,67732.2,3814.8635,1772596799999
1772596800000,67732.19,69668.0,67467.6,69493.13,5088.84069,1772611199999
1772611200000,69493.14,71893.0,69098.91,71111.4,12146.09777,1772625599999
1772625600000,71111.4,73479.75,70588.0,73396.88,11378.24344,1772639999999
1772640000000,73396.87,74050.0,72541.69,73611.1,8665.00622,1772654399999
1772654400000,73611.67,73716.0,72313.04,72666.77,3826.02448,1772668799999
1772668800000,72666.77,73306.82,72336.76,72497.89,3122.96483,1772683199999
1772683200000,72497.89,73081.08,71759.95,72055.5,4346.02458,1772697599999
1772697600000,72055.5,73558.15,71757.17,72915.79,6262.38044,1772711999999
1772712000000,72915.8,73063.38,71168.65,71652.77,5607.55823,1772726399999
1772726400000,71652.77,71654.65,70645.47,70918.07,4306.65518,1772740799999
1772740800000,70918.08,71572.3,70777.0,70890.72,2944.92927,1772755199999
1772755200000,70891.02,71419.98,70344.03,71080.38,3031.93266,1772769599999
1772769600000,71080.37,71192.76,70143.19,71056.44,3088.31108,1772783999999
1772784000000,71056.44,71067.58,70184.01,70212.95,2441.15545,1772798399999
1772798400000,70212.94,70341.76,68176.47,68504.71,8554.35815,1772812799999
1772812800000,68504.71,68795.44,67744.78,68131.79,3324.41432,1772827199999
1772827200000,68131.79,68440.92,67777.0,68114.02,2189.71556,1772841599999
1772841600000,68114.02,68551.04,68060.6,68095.5,1736.7267,1772855999999
1772856000000,68095.5,68147.73,67446.41,67842.67,2373.66763,1772870399999
1772870400000,67842.67,68232.27,67720.98,68010.01,1490.07738,1772884799999
1772884800000,68010.0,68085.41,67609.44,67877.45,1728.39414,1772899199999
1772899200000,67877.45,67935.01,66915.26,67080.34,3059.42816,1772913599999
1772913600000,67080.33,67483.05,67068.01,67262.91,2331.24914,1772927999999
1772928000000,67262.91,67481.96,66833.58,67000.26,2883.43952,1772942399999
1772942400000,67000.26,67465.11,66547.15,67319.91,2866.09804,1772956799999
1772956800000,67319.9,68200.0,67156.93,67515.0,3303.40428,1772971199999
1772971200000,67515.0,67650.94,66761.68,67218.23,4464.48396,1772985599999
1772985600000,67218.23,67485.24,66745.54,67337.42,2550.26884,1772999999999
1773000000000,67337.41,67609.08,65618.49,65971.2,5525.94437,1773014399999
1773014400000,65971.2,67668.64,65821.97,67205.05,5224.01016,1773028799999
1773028800000,67205.06,68069.29,66853.48,67555.13,3826.34806,1773043199999
1773043200000,67555.13,68460.09,67344.45,67764.98,4105.57826,1773057599999
1773057600000,67764.99,69480.0,67759.57,68863.66,7802.97956,1773071999999
1773072000000,68863.67,69516.65,68179.12,68991.93,5039.37719,1773086399999
1773086400000,68991.93,69145.28,68384.69,68432.16,2898.42807,1773100799999
1773100800000,68432.16,70578.29,68391.41,69429.85,5314.5727,1773115199999
1773115200000,69429.85,70546.74,69429.85,70406.01,4907.28195,1773129599999
1773129600000,70406.01,71300.0,70369.0,70580.94,6270.5173,1773143999999
1773144000000,70580.95,71777.0,69266.06,71346.16,7000.10748,1773158399999
1773158400000,71346.17,71700.0,69739.0,70043.63,5504.97942,1773172799999
1773172800000,70043.63,70417.3,69452.42,69948.63,3605.11841,1773187199999
1773187200000,69948.64,70173.25,69488.7,69551.91,4402.46797,1773201599999
1773201600000,69551.91,70281.87,69420.0,69648.29,3080.54464,1773215999999
1773216000000,69648.28,69786.32,69150.28,69173.0,3538.73168,1773230399999
1773230400000,69172.99,71091.18,68977.91,70227.91,7789.43505,1773244799999
1773244800000,70227.92,71321.0,70161.78,70641.82,5738.49617,1773259199999
1773259200000,70641.81,70950.0,70125.83,70191.86,2699.59991,1773273599999
1773273600000,70191.86,70353.87,69226.52,69446.61,2576.17397,1773287999999
1773288000000,69446.61,69865.98,69205.91,69826.19,2721.97342,1773302399999
1773302400000,69826.19,70800.0,69580.0,70427.91,4649.38407,1773316799999
1773316800000,70427.9,70660.69,69355.34,70334.88,6097.47646,1773331199999
1773331200000,70334.89,70569.15,69770.85,70432.32,3616.058,1773345599999
1773345600000,70432.33,70734.25,70013.17,70541.34,2336.09458,1773359999999
1773360000000,70541.34,72000.0,70386.01,71405.75,5755.69452,1773374399999
1773374400000,71405.76,71672.76,71180.19,71612.22,4181.63698,1773388799999
1773388800000,71612.23,72575.98,71385.28,72228.82,5105.1507,1773403199999
1773403200000,72228.81,73913.74,71736.34,71831.46,12303.83944,1773417599999
1773417600000,71831.46,72249.99,70841.23,71189.95,5469.31306,1773431999999
1773432000000,71189.96,71491.03,70559.02,70930.0,3180.98208,1773446399999
1773446400000,70930.01,71185.23,70481.7,71081.3,3513.45361,1773460799999
1773460800000,71081.31,71307.92,70317.0,70596.68,2929.58232,1773475199999
1773475200000,70596.68,70784.38,70389.08,70751.42,2494.95824,1773489599999
1773489600000,70751.42,70941.17,70501.0,70580.09,2537.57782,1773503999999
1773504000000,70580.09,70740.34,70500.0,70700.0,686.93095,1773518399999
1773518400000,70699.99,71253.17,70650.09,71211.95,854.74443,1773532799999
1773532800000,71211.95,71634.08,70858.82,71363.14,2591.56425,1773547199999
1773547200000,71363.13,71800.68,71330.66,71453.59,2377.69395,1773561599999
1773561600000,71453.59,71940.49,71453.59,71839.42,2170.1455,1773575999999
1773576000000,71839.41,71839.42,71263.99,71481.24,2095.3494,1773590399999
1773590400000,71481.24,71989.93,71320.08,71549.94,1241.1248,1773604799999
1773604800000,71549.94,73199.0,71433.75,72815.24,3561.42914,1773619199999
1773619200000,72815.25,74330.34,72270.41,73573.32,5313.15699,1773633599999
1773633600000,73573.31,74451.03,73385.18,73456.68,5517.22506,1773647999999
1773648000000,73456.69,73838.76,72888.8,73552.77,3812.93394,1773662399999
1773662400000,73552.78,74509.52,72990.52,73274.76,5744.41989,1773676799999
1773676800000,73274.75,74418.6,73160.66,73963.0,4131.80846,1773691199999
1773691200000,73963.0,74909.08,73863.2,74884.67,3889.98585,1773705599999
1773705600000,74884.67,76000.0,74268.73,74463.98,6925.21053,1773719999999
1773720000000,74463.98,74712.89,73784.0,74249.32,4918.92532,1773734399999
1773734400000,74249.32,74452.97,73560.98,74033.11,3022.84272,1773748799999
1773748800000,74033.1,74893.94,73399.19,73914.39,4507.55719,1773763199999
1773763200000,73914.4,74800.0,73855.24,74512.17,3050.04683,1773777599999
1773777600000,74511.21,74799.0,73871.74,73909.36,2096.68377,1773791999999
1773792000000,73909.37,74672.34,73535.36,74446.14,2220.38681,1773806399999
1773806400000,74446.14,74486.3,73700.01,73883.8,2292.66886,1773820799999
1773820800000,73883.8,74281.33,72800.0,72952.85,3439.26859,1773835199999
1773835200000,72952.85,72981.79,70857.21,71467.82,8373.20589,1773849599999
1773849600000,71467.82,72000.5,70933.85,71072.38,4336.24884,1773863999999
1773864000000,71072.38,71451.22,70500.0,71246.54,2731.10194,1773878399999
1773878400000,71246.55,71613.79,70902.37,71215.39,2427.94963,1773892799999
1773892800000,71215.39,71215.39,69478.51,70191.17,4492.82933,1773907199999
1773907200000,70191.16,70560.91,69900.0,69952.75,3434.1741,1773921599999
1773921600000,69952.75,70179.53,68793.35,69412.51,6707.39933,1773935999999
1773936000000,69412.52,70596.42,69122.03,70271.99,3251.17683,1773950399999
1773950400000,70272.0,70695.6,69718.23,69930.0,2051.28897,1773964799999
1773964800000,69930.01,70809.43,69837.1,70729.92,2423.03588,1773979199999
1773979200000,70729.93,70969.71,70160.06,70854.66,2609.94577,1773993599999
1773993600000,70854.66,71367.0,70218.68,70478.71,3112.13588,1774007999999
1774008000000,70478.71,70685.63,69480.0,69860.09,4715.91571,1774022399999
1774022400000,69860.09,70190.18,69388.0,70177.86,3079.98123,1774036799999
1774036800000,70177.85,70923.75,69754.71,70510.73,2180.15298,1774051199999
1774051200000,70510.73,70826.0,70431.67,70657.35,1194.32406,1774065599999
1774065600000,70657.35,70879.76,70617.05,70727.33,2717.2463,1774079999999
1774080000000,70727.33,70753.79,70492.02,70652.72,2045.34328,1774094399999
1774094400000,70652.73,71100.94,70453.09,70630.02,1644.14012,1774108799999
1774108800000,70630.02,70652.64,70210.0,70396.0,1221.39503,1774123199999
1774123200000,70396.01,70516.82,68571.42,68918.12,4574.71871,1774137599999
1774137600000,68918.12,69588.79,68228.5,69339.99,4148.48971,1774151999999
1774152000000,69340.0,69526.85,68892.93,68919.38,1759.92655,1774166399999
1774166400000,68919.37,68990.67,68110.55,68217.95,2582.06971,1774180799999
1774180800000,68217.94,69005.71,68199.04,68847.96,1809.03421,1774195199999
1774195200000,68847.97,68885.53,68145.01,68199.93,1323.42339,1774209599999
1774209600000,68199.93,68498.4,67360.66,67859.0,3220.84325,1774223999999
1774224000000,67859.0,68585.12,67445.18,68074.6,2495.61558,1774238399999
1774238400000,68074.6,68915.4,67502.48,68333.16,4814.40128,1774252799999
1774252800000,68333.16,71499.0,67916.14,70122.15,9165.95784,1774267199999
1774267200000,70122.15,71817.09,69671.95,70131.48,7343.07463,1774281599999
1774281600000,70131.48,71246.01,70131.47,70679.05,3251.32187,1774295999999
1774296000000,70679.04,70998.0,70404.39,70906.45,1264.71999,1774310399999
1774310400000,70906.45,71099.96,70278.46,70542.9,2279.09671,1774324799999
1774324800000,70542.9,71400.0,70119.06,71291.7,3689.3445,1774339199999
1774339200000,71291.7,71368.61,70850.11,71157.77,2477.92852,1774353599999
1774353600000,71157.77,71177.66,69507.34,69873.04,5583.13531,1774367999999
1774368000000,69873.04,70001.92,68923.07,69377.33,3539.49609,1774382399999
1774382400000,69377.33,70832.54,69296.15,70556.74,3133.42131,1774396799999
1774396800000,70556.74,71100.28,70408.0,70716.7,2504.53992,1774411199999
1774411200000,70716.7,71345.0,70703.83,70926.88,2879.13545,1774425599999
1774425600000,70926.88,72026.09,70800.0,71678.97,3287.51237,1774439999999
1774440000000,71678.97,71963.71,70530.47,70832.99,4210.48461,1774454399999
1774454400000,70832.99,71752.88,70681.07,70883.31,2995.16787,1774468799999
1774468800000,70883.32,71594.11,70646.34,71336.53,1842.66044,1774483199999
1774483200000,71336.53,71436.82,70672.37,70921.47,2157.03878,1774497599999
1774497600000,70921.47,70921.47,69805.0,70087.44,3434.08444,1774511999999
1774512000000,70087.44,70144.44,69192.96,69276.01,3321.72857,1774526399999
1774526400000,69276.01,69877.45,68632.4,69082.64,4699.85538,1774540799999
1774540800000,69082.64,69162.0,68153.0,68534.36,4026.59411,1774555199999
1774555200000,68534.37,69478.42,68436.74,68820.31,3181.1564,1774569599999
1774569600000,68820.31,69179.05,68531.37,68767.51,2714.9612,1774583999999
1774584000000,68767.5,68955.53,68304.14,68540.48,3934.07819,1774598399999
1774598400000,68540.49,68635.07,66231.96,66702.78,7325.96218,1774612799999
1774612800000,66702.78,66773.25,65730.17,66112.82,8273.04177,1774627199999
1774627200000,66112.82,66290.0,65548.25,66040.66,3963.05735,1774641599999
1774641600000,66040.65,66420.75,65817.44,66407.28,2392.59488,1774655999999
1774656000000,66407.28,66520.46,65932.09,66240.0,2309.42704,1774670399999
1774670400000,66240.0,66573.61,66110.0,66561.48,2351.82142,1774684799999
1774684800000,66561.49,66570.09,66124.4,66319.47,1871.98665,1774699199999
1774699200000,66319.46,67288.94,66240.87,67014.91,2726.87142,1774713599999
1774713600000,67014.92,67096.77,66704.0,66916.52,1090.61096,1774727999999
1774728000000,66916.52,67010.0,66283.38,66377.03,1111.68098,1774742399999
1774742400000,66377.04,67130.5,66281.4,66912.0,1535.14396,1774756799999
1774756800000,66912.0,66936.6,66556.78,66671.0,1351.87148,1774771199999
1774771200000,66671.0,66988.01,66418.0,66816.28,1084.63055,1774785599999
1774785600000,66816.29,66875.24,66334.37,66523.0,1436.58796,1774799999999
1774800000000,66523.01,66665.05,66158.26,66348.62,994.8232,1774814399999
1774814400000,66348.61,66793.83,65000.0,66010.93,3649.79869,1774828799999
1774828800000,66010.93,67450.0,65800.59,67173.8,3701.61439,1774843199999
1774843200000,67173.8,67800.0,67167.92,67624.39,2742.98319,1774857599999
1774857600000,67624.39,68042.3,67360.41,67680.45,3383.09323,1774871999999
1774872000000,67680.44,68169.65,67088.73,67629.4,4177.92296,1774886399999
1774886400000,67629.4,67641.65,66233.13,66550.05,2673.9969,1774900799999
1774900800000,66550.06,66994.17,66419.79,66797.37,1673.77908,1774915199999
1774915200000,66797.38,68408.37,66544.51,67704.74,2940.06225,1774929599999
1774929600000,67704.74,67979.38,67103.32,67367.69,3894.57803,1774943999999
1774944000000,67367.7,67496.0,65998.05,66685.69,4187.99082,1774958399999
1774958400000,66685.69,67767.87,66427.53,66736.8,4137.18923,1774972799999
1774972800000,66736.79,68589.49,66729.28,67838.8,4391.49464,1774987199999
1774987200000,67838.79,68410.3,67831.7,68284.48,2554.09165,1775001599999
1775001600000,68284.49,68378.64,67578.75,68170.67,3175.60054,1775015999999
1775016000000,68170.67,69310.0,68005.33,68692.0,4308.24633,1775030399999
1775030400000,68692.0,68851.35,68389.21,68712.52,3486.85039,1775044799999
1775044800000,68712.52,68965.0,67918.83,68918.52,4091.84986,1775059199999
1775059200000,68918.52,69171.77,67939.28,68176.84,2610.209,1775073599999
1775073600000,68176.84,68534.0,67964.48,68113.92,1347.43378,1775087999999
1775088000000,68113.92,68653.38,66500.0,66576.25,4290.09553,1775102399999
1775102400000,66576.25,66961.26,66217.07,66930.79,2994.81146,1775116799999
1775116800000,66930.79,66930.79,66167.1,66220.28,2840.44212,1775131199999
1775131200000,66220.28,67104.86,65712.12,66852.91,4983.19383,1775145599999
1775145600000,66852.91,67430.99,66596.8,66975.99,3741.79932,1775159999999
1775160000000,66976.0,67100.0,66731.08,66901.99,1353.1369,1775174399999
1775174400000,66901.99,67000.0,66282.0,66579.97,2208.57089,1775188799999
1775188800000,66579.98,67247.38,66416.68,67042.08,2873.22499,1775203199999
1775203200000,67042.08,67288.0,66674.72,67017.44,1439.81595,1775217599999
1775217600000,67017.43,67370.42,66508.1,66827.15,2358.77199,1775231999999
1775232000000,66827.15,67069.0,66751.86,66885.74,1215.72021,1775246399999
1775246400000,66885.73,66970.18,66826.13,66964.3,1333.02728,1775260799999
1775260800000,66964.29,66968.28,66814.0,66832.18,803.20366,1775275199999
1775275200000,66832.18,67052.99,66775.91,67014.96,1728.28038,1775289599999
1775289600000,67014.95,67232.72,66918.0,67156.93,1347.31961,1775303999999
1775304000000,67156.93,67562.93,67029.07,67383.66,1507.29551,1775318399999
1775318400000,67383.66,67543.6,67265.0,67288.42,858.41299,1775332799999
1775332800000,67288.42,67504.54,67186.62,67300.42,1129.00398,1775347199999
1775347200000,67300.42,67307.28,66955.72,67145.98,1216.87122,1775361599999
1775361600000,67145.98,67188.51,66611.66,66820.64,1903.42714,1775375999999
1775376000000,66820.64,67150.0,66819.42,66999.0,1062.42874,1775390399999
1775390400000,66998.99,67856.16,66680.57,67306.64,2736.41551,1775404799999
1775404800000,67306.65,67560.45,67173.4,67361.01,965.55771,1775419199999
1775419200000,67361.01,69136.2,67332.66,69034.18,3848.7672,1775433599999
1775433600000,69034.18,69588.0,68776.61,69123.69,4502.91561,1775447999999
1775448000000,69123.69,69354.26,68806.53,69115.91,2814.82721,1775462399999
1775462400000,69115.91,70283.32,69081.88,69614.91,3999.04132,1775476799999
1775476800000,69614.91,69973.25,69163.86,69968.87,3409.36539,1775491199999
1775491200000,69968.87,70351.46,69282.02,69739.53,3175.25769,1775505599999
1775505600000,69739.52,69974.08,68300.0,68853.66,2380.20322,1775519999999
1775520000000,68853.66,69128.2,68273.34,68779.21,2422.31591,1775534399999
1775534400000,68779.2,68981.83,68443.0,68624.61,1823.63549,1775548799999
1775548800000,68624.6,69247.9,68071.96,68345.75,2273.58534,1775563199999
1775563200000,68345.75,68633.87,67732.01,68168.1,4041.29436,1775577599999
1775577600000,68168.11,69098.44,68085.01,69011.29,3817.42066,1775591999999
1775592000000,69011.29,72761.0,69011.29,71924.22,9372.24485,1775606399999
1775606400000,71924.22,72110.65,71240.99,71287.39,3370.06511,1775620799999
1775620800000,71287.39,71941.42,71287.38,71627.59,3297.9557,1775635199999
1775635200000,71627.59,71955.0,71407.77,71675.12,2214.64952,1775649599999
1775649600000,71675.12,72857.0,70707.23,71310.0,6816.03917,1775663999999
1775664000000,71309.99,71963.94,71019.0,71318.48,2617.29334,1775678399999
1775678400000,71318.47,71748.0,70901.89,71069.93,1486.68343,1775692799999
1775692800000,71069.93,71198.8,70466.0,70992.39,2645.29554,1775707199999
1775707200000,70992.37,71116.0,70689.38,70982.01,2261.38499,1775721599999
1775721600000,70982.01,71575.0,70865.42,71150.17,1825.96774,1775735999999
1775736000000,71150.17,72358.0,70522.77,72141.99,4001.11726,1775750399999
1775750400000,72142.0,72550.0,71729.66,72096.32,4013.80807,1775764799999
1775764800000,72096.33,73145.0,71585.25,71787.97,3410.84799,1775779199999
1775779200000,71787.98,72387.0,71573.35,71868.67,2706.87605,1775793599999
1775793600000,71868.67,72267.89,71428.0,71481.85,2293.26674,1775807999999
1775808000000,71481.85,72261.93,71426.15,72127.59,1565.72366,1775822399999
1775822400000,72127.59,73289.96,71899.51,72460.51,5093.36163,1775836799999
1775836800000,72460.52,73264.76,72387.41,73236.11,2498.15366,1775851199999
1775851200000,73236.11,73434.0,72700.6,72962.7,3215.25114,1775865599999
1775865600000,72962.71,73094.89,72670.0,72866.63,1637.40665,1775879999999
1775880000000,72866.62,72954.28,72612.16,72745.38,1432.18692,1775894399999
1775894400000,72745.38,72915.95,72617.75,72907.05,905.10314,1775908799999
1775908800000,72907.05,72982.4,72513.09,72858.17,1133.77392,1775923199999
1775923200000,72858.18,73790.0,72812.94,73687.15,2377.30473,1775937599999
1775937600000,73687.16,73689.97,72907.4,73043.16,1585.16838,1775951999999
1775952000000,73043.16,73137.24,71310.0,71593.19,4092.12587,1775966399999
1775966400000,71593.18,71781.0,71417.22,71665.0,1969.72049,1775980799999
1775980800000,71664.99,71805.85,71357.76,71468.55,1780.81611,1775995199999
1775995200000,71468.54,71500.0,70604.07,70892.03,2361.32179,1776009599999
1776009600000,70892.04,71222.58,70821.05,71084.18,991.98626,1776023999999
1776024000000,71084.18,71452.0,70505.88,70740.98,2276.49749,1776038399999
1776038400000,70741.56,71271.78,70615.3,70976.0,1886.6472,1776052799999
1776052800000,70975.99,71144.0,70672.72,70813.88,2674.10149,1776067199999
1776067200000,70813.88,70997.12,70566.99,70929.68,1023.04479,1776081599999
1776081600000,70929.68,72464.28,70758.5,71866.59,5445.44909,1776095999999
1776096000000,71866.59,73480.0,71679.8,73322.82,6766.75131,1776110399999
1776110400000,73322.0,74900.0,73007.08,74417.99,6434.22237,1776124799999
1776124800000,74418.0,74579.32,73954.86,74444.43,3586.04231,1776139199999
1776139200000,74444.44,74924.64,74150.6,74546.0,3393.84035,1776153599999
1776153600000,74545.99,74910.0,74307.35,74376.52,2697.70497,1776167999999
1776168000000,74376.52,76038.0,74277.19,75317.07,9779.47075,1776182399999
1776182400000,75317.06,75688.0,73795.47,74223.18,4920.10933,1776196799999
1776196800000,74223.3,74434.33,73806.09,74131.55,2155.77685,1776211199999
1776211200000,74131.55,74786.72,74126.32,74345.97,2142.74367,1776225599999
1776225600000,74345.98,74434.51,73514.0,73730.43,3073.4123,1776239999999
1776240000000,73730.43,74256.44,73675.96,74201.78,1889.67298,1776254399999
1776254400000,74201.78,74506.84,73580.85,73844.08,2744.86135,1776268799999
1776268800000,73844.07,75281.0,73762.89,75002.6,2728.37363,1776283199999
1776283200000,75002.6,75425.0,74512.06,74809.99,1845.97774,1776297599999
1776297600000,74809.99,75267.85,74451.49,74888.21,1937.97594,1776311999999
1776312000000,74888.21,75174.38,74636.0,74707.03,2185.42777,1776326399999
1776326400000,74707.02,74901.5,74277.34,74574.79,2687.27336,1776340799999
1776340800000,74574.8,75030.39,73309.85,74697.19,5210.02393,1776355199999
1776355200000,74697.2,75410.71,73912.23,75342.99,3497.56,1776369599999
1776369600000,75343.0,75534.76,74789.5,75154.29,1570.42677,1776383999999
1776384000000,75154.28,75154.77,74529.4,74615.82,2160.86835,1776398399999
1776398400000,74615.82,75089.51,74555.12,75074.77,1339.49148,1776412799999
1776412800000,75074.76,76370.25,74993.24,75589.7,4979.26567,1776427199999
1776427200000,75589.7,78052.49,75531.97,77785.02,11844.17586,1776441599999
1776441600000,77785.03,78333.0,77000.0,77393.58,3865.48754,1776455999999
1776456000000,77393.58,77611.68,76911.0,77072.0,1752.07804,1776470399999
1776470400000,77072.01,77420.08,76962.67,77005.47,1127.42699,1776484799999
1776484800000,77005.47,77278.58,76884.1,76997.8,1126.90915,1776499199999
1776499200000,76997.79,77048.0,75763.76,76039.05,2670.18059,1776513599999
1776513600000,76039.06,76363.75,75797.53,76167.34,1672.54902,1776527999999
1776528000000,76167.33,76211.57,75445.16,75649.85,1564.20833,1776542399999
1776542400000,75649.86,75891.64,75599.64,75691.76,980.57048,1776556799999
1776556800000,75691.76,75847.42,75357.0,75515.77,1006.37687,1776571199999
1776571200000,75515.76,75782.63,74867.72,75252.34,1626.173,1776585599999
1776585600000,75252.33,75641.99,74921.74,75604.11,1388.70023,1776599999999
1776600000000,75604.11,76240.66,75401.44,75846.63,2918.88485,1776614399999
1776614400000,75846.63,75853.26,74608.0,74965.47,2037.3962,1776628799999
1776628800000,74965.46,74965.47,73762.9,73801.79,2392.29117,1776643199999
1776643200000,73801.8,74746.93,73724.31,74634.0,2498.4367,1776657599999
1776657600000,74634.01,75572.0,74095.18,74837.17,2480.55303,1776671999999
1776672000000,74837.18,75404.63,74619.41,75192.71,1646.53372,1776686399999
1776686400000,75192.72,75772.72,74702.0,75716.77,3717.10765,1776700799999
1776700800000,75716.78,76486.67,75289.92,76296.96,4186.21296,1776715199999
1776715200000,76296.97,76558.62,75617.6,75840.97,2464.56628,1776729599999
1776729600000,75840.97,76263.4,75474.77,75710.3,1612.43915,1776743999999
1776744000000,75710.31,76300.0,75600.0,76084.34,2226.77918,1776758399999
1776758400000,76084.34,76927.57,76063.98,76452.94,2659.19547,1776772799999
1776772800000,76452.94,76595.3,75430.62,75834.65,3598.9457,1776787199999
1776787200000,75834.66,76190.72,74821.57,75023.43,2902.15339,1776801599999
1776801600000,75023.43,76425.37,74967.58,76336.15,1913.05843,1776815999999
1776816000000,76336.14,77733.11,76132.95,77521.48,3427.92326,1776830399999
1776830400000,77521.47,78452.18,77364.25,78012.79,4391.05885,1776844799999
1776844800000,78012.78,78399.0,77941.59,78300.0,2316.44812,1776859199999
1776859200000,78300.0,79400.0,78114.04,79272.9,5465.82641,1776873599999
1776873600000,79272.91,79472.82,78632.37,78846.62,2393.5344,1776887999999
1776888000000,78846.62,78915.84,78155.83,78178.23,1742.72121,1776902399999
1776902400000,78178.22,78574.44,77453.43,77746.46,3482.97564,1776916799999
1776916800000,77746.47,78339.35,77675.8,78048.62,1711.42731,1776931199999
1776931200000,78048.61,78175.52,77174.01,77704.62,3562.23716,1776945599999
1776945600000,77704.61,78662.5,77379.92,78376.76,3163.89025,1776959999999
1776960000000,78376.77,78509.82,76960.0,77727.26,3947.74807,1776974399999
1776974400000,77727.25,78331.0,77637.5,78257.48,1102.51658,1776988799999
1776988800000,78257.48,78581.93,77555.0,77737.85,2050.74535,1777003199999
1777003200000,77737.84,78057.65,77457.0,77644.6,2006.47598,1777017599999
1777017600000,77644.59,78372.58,77402.01,78240.26,2919.1254,1777031999999
1777032000000,78240.27,78479.37,77577.22,78038.62,2850.11432,1777046399999
1777046400000,78038.63,78060.29,77363.63,77628.85,1634.32254,1777060799999
1777060800000,77628.84,77757.14,77264.08,77437.13,1214.35956,1777075199999
1777075200000,77437.13,77711.87,77309.92,77679.07,943.00804,1777089599999
1777089600000,77679.08,77691.23,77450.0,77501.19,894.01774,1777103999999
1777104000000,77501.19,77885.35,77491.36,77682.3,753.19705,1777118399999
1777118400000,77682.29,77752.54,77299.89,77330.26,1006.59668,1777132799999
1777132800000,77330.25,77454.31,77140.23,77330.01,1247.67486,1777147199999
1777147200000,77330.0,77650.0,77311.05,77625.0,840.61983,1777161599999
1777161600000,77625.0,77642.43,77326.51,77400.21,671.17692,1777175999999
1777176000000,77400.21,78200.0,77383.46,78102.53,1405.76785,1777190399999
1777190400000,78102.53,78210.0,77926.59,78101.44,721.69853,1777204799999
1777204800000,78101.43,78173.15,77770.0,78049.0,1130.54235,1777219199999
1777219200000,78049.0,78500.0,77850.0,78221.16,1505.06004,1777233599999
1777233600000,78221.17,78961.0,77843.75,78657.55,2529.31593,1777247999999
1777248000000,78657.55,79485.66,78400.03,79105.49,3042.99628,1777262399999
1777262400000,79105.5,79160.0,77465.05,77606.6,3608.39615,1777276799999
1777276800000,77606.59,77980.0,77553.23,77844.26,1607.93582,1777291199999
1777291200000,77844.25,78265.34,76564.33,76793.09,3804.78309,1777305599999
1777305600000,76793.1,76990.43,76459.64,76878.07,2644.9239,1777319999999
1777320000000,76878.23,77450.0,76763.71,77371.32,1337.88894,1777334399999
1777334400000,77371.32,77478.0,76672.0,76815.18,1448.26407,1777348799999
1777348800000,76815.18,77154.0,76424.9,76879.28,2882.71195,1777363199999
1777363200000,76879.28,77013.63,76130.1,76229.0,2842.73206,1777377599999
1777377600000,76228.99,76421.94,75666.6,76066.38,3776.77215,1777391999999
1777392000000,76066.37,76380.83,75881.28,76330.97,1381.80454,1777406399999
1777406400000,76330.97,76481.3,76197.02,76342.77,878.43906,1777420799999
1777420800000,76342.78,77127.62,76187.75,76994.78,1891.92924,1777435199999
1777435200000,76994.77,77455.71,76880.0,77053.64,2974.5751,1777449599999
1777449600000,77053.65,77904.93,76972.32,77590.03,2697.20554,1777463999999
1777464000000,77590.04,77596.39,75705.32,75924.25,5263.52444,1777478399999
1777478400000,75924.24,76274.8,74937.52,75563.86,3962.49362,1777492799999
1777492800000,75563.87,76088.9,75497.43,75780.0,1490.20228,1777507199999
1777507200000,75780.0,76473.26,75494.7,75928.1,1613.44526,1777521599999
1777521600000,75928.09,76179.91,75323.65,76161.67,1807.58096,1777535999999
1777536000000,76161.67,76339.38,75876.29,76059.43,1712.03014,1777550399999
1777550400000,76059.42,76669.14,76042.75,76473.6,3506.19966,1777564799999
1777564800000,76473.6,76514.8,76111.0,76412.8,930.96663,1777579199999
1777579200000,76412.8,76568.9,76206.02,76346.57,811.59342,1777593599999
1777593600000,76346.58,77453.74,76320.42,77131.08,2250.38749,1777607999999
1777608000000,77131.08,77206.38,76653.6,77130.54,2352.39487,1777622399999
1777622400000,77130.54,77600.0,77048.0,77463.98,1968.27324,1777636799999
1777636800000,77463.98,78914.12,77408.73,78445.89,6731.19551,1777651199999
1777651200000,78445.88,78683.23,78131.02,78360.0,2194.42574,1777665599999
1777665600000,78360.01,78422.81,77752.0,78231.13,1818.78817,1777679999999
1777680000000,78231.13,78514.82,78166.48,78400.0,1196.13639,1777694399999
1777694400000,78399.99,78448.99,78040.0,78220.0,1475.03871,1777708799999
1777708800000,78220.0,78394.0,78094.43,78143.08,868.1323,1777723199999
1777723200000,78143.09,78487.68,78108.41,78487.67,726.08154,1777737599999
1777737600000,78487.67,78596.61,78310.54,78486.0,708.03792,1777751999999
1777752000000,78486.23,79199.48,78418.32,78686.85,1177.44956,1777766399999
1777766400000,78686.84,78754.55,78108.75,78203.08,1047.76325,1777780799999
1777780800000,78203.07,78483.67,78084.08,78363.25,794.16967,1777795199999
1777795200000,78363.24,78849.22,78354.53,78656.01,948.77514,1777809599999
1777809600000,78656.01,78878.77,78586.99,78668.36,1137.8563,1777823999999
1777824000000,78668.36,78853.32,78558.65,78760.32,916.2637,1777838399999
1777838400000,78760.32,79447.0,78484.42,78568.57,2580.96484,1777852799999
1777852800000,78568.58,80458.0,78288.88,80316.31,5091.61332,1777867199999
1777867200000,80316.3,80635.51,79500.0,79696.75,3632.41236,1777881599999
1777881600000,79696.75,79930.0,78202.0,78793.67,5989.03806,1777895999999
1777896000000,78793.67,80545.17,78500.0,80028.85,5918.14009,1777910399999
1777910400000,80028.85,80776.99,79619.33,80053.31,3742.49503,1777924799999
1777924800000,80053.31,80397.19,79744.91,79861.01,1669.26249,1777939199999
1777939200000,79861.01,81083.98,79808.72,80893.08,2402.14099,1777953599999
1777953600000,80893.08,81323.52,80725.0,80855.59,2974.59341,1777967999999
1777968000000,80855.59,81095.48,80527.76,81014.05,2484.57226,1777982399999
1777982400000,81014.05,81712.32,80932.54,81525.19,4561.19169,1777996799999
1777996800000,81525.19,81680.0,81050.04,81606.35,1780.45876,1778011199999
1778011200000,81606.35,81791.48,80790.0,80905.52,2744.22284,1778025599999
1778025600000,80905.53,81760.84,80731.14,81581.69,3011.74344,1778039999999
1778040000000,81581.7,81649.99,81060.0,81359.82,2300.70653,1778054399999
1778054400000,81359.82,82850.0,81328.68,82522.89,5188.93186,1778068799999
1778068800000,82522.88,82539.33,81136.0,81704.25,4508.6602,1778083199999
1778083200000,81704.25,81907.51,81200.0,81464.87,2369.91746,1778097599999
1778097600000,81464.86,81700.0,81000.0,81447.01,1418.81447,1778111999999
1778112000000,81447.01,81490.03,80830.23,80834.91,2068.1731,1778126399999
1778126400000,80834.92,81708.32,80725.09,81518.58,2038.83969,1778140799999
1778140800000,81518.57,81590.0,80572.4,80866.65,2364.09693,1778155199999
1778155200000,80866.65,81180.0,79699.52,79890.63,4826.66306,1778169599999
1778169600000,79890.0,80269.06,79500.0,80146.11,3315.14425,1778183999999
1778184000000,80146.77,80371.23,79582.95,80006.0,1541.88635,1778198399999
1778198400000,80006.0,80142.84,79181.48,79578.85,3093.73664,1778212799999
1778212800000,79578.84,79778.95,79248.58,79682.4,2410.56518,1778227199999
1778227200000,79682.4,80340.94,79666.05,80231.22,2348.19703,1778241599999
1778241600000,80231.22,80500.0,79549.54,80142.14,3741.40163,1778255999999
1778256000000,80142.13,80299.99,79738.75,80179.94,3047.90033,1778270399999
1778270400000,80180.0,80409.09,80089.76,80193.17,1359.50928,1778284799999
1778284800000,80193.18,80550.67,80129.85,80383.95,1093.10948,1778299199999
1778299200000,80383.96,80666.66,80135.0,80228.89,1481.48785,1778313599999
1778313600000,80228.88,80452.44,80166.26,80345.46,1009.73824,1778327999999
1778328000000,80345.47,80600.0,80234.0,80527.92,1439.92073,1778342399999
1778342400000,80527.92,81080.0,80487.4,80938.53,1533.85565,1778356799999
1778356800000,80938.53,80938.53,80621.88,80678.4,990.30982,1778371199999
1778371200000,80678.41,80887.15,80572.77,80775.0,1332.26793,1778385599999
1778385600000,80774.99,80840.0,80658.97,80736.03,1238.41638,1778399999999
1778400000000,80736.03,80975.4,80691.0,80821.21,1108.70905,1778414399999
1778414400000,80821.21,81442.81,80784.2,81418.01,1642.67937,1778428799999
1778428800000,81418.01,81583.11,81148.0,81437.83,1798.22732,1778443199999
1778443200000,81437.83,82479.32,80279.77,82210.07,4914.01877,1778457599999
1778457600000,82210.07,82380.0,80525.0,80736.01,3139.85094,1778471999999
1778472000000,80736.0,81049.51,80639.99,80740.4,1595.10256,1778486399999
1778486400000,80740.4,81200.0,80621.87,81196.94,1639.3936,1778500799999
1778500800000,81196.95,81458.0,80462.97,81445.9,2668.23418,1778515199999
1778515200000,81445.89,82137.26,81344.72,81961.99,2673.46567,1778529599999
1778529600000,81961.99,82078.91,81596.31,81745.65,1235.71361,1778543999999
1778544000000,81745.66,81788.0,80714.28,81058.8,1860.32116,1778558399999
1778558400000,81058.79,81305.24,80800.77,80865.4,1779.90239,1778572799999
1778572800000,80865.4,80964.13,80496.57,80784.87,1973.06446,1778587199999
1778587200000,80784.86,80999.0,80188.65,80336.01,3205.73752,1778601599999
1778601600000,80336.01,80874.42,79843.59,80834.64,2673.67675,1778615999999
1778616000000,80835.3,80896.25,80439.91,80504.47,893.55448,1778630399999
1778630400000,80504.47,81299.99,80412.15,81249.99,1575.91837,1778644799999
1778644800000,81249.99,81281.07,80889.12,81026.92,1495.76347,1778659199999
1778659200000,81026.92,81324.64,80494.98,80501.22,1841.28298,1778673599999
1778673600000,80501.22,80592.65,78807.22,78827.21,5073.46241,1778687999999
1778688000000,78827.21,79800.0,78754.65,79642.41,3344.60077,1778702399999
1778702400000,79642.41,79760.0,79228.0,79313.61,1479.02843,1778716799999
1778716800000,79313.61,79681.73,78922.0,79044.85,2209.55472,1778731199999
1778731200000,79044.86,79998.0,78982.06,79745.98,2068.97946,1778745599999
1778745600000,79745.99,79936.98,79234.0,79258.27,1846.46215,1778759999999
1778760000000,79258.27,81332.23,79230.31,81301.23,5702.09728,1778774399999
1778774400000,81301.22,82048.13,81080.25,81419.74,6279.93607,1778788799999
1778788800000,81419.75,81590.19,81059.93,81089.99,1620.83839,1778803199999
1778803200000,81090.0,81664.45,80750.0,81059.15,2453.72559,1778817599999
1778817600000,81059.15,81100.0,80314.0,80814.88,3091.1014,1778831999999
1778832000000,80814.88,80822.95,80369.0,80628.53,1706.25967,1778846399999
1778846400000,80628.52,80635.44,78659.0,79150.27,6208.56941,1778860799999
1778860800000,79150.26,79561.94,79051.0,79146.5,1959.36078,1778875199999
1778875200000,79146.5,79217.07,78911.42,79113.21,1932.25394,1778889599999
1778889600000,79113.2,79227.77,79010.0,79083.18,1248.1828,1778903999999
1778904000000,79083.19,79129.71,78066.0,78369.77,2404.82958,1778918399999
1778918400000,78369.78,78530.52,77640.0,78081.71,3846.10003,1778932799999
1778932800000,78080.46,78346.0,77833.4,78238.67,2684.35726,1778947199999
1778947200000,78238.68,78364.65,78119.72,78259.66,1260.04581,1778961599999
1778961600000,78259.67,78318.94,78125.32,78148.05,689.34644,1778975999999
1778976000000,78148.05,78243.19,77721.19,78028.88,1284.92928,1778990399999
1778990400000,78028.88,78323.96,78003.35,78180.01,952.09545,1779004799999
1779004800000,78180.0,78599.99,78033.01,78415.99,1136.18338,1779019199999
1779019200000,78415.99,78550.0,77850.0,78051.41,1115.91599,1779033599999
1779033600000,78051.42,78468.46,77856.69,78415.3,837.07576,1779047999999
1779048000000,78415.29,78485.36,76735.16,77457.67,3116.50234,1779062399999
1779062400000,77457.67,77477.99,76707.61,76924.65,2888.01155,1779076799999
1779076800000,76924.66,77089.29,76583.33,77073.69,2702.66726,1779091199999
1779091200000,77073.69,77403.48,76668.58,77285.83,2052.55387,1779105599999
1779105600000,77285.83,77800.0,76051.0,76409.46,6216.09738,1779119999999
1779120000000,76409.46,76995.0,76144.24,76928.0,3295.85681,1779134399999
1779134400000,76928.0,77222.79,76800.0,77001.87,1590.32991,1779148799999
1779148800000,77001.88,77414.62,76487.83,76787.11,2006.76014,1779163199999
1779163200000,76787.1,77278.57,76644.98,77233.69,1508.45954,1779177599999
1779177600000,77233.68,77317.02,76633.83,76714.62,1745.68912,1779191999999
1779192000000,76714.61,77048.72,76144.71,76521.23,3363.76947,1779206399999
1779206400000,76521.24,77065.8,76407.72,76818.74,1634.99916,1779220799999
1779220800000,76818.73,77040.83,76642.95,76834.36,765.18235,1779235199999
1779235200000,76834.36,76922.46,76516.74,76723.54,1561.801,1779249599999
1779249600000,76723.55,77472.21,76692.0,77282.64,2218.09189,1779263999999
1779264000000,77282.65,77663.0,77210.33,77382.49,1682.41191,1779278399999
1779278400000,77382.5,77853.04,76891.61,77455.46,3039.76807,1779292799999
1779292800000,77455.45,77713.66,77018.38,77667.49,1712.28825,1779307199999
1779307200000,77667.49,77766.6,77226.61,77552.23,1081.90195,1779321599999
1779321600000,77552.24,78173.15,77525.0,78078.72,2263.9569,1779335999999
1779336000000,78078.72,78180.01,77521.0,77889.01,1454.09234,1779350399999
1779350400000,77889.01,78200.0,77147.15,77189.1,1934.87402,1779364799999
1779364800000,77189.1,77402.12,76719.47,77259.46,2353.9044,1779379199999
1779379200000,77259.45,78098.16,77008.75,77690.56,2693.31851,1779393599999
1779393600000,77690.56,77813.35,77534.43,77615.52,618.11224,1779407999999
1779408000000,77615.52,77817.8,77327.28,77779.98,884.30161,1779422399999
1779422400000,77779.98,77900.0,77288.77,77408.06,1756.84353,1779436799999
1779436800000,77408.07,77535.0,77184.45,77428.84,1436.53453,1779451199999
1779451200000,77428.83,77584.94,76570.0,76790.59,2613.83665,1779465599999
1779465600000,76790.6,77093.72,75668.76,75860.44,2815.05544,1779479999999
1779480000000,75860.44,76087.85,75359.18,75539.5,1765.78958,1779494399999
1779494400000,75539.5,75664.62,75220.0,75635.22,1896.10926,1779508799999
1779508800000,75635.22,75650.63,74289.6,74609.36,2690.99014,1779523199999
1779523200000,74609.37,74873.55,74303.56,74789.99,2509.09623,1779537599999
1779537600000,74789.99,75726.3,74660.05,75520.0,2943.5001,1779551999999
1779552000000,75519.99,76012.22,75371.72,75983.45,1772.27259,1779566399999
1779566400000,75983.45,77404.18,75953.94,76752.01,3274.91982,1779580799999
1779580800000,76752.0,77011.62,76629.02,76750.0,1051.70404,1779595199999
1779595200000,76750.01,77065.94,76651.59,76799.99,817.66826,1779609599999
1779609600000,76799.99,77543.15,76734.42,77320.06,1746.24676,1779623999999
1779624000000,77320.06,77325.72,76195.36,76371.59,1982.25663,1779638399999
1779638400000,76371.59,76799.99,76371.59,76773.34,882.04437,1779652799999
1779652800000,76773.33,77225.97,76108.0,77064.96,1918.0815,1779667199999
1779667200000,77064.96,77485.0,76914.25,77026.67,1368.4044,1779681599999
1779681600000,77026.68,77650.0,76990.78,77401.12,1348.52945,1779695999999
1779696000000,77401.11,77699.97,77280.32,77357.5,1214.44703,1779710399999
1779710400000,77357.5,77905.52,77286.5,77628.82,1563.39696,1779724799999
1779724800000,77628.82,77807.29,77343.61,77441.86,1121.16576,1779739199999
1779739200000,77441.85,77500.0,77019.82,77322.01,1056.37837,1779753599999
1779753600000,77322.01,77345.0,76475.59,76664.01,2145.81269,1779767999999
1779768000000,76664.0,77059.74,76603.73,76730.84,2043.2043,1779782399999
1779782400000,76730.84,77621.75,76586.94,77183.55,1896.99632,1779796799999
1779796800000,77183.56,78080.0,76272.63,76518.1,4834.0846,1779811199999
1779811200000,76518.1,76710.01,75779.3,76052.0,4688.69854,1779825599999
1779825600000,76052.0,76180.0,75677.97,75930.01,1344.67984,1779839999999
1779840000000,75930.01,76104.02,75607.62,75683.0,2404.25109,1779854399999
1779854400000,75683.0,75980.0,75310.9,75977.17,2224.40852,1779868799999
1779868800000,75977.16,76071.41,75710.76,75769.18,1291.66875,1779883199999
1779883200000,75769.18,76174.15,74758.33,75326.01,5186.20338,1779897599999
1779897600000,75326.02,75408.01,74663.45,75066.08,3165.53822,1779911999999
1779912000000,75066.09,75415.81,74243.99,74449.3,2605.70487,1779926399999
1779926400000,74449.31,74590.77,73060.59,73258.01,5727.94403,1779940799999
1779940800000,73258.0,73512.14,72728.85,73498.0,4799.6102,1779955199999
1779955200000,73498.0,73616.0,73193.13,73505.66,1994.38372,1779969599999
1779969600000,73505.65,73580.75,72582.82,72928.73,4632.38493,1779983999999
1779984000000,72928.73,73749.69,72741.4,73419.32,2524.28664,1779998399999
1779998400000,73419.31,73949.22,73241.48,73617.51,1595.41074,1780012799999
1780012800000,73617.52,73868.33,73189.11,73301.52,2123.30407,1780027199999
1780027200000,73301.53,73939.19,73210.21,73528.56,2641.80699,1780041599999
1780041600000,73528.55,73902.85,73341.85,73487.98,2197.79295,1780055999999
1780056000000,73487.98,74200.0,72512.49,73808.26,4624.93207,1780070399999
1780070400000,73808.25,74514.1,73187.25,73520.28,5596.86593,1780084799999
1780084800000,73520.29,73844.0,73320.0,73460.78,1502.0394,1780099199999
1780099200000,73460.78,73796.43,73408.62,73524.01,1539.64276,1780113599999
1780113600000,73524.01,73709.91,73216.0,73548.6,1487.87007,1780127999999
1780128000000,73548.6,73680.75,73500.02,73602.02,1076.47863,1780142399999
1780142400000,73602.01,74100.0,73594.4,73930.14,1485.09864,1780156799999
1780156800000,73930.13,74143.76,73811.3,74016.65,836.20775,1780171199999
1780171200000,74016.64,74054.0,73781.3,73884.38,1090.11124,1780185599999
1780185600000,73884.38,74275.66,73858.56,74150.64,1099.56261,1780199999999
1780200000000,74150.64,74221.33,73836.0,73871.24,869.39106,1780214399999
1780214400000,73871.25,74024.0,73699.2,73937.79,1250.59286,1780228799999
1780228800000,73937.63,74023.99,73483.05,73655.21,1349.33176,1780243199999
1780243200000,73655.2,73734.0,73400.0,73563.42,985.40321,1780257599999
1780257600000,73563.41,74198.0,73500.0,73674.39,1432.17557,1780271999999
1780272000000,73674.39,74092.0,73222.0,73769.06,1797.97503,1780286399999
1780286400000,73769.06,73841.37,72704.0,72818.0,2313.7758,1780300799999
1780300800000,72818.0,73095.64,72290.0,72479.99,4064.81004,1780315199999
1780315200000,72480.0,72610.0,71066.33,71129.62,8608.45364,1780329599999
1780329600000,71129.62,71800.73,70686.68,71595.24,4920.23395,1780343999999
1780344000000,71595.24,71690.0,70840.9,71408.9,2215.84338,1780358399999
1780358400000,71408.9,71408.9,70111.0,70953.69,3525.64758,1780372799999
1780372800000,70953.7,71048.0,69733.0,70118.42,4217.43297,1780387199999
1780387200000,70118.42,70172.0,69324.65,69461.72,3766.33037,1780401599999
1780401600000,69461.73,69548.13,67076.0,67304.28,9534.68154,1780415999999
1780416000000,67304.29,68146.3,66432.0,67315.14,5955.1383,1780430399999
1780430400000,67315.14,67923.24,66193.0,66760.83,5858.9651,1780444799999
1780444800000,66760.84,67204.15,65426.34,65849.9,5876.92165,1780459199999
1780459200000,65849.9,67516.0,65834.0,67220.03,5699.32885,1780473599999
1780473600000,67220.03,67476.69,66656.48,67067.37,3840.69634,1780487999999
1780488000000,67067.37,67244.62,66076.0,66076.01,4537.71513,1780502399999
1780502400000,66076.01,66373.18,65251.0,65462.0,4242.73831,1780516799999
1780516800000,65461.99,65860.0,64092.49,64142.75,5940.90622,1780531199999
1780531200000,64142.75,64540.3,61383.56,64363.49,16957.23407,1780545599999
1780545600000,64363.49,64764.32,63492.89,63603.15,5000.68767,1780559999999
1780560000000,63603.15,63904.63,62205.0,62545.99,8595.49118,1780574399999
1780574400000,62546.0,64494.92,62392.0,63896.17,6185.98937,1780588799999
1780588800000,63896.16,64163.93,62944.91,63629.38,3723.72569,1780603199999
1780603200000,63629.38,63918.0,63106.04,63885.99,3114.04773,1780617599999
1780617600000,63885.99,63978.0,62339.0,62730.0,4162.99809,1780631999999
1780632000000,62730.0,63688.0,61126.01,63115.99,10733.42354,1780646399999
1780646400000,63115.99,63259.9,61964.98,61964.99,4297.16406,1780660799999
1780660800000,61964.99,62457.86,60000.0,60438.01,14801.01342,1780675199999
1780675200000,60438.0,61547.24,59130.91,60300.24,13747.59231,1780689599999
1780689600000,60300.24,62000.0,59940.01,61056.47,7285.09665,1780703999999
1780704000000,61056.47,61530.05,60520.0,60687.04,2945.07914,1780718399999
1780718400000,60687.05,61276.95,59500.0,61004.95,7062.57386,1780732799999
1780732800000,61004.95,61500.0,60198.0,60802.91,3473.55766,1780747199999
1780747200000,60802.9,61185.26,60396.0,60784.0,2291.49519,1780761599999
1780761600000,60784.01,60971.24,60393.96,60600.01,2446.99506,1780775999999
1780776000000,60600.0,61000.0,60429.09,60884.62,1575.88786,1780790399999
1780790400000,60884.62,61778.33,60746.0,61701.07,2959.18911,1780804799999
1780804800000,61701.06,62416.26,61482.46,62404.73,4903.20395,1780819199999
1780819200000,62404.72,62960.0,62259.37,62621.96,4723.06235,1780833599999
1780833600000,62621.97,62643.97,61577.12,62093.99,4554.1389,1780847999999
1780848000000,62093.99,62332.0,61184.0,61328.0,2477.20723,1780862399999
1780862400000,61327.99,64234.68,61217.17,63332.01,6995.30289,1780876799999
1780876800000,63332.01,63863.06,62720.86,63130.12,3315.4618,1780891199999
1780891200000,63130.12,63350.0,62408.0,63283.99,2834.18452,1780905599999
1780905600000,63284.0,63873.08,62992.01,63479.61,3752.47446,1780919999999
1780920000000,63479.62,64200.0,62718.3,63774.48,8126.80733,1780934399999
1780934400000,63774.48,64046.86,63268.01,63372.01,2713.14128,1780948799999
1780948800000,63372.01,63850.0,62978.66,63085.99,2311.31685,1780963199999
1780963200000,63086.0,63184.0,62423.07,62875.17,3759.28744,1780977599999
1780977600000,62875.18,63526.01,62748.0,63198.44,3708.0084,1780991999999
1780992000000,63198.44,63208.86,62498.75,62711.12,2528.63515,1781006399999
1781006400000,62711.12,62895.18,61037.0,61131.84,6183.44756,1781020799999
1781020800000,61131.85,62103.39,60780.0,62098.09,4007.5249,1781035199999
1781035200000,62098.09,62272.0,61556.0,61730.0,1449.31614,1781049599999
1781049600000,61730.0,61974.7,61235.29,61549.64,1721.50899,1781063999999
1781064000000,61549.64,61813.34,61080.0,61687.56,2220.41887,1781078399999
1781078400000,61687.56,61736.0,60755.0,61034.04,2813.24386,1781092799999
1781092800000,61034.04,62857.99,60960.0,62639.23,4783.79909,1781107199999
1781107200000,62639.23,62646.0,61588.8,61942.44,2675.36915,1781121599999
1781121600000,61942.45,61949.21,61104.24,61510.99,1784.37656,1781135999999
1781136000000,61510.99,62848.0,61510.99,62689.48,2852.15258,1781150399999
1781150400000,62689.47,62997.53,62544.89,62719.39,2483.01428,1781164799999
1781164800000,62719.39,63257.21,62719.38,63108.0,2178.0981,1781179199999
1781179200000,63108.01,63239.43,62500.0,62749.44,4338.30998,1781193599999
1781193600000,62749.44,63933.02,62348.0,63605.68,4125.82489,1781207999999
1781208000000,63605.69,63700.0,63270.0,63625.99,1403.54659,1781222399999
1781222400000,63626.0,63810.01,63301.53,63524.82,2654.11007,1781236799999
1781236800000,63524.81,63863.98,62829.81,63100.8,3225.69245,1781251199999
1781251200000,63100.8,63953.84,63100.8,63766.01,2378.6864,1781265599999
1781265600000,63766.01,64394.44,63045.29,63593.02,4102.13697,1781279999999
1781280000000,63593.02,64111.1,63510.16,63589.27,2256.79665,1781294399999
1781294400000,63589.28,63696.41,63400.0,63580.01,1779.62986,1781308799999
1781308800000,63580.0,63840.0,63418.66,63532.0,1807.91855,1781323199999
1781323200000,63532.0,63883.47,63484.0,63846.0,1539.29828,1781337599999
1781337600000,63845.99,63984.53,63726.57,63971.28,1197.2171,1781351999999
1781352000000,63971.28,64350.0,63921.33,64296.15,2169.16248,1781366399999
1781366400000,64296.15,64333.62,63920.05,64296.59,1609.94419,1781380799999
1781380800000,64296.59,64762.77,64226.38,64458.01,1637.20103,1781395199999
1781395200000,64458.01,64710.0,64380.7,64545.3,1832.15643,1781409599999
1781409600000,64545.3,64563.48,64214.0,64429.39,1779.79489,1781423999999
1781424000000,64429.39,64664.0,64321.18,64546.0,842.29439,1781438399999
1781438400000,64546.01,64560.66,63866.66,64025.07,1790.92239,1781452799999
1781452800000,64025.06,64208.92,63678.83,63802.0,1240.64937,1781467199999
1781467200000,63801.99,65800.0,63794.09,65746.45,5717.21628,1781481599999
1781481600000,65746.45,65995.0,65354.0,65927.1,3254.30382,1781495999999
1781496000000,65927.11,66000.0,65611.01,65674.76,1981.09056,1781510399999
1781510400000,65674.76,66385.12,65512.0,66233.9,2545.824,1781524799999
1781524800000,66233.89,67292.15,66106.0,67292.14,5314.33714,1781539199999
1781539200000,67292.15,67292.15,66348.0,66614.35,3808.29082,1781553599999
1781553600000,66615.98,66681.3,66076.56,66328.74,1655.95468,1781567999999
1781568000000,66328.74,66463.26,65650.0,66165.21,2681.099,1781582399999
1781582400000,66165.21,66572.99,65802.0,66372.0,2376.27499,1781596799999
1781596800000,66372.0,66992.0,66345.06,66481.73,2144.18658,1781611199999
1781611200000,66481.73,66818.0,65360.92,65859.76,4190.74899,1781625599999
1781625600000,65859.76,66248.69,65560.0,65675.88,1862.21148,1781639999999
1781640000000,65675.89,65938.0,65592.0,65675.01,1047.53697,1781654399999
1781654400000,65675.02,66200.0,65477.5,65851.99,2420.24,1781668799999
1781668800000,65852.0,66048.19,65251.0,65539.5,2085.47507,1781683199999
1781683200000,65539.51,65574.0,64565.0,64810.01,3091.21134,1781697599999
1781697600000,64810.01,65855.66,64590.53,65752.0,3491.08992,1781711999999
1781712000000,65751.99,66445.93,63998.35,64301.85,6215.6405,1781726399999
1781726400000,64301.85,64529.2,63915.77,64509.4,1744.99726,1781740799999
1781740800000,64509.4,64806.0,64267.86,64282.82,1652.26355,1781755199999
1781755200000,64282.82,64510.5,63696.29,64510.44,2721.52451,1781769599999
1781769600000,64510.45,64646.75,63878.14,63974.4,1838.10092,1781783999999
1781784000000,63974.4,64445.19,62293.76,62369.44,5194.48784,1781798399999
1781798400000,62369.43,63008.33,62272.07,62950.79,3580.0956,1781812799999
1781812800000,62950.79,63274.19,62742.0,62958.01,1949.12419,1781827199999
1781827200000,62958.01,63110.29,62386.9,62773.51,2468.91953,1781841599999
1781841600000,62773.52,62917.32,62409.55,62629.99,1641.95094,1781855999999
1781856000000,62630.0,62782.0,62316.44,62626.0,3116.66446,1781870399999
1781870400000,62626.0,63419.27,62353.0,63214.01,2901.51359,1781884799999
1781884800000,63214.01,63387.8,62866.99,63021.6,2487.59549,1781899199999
1781899200000,63021.6,63666.0,62958.59,63543.91,1630.77999,1781913599999
1781913600000,63543.9,63777.0,63320.14,63476.79,1616.55782,1781927999999
1781928000000,63476.79,63907.07,63402.0,63655.21,1346.24836,1781942399999
1781942400000,63655.21,63798.76,63392.41,63688.0,1481.37623,1781956799999
1781956800000,63688.0,64388.0,63184.21,64160.04,2723.36068,1781971199999
1781971200000,64160.04,64167.26,63730.21,63936.0,1179.02142,1781985599999
1781985600000,63935.99,64350.0,63853.31,64298.01,1175.53873,1781999999999
1782000000000,64298.01,64472.99,64206.17,64426.0,1550.54505,1782014399999
1782014400000,64426.0,64588.0,64173.08,64191.07,991.47913,1782028799999
1782028800000,64191.06,64483.95,63900.17,64176.0,1273.61935,1782043199999
1782043200000,64176.0,64355.88,63952.0,64224.0,1101.09932,1782057599999
1782057600000,64224.0,64298.84,63933.47,64207.12,902.04873,1782071999999
1782072000000,64207.13,64271.21,63270.0,63311.99,2215.87175,1782086399999
1782086400000,63312.0,64823.52,63312.0,63974.01,3208.60773,1782100799999
1782100800000,63974.01,64397.57,63868.41,64211.19,2188.39984,1782115199999
1782115200000,64211.2,64768.46,64044.0,64657.22,1871.87312,1782129599999
1782129600000,64657.22,65622.83,64579.08,64836.95,4214.1224,1782143999999
1782144000000,64836.95,64862.0,64276.0,64472.0,2332.89568,1782158399999
1782158400000,64472.51,64659.43,63804.59,64020.01,1607.20974,1782172799999
1782172800000,64020.01,64275.38,63828.93,64065.35,1775.89841,1782187199999
1782187200000,64065.34,64095.55,62568.9,62886.03,3954.74479,1782201599999
1782201600000,62886.04,62945.08,61938.0,62507.06,6446.41259,1782215999999
1782216000000,62507.05,62855.98,61960.0,62487.79,4100.47989,1782230399999
1782230400000,62487.79,62846.0,62104.7,62388.49,2461.76341,1782244799999
1782244800000,62388.49,62799.99,62380.25,62734.57,1483.69383,1782259199999
1782259200000,62734.57,63119.45,62461.87,62729.78,2762.4008,1782273599999
1782273600000,62729.78,63073.44,62525.49,62657.99,1825.36336,1782287999999
1782288000000,62658.0,63239.06,62318.88,62921.19,2314.92971,1782302399999
1782302400000,62921.19,62973.2,60249.82,60250.0,9369.88622,1782316799999
1782316800000,60250.0,60678.1,59102.7,59958.3,10843.6224,1782331199999
1782331200000,59958.3,61276.0,59854.0,61077.99,3562.08294,1782345599999
1782345600000,61078.0,61163.16,60684.94,60883.65,2441.96666,1782359999999
1782360000000,60883.66,61962.4,60792.0,61911.04,3236.44626,1782374399999
1782374400000,61911.03,61920.0,61066.0,61282.01,1957.14848,1782388799999
1782388800000,61282.0,61761.35,58115.01,59557.99,15979.29296,1782403199999
1782403200000,59557.99,60067.0,59139.96,59320.0,4724.02547,1782417599999
1782417600000,59319.99,60273.81,59319.99,59794.0,2047.12711,1782431999999
1782432000000,59794.64,60131.37,58337.0,60036.01,6229.08405,1782446399999
1782446400000,60036.0,60759.99,59702.0,60532.0,5385.16495,1782460799999
1782460800000,60532.0,60580.0,59239.78,59413.24,3735.38397,1782475199999
1782475200000,59413.24,60500.0,58500.1,60328.32,7768.84215,1782489599999
1782489600000,60328.18,60583.0,59556.0,59751.97,2887.79333,1782503999999
1782504000000,59751.96,60117.64,59571.31,60097.27,1397.28878,1782518399999
1782518400000,60097.27,60412.0,59876.22,60305.73,1740.1281,1782532799999
1782532800000,60305.73,60574.0,60093.33,60548.07,2155.72828,1782547199999
1782547200000,60548.06,60548.74,60198.94,60363.65,1191.76765,1782561599999
1782561600000,60363.65,60941.17,60257.03,60840.06,1696.07546,1782575999999
1782576000000,60840.06,60855.03,60085.88,60175.95,1431.99252,1782590399999
1782590400000,60175.95,60482.18,59855.16,60029.0,1371.53715,1782604799999
1782604800000,60029.01,60339.99,59986.0,60197.04,1389.16748,1782619199999
1782619200000,60197.03,60259.68,59753.48,60219.99,1116.37628,1782633599999
1782633600000,60220.0,60545.01,60068.0,60342.0,1120.25594,1782647999999
1782648000000,60341.99,60457.02,59817.28,59890.0,1367.98594,1782662399999
1782662400000,59890.35,59943.9,59270.26,59481.79,1660.7754,1782676799999
1782676800000,59481.78,59906.0,58905.0,59577.01,2252.57692,1782691199999
1782691200000,59577.01,60233.0,58900.01,60049.46,3201.11997,1782705599999
1782705600000,60049.45,60346.27,59392.02,60026.0,2078.32745,1782719999999
1782720000000,60026.01,60311.95,59745.46,59956.05,2255.33546,1782734399999
1782734400000,59956.05,60780.57,59011.0,59824.01,8111.4911,1782748799999
1782748800000,59824.01,60683.84,59584.48,60433.49,3485.29528,1782763199999
1782763200000,60433.5,60585.99,60194.01,60260.21,1071.57252,1782777599999
1782777600000,60260.2,60276.54,59600.0,59627.48,1857.16279,1782791999999
1782792000000,59627.47,59712.88,59360.0,59524.01,3053.94506,1782806399999
1782806400000,59524.01,59551.03,59123.01,59192.7,2089.47276,1782820799999
1782820800000,59192.71,59276.6,58201.0,58381.99,7891.0473,1782835199999
1782835200000,58382.0,58839.16,58241.79,58818.05,3095.15267,1782849599999
1782849600000,58818.0,58874.99,58509.99,58624.71,1653.04729,1782863999999
1782864000000,58624.71,59318.0,57800.19,59197.13,5065.96033,1782878399999
1782878400000,59197.12,59457.0,58534.31,58768.65,2186.41376,1782892799999
1782892800000,58768.64,59091.99,58500.0,58622.03,1602.12145,1782907199999
1782907200000,58622.02,60536.55,58326.0,60147.15,10086.67787,1782921599999
1782921600000,60147.15,60352.93,59787.35,60028.67,2234.35255,1782935999999
1782936000000,60029.39,61334.0,59876.0,60024.0,3917.92066,1782950399999
1782950400000,60024.0,61121.78,59588.0,61058.0,2904.94504,1782964799999
1782964800000,61057.99,61058.0,60104.0,60149.99,3061.89549,1782979199999
1782979200000,60149.99,61437.49,60132.51,61358.01,4003.42248,1782993599999
1782993600000,61358.0,62200.0,61147.23,61612.93,6769.2125,1783007999999
1783008000000,61612.93,61962.43,61108.99,61479.6,3294.70341,1783022399999
1783022400000,61479.59,61653.43,61342.0,61560.0,1347.96271,1783036799999
1783036800000,61560.0,61733.11,61248.86,61434.0,2479.18215,1783051199999
1783051200000,61434.0,61864.99,61332.76,61750.47,3163.90756,1783065599999
1783065600000,61750.47,62103.1,61510.01,62024.02,1709.37837,1783079999999
1783080000000,62024.01,62400.0,61700.0,61922.72,2814.47654,1783094399999
1783094400000,61922.71,62317.64,61911.65,62210.0,1297.39519,1783108799999
1783108800000,62210.0,62979.86,62186.01,62583.26,2584.64646,1783123199999
1783123200000,62583.26,62946.0,62404.25,62627.29,1753.66085,1783137599999
1783137600000,62627.28,62749.97,62328.24,62576.0,1478.55581,1783151999999
1783152000000,62576.0,62674.47,62415.87,62482.01,1079.64345,1783166399999
1783166400000,62482.0,63075.46,62482.0,62943.29,1355.98937,1783180799999
1783180800000,62943.29,63461.99,62786.0,63294.72,1874.87989,1783195199999
1783195200000,63294.72,63448.0,62927.98,63144.01,1597.09803,1783209599999
1783209600000,63144.01,63144.01,62596.08,62769.04,1315.64704,1783223999999
1783224000000,62769.03,63059.99,62659.65,63020.21,1264.39586,1783238399999
1783238400000,63020.21,63104.0,62436.59,62658.92,1351.262,1783252799999
1783252800000,62658.92,62943.59,62569.37,62740.01,1095.17438,1783267199999
1783267200000,62740.01,62888.14,62590.02,62768.88,1289.13194,1783281599999
1783281600000,62768.87,63999.0,62609.47,63650.0,2856.46636,1783295999999
1783296000000,63650.01,63920.0,63136.01,63294.0,2106.27228,1783310399999
1783310400000,63294.0,63402.77,62890.0,63089.42,2133.18277,1783324799999
1783324800000,63089.42,63244.0,62483.83,62483.84,2033.95739,1783339199999
1783339200000,62483.84,63550.0,61306.84,63545.98,9407.7266,1783353599999
1783353600000,63545.98,63976.16,63386.01,63738.52,3288.31371,1783367999999
1783368000000,63738.52,64700.0,63589.41,64042.02,2465.83162,1783382399999
1783382400000,64042.93,64314.0,63150.0,63191.01,2149.22919,1783396799999
1783396800000,63191.01,63445.7,62800.0,63083.18,2868.37826,1783411199999
1783411200000,63083.19,63467.15,62984.58,63406.0,1660.52847,1783425599999
1783425600000,63405.99,64105.0,62671.39,63930.51,5487.16202,1783439999999
1783440000000,63930.5,64243.75,63379.69,63817.99,3152.55165,1783454399999
1783454400000,63818.0,63901.75,63218.0,63363.99,1516.35864,1783468799999
1783468800000,63364.0,63761.99,62525.47,62766.0,2945.00889,1783483199999
1783483200000,62766.0,62901.49,62477.04,62888.35,2093.37251,1783497599999
1783497600000,62888.34,62941.46,61743.83,62299.99,5277.16067,1783511999999
1783512000000,62300.0,62451.08,61544.56,61704.01,4480.13744,1783526399999
1783526400000,61704.01,62394.32,61692.0,62277.98,1878.09343,1783540799999
1783540800000,62277.98,62350.63,61956.0,62290.0,1946.32502,1783555199999
1783555200000,62290.01,62642.0,61705.29,61974.34,2507.70329,1783569599999
1783569600000,61974.34,63283.26,61956.46,63000.0,3076.31626,1783583999999
1783584000000,62999.99,63100.1,62614.66,62786.34,2526.25001,1783598399999
1783598400000,62786.33,63261.0,62465.39,62868.05,4882.96602,1783612799999
1783612800000,62868.06,63500.0,62559.59,63248.1,2646.20845,1783627199999
1783627200000,63248.09,63418.0,63060.91,63230.0,1103.36269,1783641599999
1783641600000,63230.01,64050.23,62926.01,63947.2,3284.75486,1783655999999
1783656000000,63947.2,64200.0,63802.02,63963.0,1994.74883,1783670399999
1783670400000,63963.0,64494.84,63962.99,64425.18,2735.04064,1783684799999
1783684800000,64425.18,64692.83,63793.43,64040.0,3985.18915,1783699199999
1783699200000,64039.99,64220.0,63732.66,63917.88,2956.75614,1783713599999
1783713600000,63917.88,64222.61,63656.0,64161.72,2632.5116,1783727999999
1783728000000,64161.72,64310.0,63984.07,64150.42,1101.49145,1783742399999
1783742400000,64150.42,64278.0,64080.26,64162.18,1485.01598,1783756799999
1783756800000,64162.18,64300.0,64129.99,64198.0,1355.34719,1783771199999
1783771200000,64197.99,64504.11,63896.18,64175.75,2497.55472,1783785599999
1783785600000,64175.75,64402.0,64084.0,64286.0,1218.04674,1783799999999
1783800000000,64286.0,64463.83,63819.0,63819.0,1494.51824,1783814399999
1783814400000,63819.01,64223.74,63702.16,64223.73,4094.275,1783828799999
1783828800000,64223.73,64245.87,63640.83,63885.27,1737.49927,1783843199999
1783843200000,63885.28,64100.32,63764.0,64018.01,4848.30942,1783857599999
1783857600000,64018.0,64290.11,63958.71,64176.0,1182.12771,1783871999999
1783872000000,64176.0,64270.0,64018.69,64228.59,890.36957,1783886399999
1783886400000,64228.59,64254.0,63668.0,63780.0,1162.25606,1783900799999
1783900800000,63780.0,64425.0,62741.04,62806.41,3939.38182,1783915199999
1783915200000,62806.41,63070.01,62500.76,62985.52,3347.70751,1783929599999
1783929600000,62985.53,63302.88,62862.28,62901.99,3803.06989,1783943999999
1783944000000,62901.99,62990.04,62101.0,62618.01,5871.90146,1783958399999
1783958400000,62618.0,62629.35,61824.97,62288.23,3298.41917,1783972799999
1783972800000,62288.23,62347.46,61882.88,62334.52,1422.02219,1783987199999
1783987200000,62334.52,62666.66,62272.2,62572.89,2249.30225,1784001599999
1784001600000,62572.88,62872.0,62516.93,62560.92,2088.33647,1784015999999
1784016000000,62560.92,62923.06,62500.0,62844.99,1732.53672,1784030399999
1784030400000,62844.99,64966.43,62780.84,64743.99,8796.6211,1784044799999
1784044800000,64744.0,64896.86,64231.77,64569.59,3290.30049,1784059199999
1784059200000,64569.59,65100.0,64419.99,65043.98,2395.31681,1784073599999
1784073600000,65043.99,65065.01,64488.0,64792.01,1693.44003,1784087999999
1784088000000,64792.0,65277.37,64485.0,64549.34,3159.56545,1784102399999
1784102400000,64549.33,64917.94,64549.33,64732.15,2317.38966,1784116799999
1784116800000,64732.15,65600.0,64606.0,65427.61,6119.9158,1784131199999
1784131200000,65427.6,65470.0,64738.49,64977.34,3997.71829,1784145599999
1784145600000,64977.34,65055.39,64691.89,64756.28,1113.86818,1784159999999
1784160000000,64756.28,64845.5,64392.01,64619.95,1773.62269,1784174399999
1784174400000,64619.96,64997.52,64086.12,64238.0,2728.61151,1784188799999
1784188800000,64238.0,64380.0,63888.0,64256.53,8083.54555,1784203199999
1784203200000,64256.52,64896.0,63838.28,64704.73,3169.90689,1784217599999
1784217600000,64704.73,64712.0,63984.09,64271.84,1783.88455,1784231999999
1784232000000,64271.85,64276.0,63748.74,63830.2,1224.9556,1784246399999
1784246400000,63830.2,64067.69,63380.28,63570.0,2665.58621,1784260799999
1784260800000,63570.0,63576.0,62710.0,62828.11,4170.00651,1784275199999
1784275200000,62828.11,63361.7,62666.0,63298.01,2593.38028,1784289599999
1784289600000,63298.0,63518.0,62537.56,63452.0,3902.37074,1784303999999
1784304000000,63452.0,64387.99,63312.01,64160.8,3432.25523,1784318399999
1784318400000,64160.8,64216.61,63884.35,63931.67,1426.29492,1784332799999
1784332800000,63931.67,64032.6,63886.65,64017.84,1370.3565,1784347199999
1784347200000,64017.84,64026.03,63926.39,64002.75,949.10008,1784361599999
1784361600000,64002.75,64097.22,63887.73,64069.89,1103.50008,1784375999999
1784376000000,64069.89,64274.47,63963.0,64123.12,1241.58814,1784390399999
1784390400000,64123.13,64669.5,64091.48,64552.79,1723.19086,1784404799999
1784404800000,64552.8,64865.0,64528.69,64834.22,1643.44446,1784419199999
1784419200000,64834.21,64967.25,64620.44,64706.18,1644.28469,1784433599999
1784433600000,64706.18,64815.65,64610.89,64711.05,1101.66102,1784447999999
1784448000000,64711.04,64743.0,64445.0,64467.64,1538.93439,1784462399999
1784462400000,64467.65,64663.04,64285.24,64585.32,1464.507,1784476799999
1784476800000,64585.33,64752.0,64280.0,64462.58,1160.57272,1784491199999
1784491200000,64462.58,64900.0,64347.89,64722.54,1469.95492,1784505599999
1784505600000,64722.55,65107.99,64416.0,64869.8,1856.81248,1784519999999
1784520000000,64869.79,64869.99,63765.83,64280.01,3162.272,1784534399999
1784534400000,64280.01,65068.0,63100.0,65002.01,5789.67423,1784548799999
1784548800000,65002.0,65666.8,64077.76,65598.75,5847.5969,1784563199999
1784563200000,65598.75,65799.0,65041.05,65142.0,3294.38969,1784577599999
1784577600000,65142.0,65445.27,65061.92,65255.51,1372.74172,1784591999999
1784592000000,65255.51,65658.78,65148.75,65566.78,2285.39592,1784606399999
1784606400000,65566.77,66245.64,65471.69,66186.86,3537.73944,1784620799999
1784620800000,66186.86,66420.65,66129.19,66345.59,3436.96959,1784635199999
1784635200000,66345.59,66956.15,66255.73,66676.54,5031.99712,1784649599999
1784649600000,66676.53,66764.0,66052.63,66444.76,2940.41455,1784663999999
1784664000000,66444.76,66576.0,66204.0,66556.16,1385.76425,1784678399999
1784678400000,66556.15,66739.89,66176.0,66210.0,2882.6636,1784692799999
1784692800000,66209.99,66424.0,65701.0,65843.48,4124.6914,1784707199999
1784707200000,65843.48,66164.57,65843.47,66013.36,5171.31096,1784721599999
1784721600000,66013.36,66204.98,65553.67,66047.39,3002.09745,1784735999999
1784736000000,66047.38,66384.0,65691.93,65923.19,1521.20312,1784750399999
1784750400000,65923.19,66138.24,65791.79,66114.49,1372.89949,1784764799999
1784764800000,66114.5,66313.14,65585.11,65662.53,2738.22182,1784779199999
1784779200000,65662.53,65821.17,65351.02,65442.13,1755.71203,1784793599999
1784793600000,65442.12,65792.09,65419.75,65555.21,1697.46856,1784807999999
1784808000000,65555.21,65589.41,64728.0,64958.36,4309.94067,1784822399999
1784822400000,64958.37,64961.15,64650.0,64846.94,2433.46243,1784836799999
1784836800000,64846.93,65235.43,64834.52,65098.97,1763.42122,1784851199999
1784851200000,65098.98,65464.35,64762.18,65456.7,1824.8823,1784865599999
1784865600000,65456.7,65808.59,65248.0,65499.95,2805.86714,1784879999999
1784880000000,65499.94,65508.17,64857.14,65083.43,2252.49673,1784894399999
1784894400000,65083.42,65133.99,63739.75,64093.85,6045.41604,1784908799999
1784908800000,64093.86,64292.44,63881.46,64225.32,2025.41669,1784923199999
1784923200000,64225.32,64288.02,64121.86,64139.99,1867.1929,1784937599999
1784937600000,64140.0,64179.03,64006.55,64085.36,1828.72886,1784951999999
1784952000000,64085.36,64205.67,63964.57,64003.2,1073.91838,1784966399999
1784966400000,64003.2,64113.0,63810.0,64064.01,2748.18699,1784980799999
1784980800000,64064.01,64272.0,64043.0,64182.0,929.05963,1784995199999
1784995200000,64182.01,64475.28,64123.0,64388.38,848.44532,1785009599999
1785009600000,64388.39,64430.0,64263.03,64375.0,1434.71112,1785023999999
1785024000000,64375.01,64582.0,64350.0,64557.0,955.90385,1785038399999
1785038400000,64557.0,64599.95,64293.81,64370.0,1238.04277,1785052799999
1785052800000,64370.0,64573.73,64353.0,64507.35,680.86616,1785067199999
1785067200000,64507.36,64827.0,64414.0,64768.0,1456.55849,1785081599999
1785081600000,64768.0,64940.51,64668.91,64695.52,1252.18356,1785095999999
1785096000000,64695.52,65577.0,64631.57,65399.99,2349.50606,1785110399999
1785110400000,65400.0,65418.81,64892.03,65284.0,1939.56217,1785124799999
1785124800000,65284.0,65744.6,65217.16,65221.99,2549.79202,1785139199999
1785139200000,65221.99,65432.0,65092.0,65100.79,2902.58585,1785153599999
1785153600000,65100.79,65718.0,64418.01,64554.01,3393.0404,1785167999999
1785168000000,64554.0,65090.0,64517.78,64984.0,1492.95286,1785182399999
1785182400000,64983.99,65056.0,63605.56,63755.86,2513.97213,1785196799999
1785196800000,63755.86,63827.49,63059.39,63343.83,3113.97473,1785211199999
1785211200000,63343.82,63668.71,63221.26,63505.99,2180.40039,1785225599999
1785225600000,63506.0,63593.0,63294.0,63450.0,1418.41424,1785239999999
1785240000000,63449.99,64026.62,62742.47,63928.47,3870.99997,1785254399999
1785254400000,63928.46,64100.0,63504.0,63904.0,1689.97924,1785268799999
1785268800000,63904.0,64073.3,63562.0,63915.0,1616.06139,1785283199999
1785283200000,63915.0,64200.0,63658.0,63753.03,2347.04425,1785297599999
1785297600000,63753.04,64575.99,63598.0,64561.0,2719.58943,1785311999999
1785312000000,64561.01,64744.81,64283.83,64507.54,1788.0597,1785326399999
1785326400000,64507.53,64718.87,63886.0,63964.01,2735.29639,1785340799999
1785340800000,63964.01,64648.79,63511.0,63589.46,4593.92101,1785355199999
1785355200000,63589.46,64131.44,63267.34,63984.28,2596.20834,1785369599999
1785369600000,63984.29,64411.76,63603.92,64161.98,2334.02034,1785383999999
1785384000000,64161.98,64182.0,63907.85,64026.0,3046.62914,1785398399999
1785398400000,64026.0,64885.18,63980.54,64788.0,4792.79575,1785412799999
1785412800000,64788.01,65176.6,64607.31,64730.3,3737.13198,1785427199999
1785427200000,64730.29,64988.0,64688.0,64800.0,1688.5901,1785441599999
1785441600000,64800.0,65086.4,64668.91,64780.02,1532.41755,1785455999999
1785456000000,64780.03,65409.56,64172.0,64370.0,3281.13705,1785470399999
1785470400000,64370.0,64496.64,63878.11,63950.01,4513.26941,1785484799999
1785484800000,63950.01,64011.99,63610.0,63805.51,2006.05406,1785499199999
1785499200000,63805.5,63849.19,62466.0,62716.57,6622.15348,1785513599999
1785513600000,62716.57,63302.0,62709.01,62972.0,2772.32321,1785527999999
1785528000000,62972.0,63062.47,62846.0,62887.88,1280.66965,1785542399999
1785542400000,62887.88,63106.55,62887.87,63004.48,1641.61546,1785556799999
1785556800000,63004.47,63142.85,62992.82,63050.46,1267.77262,1785571199999
1785571200000,63050.45,63150.0,62986.31,63076.0,834.60912,1785585599999
1785585600000,63076.0,63127.07,63007.05,63007.06,1057.87378,1785599999999
1785600000000,63007.06,63027.65,62275.0,62529.82,1931.00222,1785614399999
1785614400000,62529.81,62866.62,62482.99,62823.64,830.21584,1785628799999
1785628800000,62823.65,63550.0,62806.58,63461.95,2070.02486,1785643199999
1785643200000,63461.95,63634.0,63415.26,63506.24,1136.19822,1785657599999
1785657600000,63506.23,63530.0,62982.38,63031.99,1393.24586,1785671999999
1785672000000,63031.99,63231.67,63010.0,63109.14,1015.40932,1785686399999
1785686400000,63109.13,63610.01,63064.01,63456.01,1352.52922,1785700799999
1785700800000,63456.0,63796.33,63344.0,63570.0,1419.60406,1785715199999
1785715200000,63570.01,63596.0,62786.04,62870.49,1580.29042,1785729599999
1785729600000,62870.48,63001.77,62552.04,62621.1,2528.15637,1785743999999
1785744000000,62621.1,62863.1,62300.0,62560.01,1968.81583,1785758399999
1785758400000,62560.01,63992.71,62445.26,63694.91,5314.98583,1785772799999
1785772800000,63694.9,64080.0,63664.0,63869.38,2341.4127,1785787199999
1785787200000,63869.38,64023.61,63392.01,63520.0,1809.63628,1785801599999
1785801600000,63520.0,63972.0,63322.01,63800.01,2284.2087,1785815999999
1785816000000,63800.01,64243.81,63506.78,63685.74,2203.45481,1785830399999
1785830400000,63685.73,63950.0,63451.8,63926.0,1840.43901,1785844799999
1785844800000,63926.0,64238.0,63615.38,64125.14,3355.49264,1785859199999
1785859200000,64125.14,64413.21,63892.0,64233.36,2494.3487,1785873599999
1785873600000,64233.35,64549.16,64001.68,64106.56,1512.53523,1785887999999
1785888000000,64106.55,64504.0,63950.0,64183.27,2051.27242,1785902399999
1785902400000,64183.27,64525.97,63995.89,64163.99,1638.18668,1785916799999
1785916800000,64164.0,64280.0,64020.0,64075.28,1165.7803,1785931199999
1785931200000,64075.28,64744.0,63880.0,64388.01,4094.61341,1785945599999
1785945600000,64388.01,64936.18,64388.0,64840.28,1995.16889,1785959999999
1785960000000,64840.27,65025.22,64579.15,64665.23,1797.83358,1785974399999
1785974400000,64665.24,64724.38,64439.34,64531.03,1501.18098,1785988799999
1785988800000,64531.03,64996.0,64496.27,64809.7,1782.75525,1786003199999
1786003200000,64809.7,64999.0,64503.54,64622.09,1307.61434,1786017599999
1786017600000,64622.08,64987.26,64172.0,64631.87,2760.61479,1786031999999
1786032000000,64631.88,64834.0,64365.0,64446.0,1460.95594,1786046399999
1786046400000,64446.01,64536.32,64200.0,64323.61,1051.31154,1786060799999
1786060800000,64323.61,64544.0,64230.59,64289.99,1225.13149,1786075199999
1786075200000,64289.99,64463.75,64166.0,64319.84,1378.76331,1786089599999
1786089600000,64319.84,65213.33,64304.22,65029.98,2365.76634,1786103999999
1786104000000,65029.98,65390.99,64788.0,64912.72,4134.62946,1786118399999
1786118400000,64912.71,65072.31,64525.0,64960.47,1712.98766,1786132799999
1786132800000,64960.46,65102.0,64846.0,64923.19,990.12577,1786147199999
1786147200000,64923.2,65074.18,64784.19,65033.0,1310.57126,1786161599999
1786161600000,65033.0,65071.15,64951.34,64960.0,786.13996,1786175999999
1786176000000,64959.99,65050.0,64948.56,64967.35,776.81012,1786190399999
1786190400000,64967.36,65192.54,64924.0,65080.82,965.25235,1786204799999
1786204800000,65080.83,65150.0,65017.39,65075.41,690.47872,1786219199999
1786219200000,65075.4,65100.61,64936.01,64962.6,1230.89057,1786233599999
1786233600000,64962.6,65002.0,64730.08,64788.8,953.95674,1786247999999
1786248000000,64788.8,64867.11,64777.0,64826.14,905.46471,1786262399999
1786262400000,64826.15,65000.0,64792.1,64950.0,878.41777,1786276799999
1786276800000,64950.01,65300.0,64914.73,65228.68,1218.78551,1786291199999
1786291200000,65228.68,65266.06,65179.72,65180.66,760.315,1786305599999
1786305600000,65180.66,65474.46,64842.59,64901.59,2314.29633,1786319999999
1786320000000,64901.59,65391.14,64826.78,64982.01,1735.05442,1786334399999
1786334400000,64982.0,65379.13,64924.0,65202.73,1621.07764,1786348799999
1786348800000,65202.72,65328.73,64958.87,65125.98,1294.99105,1786363199999
1786363200000,65125.99,65237.8,64203.15,64299.99,3640.00431,1786377599999
1786377600000,64299.99,64354.0,63806.27,64045.7,4275.95165,1786391999999
1786392000000,64045.7,64215.21,63920.69,63970.01,1071.3297,1786406399999
1786406400000,63970.01,64176.0,63895.64,64155.01,1832.7232,1786420799999
1786420800000,64155.0,64159.65,63852.0,64065.99,1640.19253,1786435199999
1786435200000,64066.0,64400.0,64044.72,64389.57,1568.1186,1786449599999
1786449600000,64389.58,64515.43,63451.0,63609.87,4376.77905,1786463999999
1786464000000,63609.86,63660.0,63238.0,63536.0,2424.73673,1786478399999
1786478400000,63536.0,63768.58,63536.0,63600.0,1049.08237,1786492799999
1786492800000,63600.01,63908.01,63534.01,63835.59,1898.48961,1786507199999
1786507200000,63835.58,63891.42,63606.15,63837.99,2130.54232,1786521599999
1786521600000,63838.0,64249.5,63768.01,64240.04,2267.09134,1786535999999
1786536000000,64240.04,64500.0,63316.0,63441.47,3959.44035,1786550399999
1786550400000,63441.48,63578.0,63310.34,63421.11,1558.61566,1786564799999
1786564800000,63421.11,63661.24,63370.0,63479.99,1812.88894,1786579199999
1786579200000,63479.99,63717.31,63380.0,63646.99,1584.53762,1786593599999
1786593600000,63647.0,64010.0,63591.56,63865.84,1512.6667,1786607999999
1786608000000,63865.84,63915.0,63350.0,63484.3,1451.07714,1786622399999
1786622400000,63484.31,63999.0,63420.0,63420.01,2120.87883,1786636799999
1786636800000,63420.01,63568.97,62802.27,63407.99,3071.89552,1786651199999
1786651200000,63408.0,63640.0,63368.0,63490.86,1052.80272,1786665599999
1786665600000,63490.86,63617.45,63301.58,63310.0,1474.95395,1786679999999
1786680000000,63310.0,63472.5,62920.0,62920.78,2090.34251,1786694399999
1786694400000,62920.78,62997.83,62700.0,62868.83,2437.10701,1786708799999
1786708800000,62868.83,63089.18,62535.24,62990.95,3460.64272,1786723199999
1786723200000,62990.94,63247.05,62830.0,62968.05,1783.03596,1786737599999
1786737600000,62968.06,63066.13,62800.0,63043.56,1094.74684,1786751999999
1786752000000,63043.56,63187.98,62992.91,63051.25,1121.88969,1786766399999
1786766400000,63051.25,63155.76,63027.89,63075.43,1448.06787,1786780799999
1786780800000,63075.43,63085.8,62920.0,63022.01,617.28318,1786795199999
1786795200000,63022.01,63120.09,62946.58,63100.55,700.44395,1786809599999
1786809600000,63100.55,63127.4,63044.37,63126.08,1110.25742,1786823999999
1786824000000,63126.07,63175.0,63076.96,63086.01,407.21827,1786838399999
1786838400000,63086.01,63151.59,63012.0,63130.0,626.426,1786852799999
1786852800000,63130.01,63158.8,63040.0,63061.02,792.70018,1786867199999
1786867200000,63061.03,63079.76,62968.45,63013.66,746.76545,1786881599999
1786881600000,63013.66,63146.4,62997.77,63146.39,558.13323,1786895999999
1786896000000,63146.39,63390.0,63100.89,63108.81,861.07496,1786910399999
1786910400000,63108.8,63140.0,62716.0,62900.0,1152.13153,1786924799999
1786924800000,62900.0,63520.0,62751.1,63429.21,2170.22745,1786939199999
1786939200000,63429.21,63717.17,63429.21,63514.45,2494.00927,1786953599999
1786953600000,63514.45,63781.69,63295.0,63631.1,1942.91539,1786967999999
1786968000000,63631.11,64227.27,63444.17,64200.0,2930.57098,1786982399999
1786982400000,64200.0,64610.01,63979.3,64309.96,3583.96885,1786996799999
1786996800000,64309.95,64578.0,64266.0,64532.1,1133.95519,1787011199999
1787011200000,64532.11,64568.46,64047.73,64185.01,1731.23124,1787025599999
1787025600000,64185.0,64446.0,64090.0,64198.97,3151.98283,1787039999999
1787040000000,64198.97,64402.35,64087.98,64351.19,1202.18477,1787054399999
1787054400000,64351.18,65058.81,64027.85,64855.06,3687.2214,1787068799999
1787068800000,64855.06,64891.81,64642.36,64643.26,1223.7468,1787083199999
1787083200000,64643.27,64780.0,64562.25,64725.42,793.54608,1787097599999
1787097600000,64725.42,64736.27,64278.0,64330.71,1368.72937,1787111999999
1787112000000,64330.7,64409.93,64166.0,64296.0,1822.44544,1787126399999
1787126400000,64296.01,64539.05,64255.0,64515.63,1158.29773,1787140799999
1787140800000,64515.62,69500.0,64474.86,68554.0,14033.00336,1787155199999
1787155200000,68554.0,68997.0,67825.03,68429.44,5078.58687,1787169599999
1787169600000,68429.44,70000.0,68390.0,69334.79,5593.23699,1787183999999
1787184000000,69334.78,69894.5,68902.22,69195.64,4128.11593,1787198399999
1787198400000,69195.64,70022.0,69166.0,69816.45,5427.46046,1787212799999
1787212800000,69816.45,72490.0,69772.36,71927.07,11048.6274,1787227199999
1787227200000,71927.07,72830.0,71132.0,72470.83,8096.54953,1787241599999
1787241600000,72470.84,72966.0,72205.88,72690.76,4379.48083,1787255999999
1787256000000,72690.76,73400.0,72498.0,73025.15,2824.55872,1787270399999
1787270400000,73027.02,75785.82,73027.02,74510.77,7849.2251,1787284799999
1787284800000,74510.77,76916.95,74510.77,76308.65,7121.86416,1787299199999
1787299200000,76308.66,79500.0,76235.76,76722.32,12525.47553,1787313599999
1787313600000,76722.31,77871.33,76243.04,77221.98,7874.81907,1787327999999
1787328000000,77221.98,77722.12,76643.72,77028.94,4866.29326,1787342399999
1787342400000,77028.94,78760.68,76863.56,78338.03,4101.88856,1787356799999
1787356800000,78338.03,78828.15,77683.37,78410.98,3135.03861,1787371199999
1787371200000,78410.98,78818.0,76500.0,77289.18,6027.36717,1787385599999
1787385600000,77289.18,77445.6,76533.87,77130.02,3748.00174,1787399999999
1787400000000,77130.01,77387.99,76880.0,76978.83,2000.76926,1787414399999
1787414400000,76978.83,77547.96,76956.36,77418.25,1412.16364,1787428799999
1787428800000,77418.26,77467.53,76772.0,77074.93,2201.16805,1787443199999
1787443200000,77074.94,77400.0,76837.0,76927.87,1553.06668,1787457599999
1787457600000,76927.87,77036.58,75545.67,76007.13,4450.70459,1787471999999
1787472000000,76007.12,77400.0,75952.09,77311.02,2438.39979,1787486399999
1787486400000,77311.02,77765.8,76802.0,77156.13,2980.37095,1787500799999
1787500800000,77156.14,77487.04,77116.0,77346.01,1664.50999,1787515199999
1787515200000,77346.0,78052.85,77200.03,77734.0,2280.17985,1787529599999
1787529600000,77734.0,77742.0,76883.61,76933.02,3664.03678,1787543999999
1787544000000,76933.02,77790.19,76670.01,77307.15,3503.20007,1787558399999
1787558400000,77307.14,78600.0,76838.0,78443.65,3882.01996,1787572799999
1787572800000,78443.65,80000.0,77851.9,79100.01,12055.74657,1787587199999
1787587200000,79100.01,79877.87,78468.61,78758.0,5362.11449,1787601599999
1787601600000,78757.99,79049.4,78560.0,78992.75,1712.17604,1787615999999
1787616000000,78992.76,81272.62,78715.63,80488.01,6875.1249,1787630399999
1787630400000,80488.01,80923.69,79369.17,79705.79,3945.93467,1787644799999
1787644800000,79705.79,80249.0,78888.0,79117.99,3717.84169,1787659199999
1787659200000,79118.0,79527.09,78120.74,79502.01,4751.6108,1787673599999
1787673600000,79502.01,79563.71,78728.35,78925.95,2595.83028,1787687999999
1787688000000,78925.96,79000.0,77851.0,78539.14,2886.1716,1787702399999
1787702400000,78539.13,79251.6,78312.0,79088.62,2212.08248,1787716799999
1787716800000,79088.61,79206.0,78638.0,78925.56,1973.77004,1787731199999
1787731200000,78925.57,79119.37,78244.83,78487.26,2329.51988,1787745599999
1787745600000,78487.26,78713.79,77632.58,78011.65,3729.56026,1787759999999
1787760000000,78011.64,78650.26,77858.0,78475.49,1989.76733,1787774399999
1787774400000,78475.49,79174.12,78200.0,79023.75,2379.05888,1787788799999
1787788800000,79023.75,79028.49,78546.13,78830.68,1834.8573,1787803199999
1787803200000,78830.68,79095.99,78600.0,79082.17,1224.03365,1787817599999
1787817600000,79082.18,80520.0,79048.0,79477.67,4143.28822,1787831999999
1787832000000,79477.66,80799.91,78920.0,80302.32,4528.8285,1787846399999
1787846400000,80302.32,80848.74,79749.7,79910.19,3109.17529,1787860799999
1787860800000,79910.19,80432.36,79882.86,80249.58,1425.35399,1787875199999
1787875200000,80249.59,81478.87,79723.02,79810.49,3700.54747,1787889599999
1787889600000,79810.48,79999.0,79558.11,79660.0,2266.68768,1787903999999
1787904000000,79660.0,79840.0,79001.01,79604.13,2010.80327,1787918399999
1787918400000,79604.12,79838.73,78312.64,78331.13,5428.42383,1787932799999
1787932800000,78331.13,78404.0,76888.0,77580.03,4754.79211,1787947199999
1787947200000,77580.03,77846.72,77255.69,77845.87,1595.1821,1787961599999
1787961600000,77845.88,77963.92,77507.16,77507.17,1163.39213,1787975999999
1787976000000,77507.17,77716.12,77382.37,77626.01,1664.15625,1787990399999
1787990400000,77626.01,77754.23,77487.73,77584.67,991.9736,1788004799999
1788004800000,77584.66,78150.0,77506.63,77865.36,1283.2584,1788019199999
1788019200000,77865.36,78330.0,77858.29,78182.0,1024.87084,1788033599999
1788033600000,78181.99,78298.0,78062.0,78230.0,888.65135,1788047999999
1788048000000,78230.0,78330.0,77994.02,78144.68,816.30414,1788062399999
1788062400000,78144.68,78310.71,77990.0,78118.0,723.01311,1788076799999
1788076800000,78118.0,78242.0,77962.49,78166.0,649.28997,1788091199999
1788091200000,78165.99,78966.76,78165.99,78823.63,2296.08087,1788105599999
1788105600000,78823.62,79400.0,78721.98,78856.39,1654.26061,1788119999999
1788120000000,78856.39,78931.49,77000.0,77682.0,2946.47535,1788134399999
1788134400000,77682.0,78185.89,77392.0,77756.71,2131.01907,1788148799999
1788148800000,77756.7,78322.56,77458.83,78196.01,2746.00452,1788163199999
1788163200000,78196.01,78802.0,77982.0,78315.43,2466.58638,1788177599999
1788177600000,78315.43,78777.9,77675.04,78580.42,4388.20343,1788191999999
1788192000000,78580.43,79250.0,78494.0,78898.06,2077.9423,1788206399999
1788206400000,78898.06,79172.0,78405.01,78581.29,1494.15032,1788220799999
1788220800000,78581.3,78900.01,78189.93,78679.01,2030.75476,1788235199999
1788235200000,78679.01,79220.61,78500.0,78632.37,1861.50805,1788249599999
1788249600000,78632.37,78658.01,77758.69,78098.97,2651.84197,1788263999999
1788264000000,78098.96,78424.0,77510.0,77919.06,3120.33071,1788278399999
1788278400000,77919.07,77976.0,76420.0,77312.0,3107.9414,1788292799999
1788292800000,77312.0,77638.18,76920.36,77439.0,1358.2626,1788307199999
1788307200000,77439.01,77792.0,76718.48,77563.5,2069.66828,1788321599999
1788321600000,77563.5,77765.99,77294.56,77473.85,1554.71407,1788335999999
1788336000000,77473.86,77546.0,76264.0,76828.76,3307.82033,1788350399999
1788350400000,76828.75,77490.0,76611.67,77288.98,2775.08568,1788364799999
1788364800000,77288.97,77582.0,76950.56,77341.47,2309.35456,1788379199999
1788379200000,77341.48,77520.0,77007.36,77340.01,1054.33528,1788393599999
1788393600000,77340.01,77900.0,76968.0,77708.0,1810.06511,1788407999999
1788408000000,77708.01,78183.91,77101.01,77663.15,2058.03609,1788422399999
1788422400000,77663.14,78066.0,77478.0,77948.39,1507.39929,1788436799999
1788436800000,77948.39,81370.33,77896.07,81348.0,7602.37953,1788451199999
1788451200000,81348.0,81790.0,80613.52,81755.41,3813.87114,1788465599999
1788465600000,81755.41,82300.0,80905.05,81270.37,3014.67131,1788479999999
1788480000000,81270.37,81427.75,80669.45,80850.0,2106.35935,1788494399999
1788494400000,80850.01,81288.0,80573.21,80656.87,2337.64732,1788508799999
1788508800000,80656.86,81423.03,80502.87,81224.86,2718.76274,1788523199999
1788523200000,81224.86,81350.0,78660.0,79429.33,8378.55183,1788537599999
1788537600000,79429.33,79877.07,79378.19,79793.34,2107.66351,1788551999999
1788552000000,79793.35,79862.15,79512.0,79660.77,1549.64074,1788566399999
1788566400000,79660.77,79721.57,79472.22,79582.0,879.54469,1788580799999
1788580800000,79581.99,79763.41,79442.0,79709.96,1299.56191,1788595199999
1788595200000,79709.96,79735.97,79568.0,79609.28,1317.25002,1788609599999
1788609600000,79609.29,79816.0,79545.96,79806.01,1515.20832,1788623999999
1788624000000,79806.0,80200.0,79712.86,79754.0,2187.26566,1788638399999
1788638400000,79753.99,79947.99,79694.0,79831.75,1918.4096,1788652799999
1788652800000,79831.75,80107.99,79829.98,80028.01,959.7761,1788667199999
1788667200000,80028.01,80107.99,79577.0,79805.0,1634.23504,1788681599999
1788681600000,79804.68,80020.0,79752.7,79919.17,1709.90126,1788695999999
1788696000000,79919.17,80010.0,79233.0,79716.5,1691.87965,1788710399999
1788710400000,79716.51,79970.0,79584.73,79829.99,859.21256,1788724799999
1788724800000,79830.0,80559.99,79647.04,80341.83,1999.81366,1788739199999
1788739200000,80341.83,80443.99,79568.6,79596.39,1737.92416,1788753599999
1788753600000,79596.38,79926.04,79001.1,79397.83,2737.571,1788767999999
1788768000000,79397.83,79550.0,79282.0,79420.16,1414.08125,1788782399999
1788782400000,79420.16,79643.5,78680.0,78821.99,2336.60558,1788796799999
1788796800000,78822.0,79419.17,78807.69,79365.82,1219.11153,1788811199999
1788811200000,79365.81,79394.92,78781.07,79112.01,1127.16143,1788825599999
1788825600000,79112.0,79485.0,78725.1,78906.28,2314.63248,1788839999999
1788840000000,78906.27,78929.24,78179.98,78482.0,6753.06421,1788854399999
1788854400000,78482.0,78994.5,78271.63,78430.01,2614.92047,1788868799999
1788868800000,78430.0,78910.88,77620.01,78904.0,4668.00227,1788883199999
1788883200000,78904.0,78978.39,78271.49,78446.0,1484.59996,1788897599999
1788897600000,78445.99,78662.75,78406.0,78455.8,1399.84666,1788911999999
1788912000000,78455.8,78928.65,78455.79,78638.01,1609.73359,1788926399999
1788926400000,78638.01,79400.0,78638.0,79277.43,1973.28668,1788940799999
1788940800000,79277.44,79760.0,78725.29,79324.75,2523.95974,1788955199999
1788955200000,79324.75,79678.84,78060.03,78596.7,4602.5023,1788969599999
1788969600000,78596.7,78938.55,78150.0,78234.94,1739.43655,1788983999999
1788984000000,78234.94,78340.01,77770.0,78306.43,1681.00141,1788998399999
1788998400000,78306.43,78550.0,77952.0,78328.08,1876.38897,1789012799999
1789012800000,78328.08,78564.39,77906.48,78112.0,1876.70487,1789027199999
1789027200000,78112.0,78229.22,77688.0,77840.8,2184.29873,1789041599999
1789041600000,77840.64,77959.2,76676.07,77250.0,6058.77233,1789055999999
1789056000000,77250.0,77544.0,76804.99,77160.83,1862.81881,1789070399999
1789070400000,77160.83,77347.45,76464.0,76568.72,1461.38533,1789084799999
1789084800000,76568.73,77013.62,76563.01,76891.8,2190.99695,1789099199999
1789099200000,76891.81,77431.48,76889.23,77230.7,1495.30957,1789113599999
1789113600000,77230.7,77500.0,76746.95,77036.12,1673.60711,1789127999999
1789128000000,77036.12,79890.0,76046.58,77732.25,9334.31018,1789142399999
1789142400000,77732.25,78068.01,76883.0,77286.01,2837.74262,1789156799999
1789156800000,77286.0,77504.01,76967.13,77225.7,2181.31086,1789171199999
1789171200000,77225.71,77378.37,77207.65,77268.09,1050.82498,1789185599999
1789185600000,77268.09,77359.2,77164.06,77269.55,1868.18666,1789199999999
1789200000000,77269.54,77400.75,77269.54,77356.04,911.81159,1789214399999
1789214400000,77356.05,77505.67,77255.19,77380.37,1868.75181,1789228799999
1789228800000,77380.38,77414.01,77059.75,77114.99,1414.87519,1789243199999
1789243200000,77115.0,77300.0,77114.99,77278.73,945.99432,1789257599999
1789257600000,77278.73,77341.37,77162.36,77192.01,909.67679,1789271999999
1789272000000,77192.0,77325.82,77058.42,77127.99,1137.82395,1789286399999
1789286400000,77127.99,77182.0,76500.0,76792.32,1396.22788,1789300799999
1789300800000,76792.31,77254.45,76560.0,77134.83,1488.47423,1789315199999
1789315200000,77134.82,77413.52,77125.66,77284.0,690.96129,1789329599999
1789329600000,77284.01,77450.0,76622.97,76842.01,1336.51952,1789343999999
1789344000000,76842.01,77869.82,76388.72,77596.33,3263.31484,1789358399999
1789358400000,77596.32,77895.35,77379.41,77892.24,1674.13901,1789372799999
1789372800000,77892.24,78374.01,77593.8,77776.0,1944.20806,1789387199999
1789387200000,77776.0,78712.29,77481.98,78578.02,3774.64146,1789401599999
1789401600000,78578.02,79325.0,78426.17,78982.0,2707.30125,1789415999999
1789416000000,78982.01,79600.0,78131.3,78189.21,2049.88509,1789430399999
1789430400000,78189.2,78250.46,77658.0,77676.99,1582.25659,1789444799999
1789444800000,77676.99,77744.31,76889.22,76930.01,2492.09601,1789459199999
1789459200000,76930.0,77223.32,76703.59,76940.01,2305.84645,1789473599999
1789473600000,76940.01,77143.15,75605.0,76512.0,6696.64322,1789487999999
1789488000000,76512.01,77343.44,74967.97,76186.48,6485.18573,1789502399999
1789502400000,76186.48,76245.98,75140.64,75644.48,2120.68934,1789516799999
1789516800000,75644.48,76111.0,75457.52,75824.01,1612.51371,1789531199999
1789531200000,75824.0,76097.54,75677.64,75766.63,1815.54445,1789545599999
1789545600000,75766.62,76304.01,75350.0,76250.0,1984.5471,1789559999999
1789560000000,76250.0,76300.0,75423.04,75788.41,2571.68452,1789574399999
1789574400000,75788.41,76560.76,75064.82,76080.0,5061.39529,1789588799999
1789588800000,76080.0,76422.01,75632.7,76206.01,1842.29924,1789603199999
1789603200000,76206.0,76774.08,76055.34,76441.99,1903.83757,1789617599999
1789617600000,76442.0,76682.01,76187.0,76462.76,1250.01649,1789631999999
1789632000000,76462.77,76770.0,76179.0,76482.0,1544.37385,1789646399999
1789646400000,76482.0,77179.47,76000.0,76780.01,3397.26109,1789660799999
1789660800000,76780.01,76970.01,76470.4,76594.01,1893.4651,1789675199999
1789675200000,76594.01,76732.99,76259.98,76417.01,936.06809,1789689599999
1789689600000,76417.01,77597.83,76296.0,77383.47,2587.0135,1789703999999
1789704000000,77383.47,77850.0,77216.76,77798.01,3187.0833,1789718399999
1789718400000,77798.0,78490.79,77660.0,78062.0,3241.48376,1789732799999
1789732800000,78062.01,81154.67,77972.3,80725.6,9210.60084,1789747199999
1789747200000,80725.6,81400.0,80555.54,81204.76,3501.19859,1789761599999
1789761600000,81204.77,81370.57,80862.61,80883.87,2180.39963,1789775999999
1789776000000,80883.86,81741.0,80844.58,81136.01,1943.90854,1789790399999
1789790400000,81136.02,81250.0,80911.12,81100.16,1034.19685,1789804799999
1789804800000,81100.17,81528.01,81075.28,81302.63,1636.76431,1789819199999
1789819200000,81302.63,81951.0,81183.28,81636.01,2362.29081,1789833599999
1789833600000,81636.01,81914.01,81309.68,81354.01,1747.3466,1789847999999
1789848000000,81354.01,81431.13,80904.46,81249.99,1939.25995,1789862399999
1789862400000,81249.99,81330.01,80126.04,80486.38,3046.21561,1789876799999
1789876800000,80486.38,80668.15,80227.27,80311.61,1823.56121,1789891199999
1789891200000,80311.6,80581.82,80165.49,80493.2,1296.28832,1789905599999
1789905600000,80493.21,80969.84,80327.64,80912.0,1479.70799,1789919999999
1789920000000,80912.0,81497.33,80811.03,81177.32,2151.78928,1789934399999
1789934400000,81177.32,81332.01,80579.43,81178.0,1196.12052,1789948799999
1789948800000,81178.01,82100.0,80850.22,81425.23,2906.21801,1789963199999
1789963200000,81425.24,81878.98,81228.15,81720.01,2052.25945,1789977599999
1789977600000,81720.01,85299.87,81720.0,84887.19,11227.96172,1789991999999
1789992000000,84887.19,86344.7,84778.0,85927.71,8699.46929,1790006399999
1790006400000,85927.71,86895.7,85607.42,86490.11,3950.07947,1790020799999
1790020800000,86490.11,87395.67,86295.78,86620.0,3127.19078,1790035199999
1790035200000,86620.01,86625.82,85300.0,85692.83,3619.94615,1790049599999
1790049600000,85692.83,85730.23,85114.0,85344.0,3068.18216,1790063999999
1790064000000,85344.01,86377.77,85327.42,85986.62,3456.49896,1790078399999
1790078400000,85986.62,86717.6,85461.53,86413.12,4811.81229,1790092799999
1790092800000,86413.11,86660.0,86033.18,86192.44,4306.75965,1790107199999
1790107200000,86192.45,86504.17,86000.0,86208.56,2065.25892,1790121599999
1790121600000,86208.57,86975.51,86133.4,86704.27,2447.5659,1790135999999
1790136000000,86704.27,87278.54,86000.0,86124.77,3242.5481,1790150399999
1790150400000,86124.77,86264.01,85450.88,85649.95,2781.86208,1790164799999
1790164800000,85649.96,85940.32,83864.07,83996.01,8305.86458,1790179199999
1790179200000,83996.0,84565.21,83500.01,84518.0,3972.56165,1790193599999
1790193600000,84518.0,84670.01,84212.68,84397.6,1400.53046,1790207999999
1790208000000,84397.6,84494.5,83744.7,83934.01,2101.81016,1790222399999
1790222400000,83934.01,84612.01,83781.89,84524.02,2151.97484,1790236799999
1790236800000,84524.02,84622.01,82874.93,83494.58,4840.77947,1790251199999
1790251200000,83494.59,84942.45,83346.66,84418.0,4762.97566,1790265599999
1790265600000,84418.01,84924.01,83888.0,84412.65,3024.83335,1790279999999
1790280000000,84412.64,84501.16,83948.43,84410.24,1821.24623,1790294399999
1790294400000,84410.24,84888.0,84063.18,84231.19,2135.1839,1790308799999
1790308800000,84231.19,84347.86,83750.5,84043.96,2543.41689,1790323199999
1790323200000,84043.96,85255.0,84028.98,84582.64,3726.22834,1790337599999
1790337600000,84582.64,84704.0,83183.0,83796.01,6167.13766,1790351999999
1790352000000,83796.01,84115.87,83628.0,84020.01,2054.05954,1790366399999
1790366400000,84020.01,84193.39,83632.03,84099.99,1430.23886,1790380799999
1790380800000,84100.0,84145.26,83798.0,83939.0,1353.84291,1790395199999
1790395200000,83939.01,84134.01,83848.91,84116.8,1135.60376,1790409599999
1790409600000,84116.79,84336.96,83966.03,84176.0,1089.3878,1790423999999
1790424000000,84176.0,84204.88,83856.23,84155.99,1373.71015,1790438399999
1790438400000,84156.0,84174.33,83976.74,84016.63,1367.19274,1790452799999
1790452800000,84016.63,84473.58,83838.0,84433.1,1738.32729,1790467199999
1790467200000,84433.11,84571.13,84257.07,84402.15,904.87929,1790481599999
1790481600000,84402.15,84791.0,84305.35,84791.0,1476.09181,1790495999999
1790496000000,84790.99,85117.64,84590.0,84898.0,3076.57402,1790510399999
1790510400000,84898.0,85159.03,84364.0,84463.37,1856.52984,1790524799999
1790524800000,84463.38,84843.0,84342.0,84736.01,1006.22957,1790539199999
1790539200000,84736.02,84813.0,84132.0,84472.0,1294.8251,1790553599999
1790553600000,84472.01,84999.0,83875.98,83886.43,1460.40802,1790567999999
