open_time,open,high,low,close,vol,close_time
1767225600000,87648.21,87849.26,87632.74,87809.23,233.66036,1767229199999
1767229200000,87809.24,88050.0,87809.23,87960.0,241.44162,1767232799999
1767232800000,87960.01,88088.1,87895.37,87914.0,209.5586,1767236399999
1767236400000,87914.0,88015.7,87832.09,87846.02,149.08354,1767239999999
1767240000000,87846.01,87854.81,87550.43,87590.4,476.17901,1767243599999
1767243600000,87590.41,87749.34,87590.4,87704.39,283.17436,1767247199999
1767247200000,87704.39,87704.39,87636.29,87658.0,123.89656,1767250799999
1767250800000,87658.01,87673.01,87596.0,87631.88,225.27492,1767254399999
1767254400000,87631.88,87811.13,87631.87,87770.9,285.21745,1767257999999
1767258000000,87770.89,87965.25,87751.82,87877.99,210.22963,1767261599999
1767261600000,87877.99,87883.8,87799.17,87863.76,128.0738,1767265199999
1767265200000,87863.75,88024.64,87859.36,88024.64,196.30405,1767268799999
1767268800000,88024.64,88036.42,87925.28,87950.0,200.13556,1767272399999
1767272400000,87950.0,88019.82,87860.66,87922.64,155.72883,1767275999999
1767276000000,87922.63,87970.59,87810.66,87967.05,390.01531,1767279599999
1767279600000,87967.05,88113.45,87916.39,88032.18,260.01234,1767283199999
1767283200000,88032.17,88048.7,87879.03,87988.76,189.99476,1767286799999
1767286800000,87988.77,88500.0,87976.0,88316.37,476.08554,1767290399999
1767290400000,88316.38,88364.0,88105.08,88193.94,257.59166,1767293999999
1767294000000,88193.94,88431.23,88062.32,88391.15,216.66303,1767297599999
1767297600000,88391.16,88391.16,88240.0,88258.12,135.39527,1767301199999
1767301200000,88258.12,88447.84,88254.08,88377.67,168.57205,1767304799999
1767304800000,88377.67,88699.99,88377.67,88645.57,474.23054,1767308399999
1767308400000,88645.57,88919.45,88474.63,88839.04,593.05254,1767311999999
1767312000000,88839.05,88890.09,88594.39,88833.97,448.72758,1767315599999
1767315600000,88833.96,88877.12,88525.73,88639.89,242.38673,1767319199999
1767319200000,88639.89,88665.1,88379.88,88637.03,253.81052,1767322799999
1767322800000,88637.02,89120.01,88573.64,88950.65,670.13653,1767326399999
1767326400000,88950.64,88992.0,88629.0,88637.64,287.46487,1767329999999
1767330000000,88637.64,88787.56,88576.56,88765.2,223.91609,1767333599999
1767333600000,88765.21,89079.44,88715.44,88935.04,291.36506,1767337199999
1767337200000,88935.05,89068.62,88794.01,88857.61,387.57118,1767340799999
1767340800000,88857.6,89200.0,88758.94,89178.13,436.78167,1767344399999
1767344400000,89178.13,89484.06,89106.34,89467.32,885.84196,1767347999999
1767348000000,89467.32,89942.44,89451.34,89666.29,1401.67184,1767351599999
1767351600000,89666.3,89682.04,89360.0,89502.95,610.27074,1767355199999
1767355200000,89502.94,89593.17,89387.01,89400.0,388.55376,1767358799999
1767358800000,89400.0,89688.6,89309.94,89348.68,481.02676,1767362399999
1767362400000,89348.67,90135.0,88459.96,89580.0,2152.74387,1767365999999
1767366000000,89580.01,89888.0,88800.0,89418.11,1551.51931,1767369599999
1767369600000,89418.1,90800.0,89205.92,90376.05,2486.21857,1767373199999
1767373200000,90376.05,90961.81,90185.43,90370.52,1336.49207,1767376799999
1767376800000,90370.52,90555.99,89552.18,89773.1,847.22983,1767380399999
1767380400000,89773.1,90157.03,89650.0,89897.23,485.53154,1767383999999
1767384000000,89897.23,90075.0,89636.77,89740.0,538.07124,1767387599999
1767387600000,89740.01,90175.01,89728.37,90065.8,330.88507,1767391199999
1767391200000,90065.8,90400.0,90026.54,90195.37,409.68756,1767394799999
1767394800000,90195.37,90201.67,89902.16,89995.13,249.06866,1767398399999
1767398400000,89995.14,90195.77,89966.48,90156.19,298.52212,1767401999999
1767402000000,90156.19,90292.87,90077.69,90282.69,236.37769,1767405599999
1767405600000,90282.68,90418.32,90129.53,90340.0,305.59164,1767409199999
1767409200000,90340.01,90376.49,90200.0,90321.22,185.70264,1767412799999
1767412800000,90321.23,90480.62,90053.53,90170.0,411.08569,1767416399999
1767416400000,90170.01,90198.0,89924.48,90031.1,222.72398,1767419999999
1767420000000,90031.1,90134.6,89850.1,89871.05,273.68226,1767423599999
1767423600000,89871.04,89950.88,89314.01,89577.13,869.92487,1767427199999
1767427200000,89577.13,89831.9,89420.75,89670.51,458.1693,1767430799999
1767430800000,89670.51,89982.11,89634.95,89791.99,409.91195,1767434399999
1767434400000,89792.0,89881.1,89715.21,89754.47,270.67124,1767437999999
1767438000000,89754.48,89782.81,89679.14,89752.74,162.35671,1767441599999
1767441600000,89752.75,90046.0,89664.93,90039.13,374.21001,1767445199999
1767445200000,90039.12,90065.74,89920.01,90004.96,287.30479,1767448799999
1767448800000,90004.97,90249.99,89960.0,90126.02,298.26434,1767452399999
1767452400000,90126.02,90126.02,89968.0,89969.31,155.37202,1767455999999
1767456000000,89969.31,90219.67,89918.59,90105.24,200.27276,1767459599999
1767459600000,90105.24,90123.77,90026.93,90093.99,83.86507,1767463199999
1767463200000,90094.0,90197.88,90035.52,90138.87,141.85601,1767466799999
1767466800000,90138.87,90156.19,90060.0,90123.77,90.08443,1767470399999
1767470400000,90123.76,90372.4,90017.23,90372.39,179.02196,1767473999999
1767474000000,90372.4,90741.16,90318.29,90564.31,398.89642,1767477599999
1767477600000,90564.32,90738.99,90497.52,90590.04,433.4938,1767481199999
1767481200000,90590.04,90700.0,90469.39,90628.01,310.10546,1767484799999
1767484800000,90628.01,91610.17,90628.0,91341.47,1737.64298,1767488399999
1767488400000,91341.48,91475.52,91005.37,91235.37,375.26249,1767491999999
1767492000000,91235.37,91292.0,91080.06,91124.0,278.2894,1767495599999
1767495600000,91124.0,91350.0,91080.06,91236.78,328.23931,1767499199999
1767499200000,91236.78,91587.72,91183.15,91400.0,457.69348,1767502799999
1767502800000,91400.01,91490.68,91348.31,91480.04,172.44443,1767506399999
1767506400000,91480.04,91810.0,91237.54,91237.55,747.06543,1767509999999
1767510000000,91237.54,91546.31,91211.25,91532.0,456.46078,1767513599999
1767513600000,91532.0,91536.0,91174.46,91374.99,620.80815,1767517199999
1767517200000,91374.99,91485.21,91244.29,91468.28,941.08164,1767520799999
1767520800000,91468.28,91620.5,91422.67,91600.62,665.01473,1767524399999
1767524400000,91600.62,91600.62,91236.19,91300.0,369.35457,1767527999999
1767528000000,91300.01,91360.0,91084.0,91150.98,454.56858,1767531599999
1767531600000,91150.99,91276.94,91014.1,91264.0,272.68922,1767535199999
1767535200000,91264.0,91419.22,91146.86,91336.39,272.07953,1767538799999
1767538800000,91336.39,91381.6,91096.27,91334.94,316.98098,1767542399999
1767542400000,91334.94,91455.9,91244.6,91321.0,326.44422,1767545999999
1767546000000,91321.0,91436.21,91306.77,91335.73,137.11227,1767549599999
1767549600000,91335.72,91335.73,91000.0,91205.39,304.66859,1767553199999
1767553200000,91205.38,91205.39,90863.47,91138.07,372.30446,1767556799999
1767556800000,91138.06,91349.38,91132.0,91313.94,147.52188,1767560399999
1767560400000,91313.93,91421.96,91182.71,91279.99,135.33795,1767563999999
1767564000000,91279.99,91401.98,91150.47,91220.01,149.03275,1767567599999
1767567600000,91220.0,91590.0,91220.0,91529.73,388.43188,1767571199999
1767571200000,91529.74,92426.82,91514.81,92405.46,2061.87264,1767574799999
1767574800000,92405.46,93388.0,92280.69,92967.28,1977.50385,1767578399999
1767578400000,92967.29,93157.99,92724.98,93033.11,913.68581,1767581999999
1767582000000,93033.11,93204.7,92871.26,92878.22,595.50021,1767585599999
1767585600000,92878.22,92947.87,92330.46,92595.07,588.83873,1767589199999
1767589200000,92595.07,92720.73,92340.39,92359.99,400.538,1767592799999
1767592800000,92359.99,92500.0,92155.0,92491.81,320.70875,1767596399999
1767596400000,92491.82,92644.31,92484.72,92520.63,528.78142,1767599999999
1767600000000,92520.63,92774.28,92446.0,92467.53,603.26757,1767603599999
1767603600000,92467.54,92845.53,92320.17,92688.6,645.33375,1767607199999
1767607200000,92688.61,93151.0,92679.12,93080.0,681.83063,1767610799999
1767610800000,93080.0,93151.0,92883.03,93134.26,567.75651,1767614399999
1767614400000,93134.25,93206.2,92752.6,92874.28,453.5887,1767617999999
1767618000000,92874.28,93020.0,92535.41,92742.74,486.24906,1767621599999
1767621600000,92742.73,93666.0,92407.13,93428.0,1355.05943,1767625199999
1767625200000,93428.0,94000.0,93170.95,93957.73,1929.19905,1767628799999
1767628800000,93957.74,94076.35,93586.65,93701.31,1298.79178,1767632399999
1767632400000,93701.3,94477.69,93250.0,94317.84,1154.3191,1767635999999
1767636000000,94317.84,94500.0,93920.0,94449.62,974.95833,1767639599999
1767639600000,94449.61,94500.0,94131.44,94303.4,762.3129,1767643199999
1767643200000,94303.4,94789.08,94038.0,94177.99,1133.04005,1767646799999
1767646800000,94178.0,94227.4,93800.0,94095.78,474.75745,1767650399999
1767650400000,94095.78,94406.0,94012.3,94171.22,370.72137,1767653999999
1767654000000,94171.21,94194.01,93859.7,93859.71,394.98075,1767657599999
1767657600000,93859.71,93993.07,93555.93,93816.7,522.32093,1767661199999
1767661200000,93816.7,94161.86,93739.37,93771.82,384.14412,1767664799999
1767664800000,93771.82,93870.66,93529.18,93620.6,336.13865,1767668399999
1767668400000,93620.6,93943.88,93601.96,93769.24,285.34343,1767671999999
1767672000000,93769.25,94000.0,93734.25,93801.07,231.47521,1767675599999
1767675600000,93801.07,93816.0,93572.11,93599.99,407.00036,1767679199999
1767679200000,93599.99,93951.07,93538.83,93780.01,538.64562,1767682799999
1767682800000,93780.01,93782.6,93137.98,93255.08,860.27324,1767686399999
1767686400000,93255.08,93420.11,93167.29,93240.17,355.74138,1767689999999
1767690000000,93240.18,93569.61,93229.37,93462.72,327.55172,1767693599999
1767693600000,93462.72,93654.49,93413.2,93579.56,273.28705,1767697199999
1767697200000,93579.56,93895.0,93571.43,93840.0,403.66589,1767700799999
1767700800000,93839.99,93981.1,93784.3,93872.16,338.69848,1767704399999
1767704400000,93872.17,93872.17,93636.75,93716.53,315.19532,1767707999999
1767708000000,93716.53,94444.44,93531.28,93836.81,1676.33623,1767711599999
1767711600000,93836.81,94311.22,93352.01,93648.99,1417.41756,1767715199999
1767715200000,93649.0,93775.6,92336.0,92692.32,2208.46324,1767718799999
1767718800000,92692.32,92773.05,91539.68,91589.24,1784.74974,1767722399999
1767722400000,91589.23,92221.52,91262.94,92034.09,1427.50922,1767725999999
1767726000000,92034.09,92361.82,91902.0,92104.5,733.78195,1767729599999
1767729600000,92104.49,92698.04,92098.29,92505.32,775.34743,1767733199999
1767733200000,92505.31,93845.03,92372.4,93258.05,1874.69965,1767736799999
1767736800000,93258.04,93533.78,92966.75,93362.68,713.98511,1767740399999
1767740400000,93362.67,93792.17,93333.32,93747.97,354.64676,1767743999999
1767744000000,93747.97,93747.97,92626.31,92709.52,843.19542,1767747599999
1767747600000,92709.36,92902.52,92330.33,92435.35,936.694,1767751199999
1767751200000,92435.36,93060.0,92236.07,92949.77,598.87784,1767754799999
1767754800000,92949.77,93108.69,92747.12,92815.83,294.44853,1767758399999
1767758400000,92815.83,92930.35,92610.0,92670.29,319.36155,1767761999999
1767762000000,92670.3,92847.16,92500.0,92529.54,227.33033,1767765599999
1767765600000,92529.53,92899.57,92523.75,92614.84,240.63686,1767769199999
1767769200000,92614.84,92895.56,92614.83,92879.13,256.24423,1767772799999
1767772800000,92879.14,92961.53,92698.09,92718.9,263.5062,1767776399999
1767776400000,92718.9,92718.91,91600.0,91716.14,1258.05952,1767779999999
1767780000000,91716.14,92000.0,91600.0,91975.31,538.05487,1767783599999
1767783600000,91975.31,92253.16,91928.21,92087.21,542.17686,1767787199999
1767787200000,92087.21,92176.98,91977.73,91997.86,317.95554,1767790799999
1767790800000,91997.85,92299.4,91864.52,92044.67,443.04448,1767794399999
1767794400000,92044.67,92135.1,91353.39,91959.04,1427.59818,1767797999999
1767798000000,91959.05,92000.0,91024.0,91349.96,1434.72957,1767801599999
1767801600000,91349.95,91790.0,91150.0,91264.54,677.82559,1767805199999
1767805200000,91264.55,91698.15,91026.01,91252.14,548.07377,1767808799999
1767808800000,91252.13,91441.35,90733.14,90901.39,816.16719,1767812399999
1767812400000,90901.38,91280.07,90675.52,91186.07,611.7426,1767815999999
1767816000000,91186.07,91300.75,90778.32,91047.49,438.79062,1767819599999
1767819600000,91047.49,91231.9,91035.77,91089.5,245.38775,1767823199999
1767823200000,91089.5,91383.14,90873.08,91180.85,362.9278,1767826799999
1767826800000,91180.85,91489.6,91004.1,91364.16,633.66095,1767830399999
1767830400000,91364.16,91529.72,91072.16,91394.71,369.48198,1767833999999
1767834000000,91394.7,91687.99,91300.0,91428.4,306.46699,1767837599999
1767837600000,91428.39,91473.0,90764.0,90956.49,571.10105,1767841199999
1767841200000,90956.5,91142.51,90616.36,90813.4,547.79189,1767844799999
1767844800000,90813.4,91168.0,90700.0,91022.75,357.33917,1767848399999
1767848400000,91022.74,91188.0,90786.14,90829.58,295.83835,1767851999999
1767852000000,90829.58,90872.0,89897.01,89898.01,1360.25581,1767855599999
1767855600000,89898.0,90588.0,89641.84,90548.02,1094.34311,1767859199999
1767859200000,90548.02,90917.22,90155.05,90227.25,841.98085,1767862799999
1767862800000,90227.25,90374.78,89956.0,90010.0,514.04982,1767866399999
1767866400000,90009.99,90493.18,89777.25,90410.1,526.53398,1767869999999
1767870000000,90409.61,90487.31,90022.26,90226.77,548.71612,1767873599999
1767873600000,90226.77,90240.85,89781.96,89989.21,992.96975,1767877199999
1767877200000,89989.2,90105.08,89861.59,89962.14,441.44929,1767880799999
1767880800000,89962.14,90171.0,89311.0,90024.01,1521.76403,1767884399999
1767884400000,90024.0,90847.52,89820.89,90781.57,1428.07575,1767887999999
1767888000000,90781.57,90926.84,90312.89,90926.84,855.68064,1767891599999
1767891600000,90926.84,91440.0,90842.0,91366.39,874.20589,1767895199999
1767895200000,91366.39,91469.0,90952.0,91117.35,517.40477,1767898799999
1767898800000,91117.35,91333.0,90812.98,90937.41,409.298,1767902399999
1767902400000,90937.42,90996.02,90568.11,90927.62,476.53275,1767905999999
1767906000000,90927.63,91336.63,90917.7,91272.96,629.96765,1767909599999
1767909600000,91272.96,91493.0,91033.11,91231.9,417.67218,1767913199999
1767913200000,91231.89,91336.63,91046.87,91099.99,233.87135,1767916799999
1767916800000,91100.0,91307.72,91058.7,91290.33,179.40576,1767920399999
1767920400000,91290.34,91632.1,90850.0,91056.19,545.56598,1767923999999
1767924000000,91056.2,91481.19,91023.0,91038.38,431.1021,1767927599999
1767927600000,91038.39,91271.73,90941.44,91220.23,417.7946,1767931199999
1767931200000,91220.24,91236.72,90933.3,91012.8,322.36121,1767934799999
1767934800000,91012.81,91119.81,90882.71,91091.82,292.21625,1767938399999
1767938400000,91091.82,91146.47,90989.29,91137.58,209.50276,1767941999999
1767942000000,91137.58,91137.58,90738.34,90741.84,669.4759,1767945599999
1767945600000,90741.85,90843.77,89694.66,90033.52,1141.88324,1767949199999
1767949200000,90033.52,90481.2,90014.6,90338.46,507.45187,1767952799999
1767952800000,90338.47,90558.01,90283.47,90485.87,396.79277,1767956399999
1767956400000,90485.87,90691.32,90404.21,90463.11,540.59585,1767959999999
1767960000000,90463.12,90603.53,90235.13,90449.23,690.17113,1767963599999
1767963600000,90449.22,90938.62,90405.15,90607.66,722.68305,1767967199999
1767967200000,90607.66,90666.91,89940.0,90150.0,840.37741,1767970799999
1767970800000,90150.01,92082.55,89850.0,91176.47,3441.12901,1767974399999
1767974400000,91176.48,91783.32,91175.79,91623.89,1143.47636,1767977999999
1767978000000,91623.89,91680.41,91012.0,91422.23,688.89123,1767981599999
1767981600000,91422.23,91507.82,90340.0,90820.31,551.14415,1767985199999
1767985200000,90820.3,90820.3,90190.0,90332.15,578.57871,1767988799999
1767988800000,90332.14,90580.62,90235.0,90303.36,313.31668,1767992399999
1767992400000,90303.37,90643.81,90113.87,90541.97,207.05117,1767995999999
1767996000000,90541.98,90723.06,90353.91,90630.08,575.52178,1767999599999
1767999600000,90630.08,90732.01,90604.58,90641.28,183.79042,1768003199999
1768003200000,90641.27,90693.89,90527.99,90600.0,151.21516,1768006799999
1768006800000,90600.0,90732.2,90587.0,90688.0,113.18366,1768010399999
1768010400000,90688.0,90782.23,90607.02,90697.17,139.70054,1768013999999
1768014000000,90697.17,90697.18,90554.26,90626.14,124.89032,1768017599999
1768017600000,90626.15,90649.99,90408.23,90448.3,164.87324,1768021199999
1768021200000,90448.3,90617.62,90431.45,90603.52,84.41081,1768024799999
1768024800000,90603.52,90603.53,90474.35,90505.47,74.15884,1768028399999
1768028400000,90505.48,90682.7,90505.47,90678.5,168.18359,1768031999999
1768032000000,90678.5,90773.33,90618.28,90661.95,288.33994,1768035599999
1768035600000,90661.94,90768.97,90630.09,90768.96,158.69299,1768039199999
1768039200000,90768.97,90832.0,90728.45,90828.0,126.67512,1768042799999
1768042800000,90828.0,90828.0,90708.25,90723.86,73.68827,1768046399999
1768046400000,90723.87,90788.78,90665.75,90733.71,94.62022,1768049999999
1768050000000,90733.71,90772.78,90633.86,90656.51,82.9916,1768053599999
1768053600000,90656.52,90658.69,90538.46,90591.01,144.35468,1768057199999
1768057200000,90591.01,90665.76,90584.17,90665.75,92.51513,1768060799999
1768060800000,90665.76,90725.74,90609.56,90676.66,142.80125,1768064399999
1768064400000,90676.66,90746.0,90544.96,90544.96,152.86625,1768067999999
1768068000000,90544.96,90595.63,90504.55,90595.62,158.53961,1768071599999
1768071600000,90595.62,90631.37,90580.61,90626.54,75.9405,1768075199999
1768075200000,90626.54,90659.03,90571.0,90572.86,99.38243,1768078799999
1768078800000,90572.86,90572.86,90500.38,90510.74,144.94285,1768082399999
1768082400000,90510.75,90600.0,90404.0,90427.76,161.64189,1768085999999
1768086000000,90427.76,90567.15,90427.75,90504.7,85.50833,1768089599999
1768089600000,90504.7,90650.75,90451.1,90640.44,114.3636,1768093199999
1768093200000,90640.44,90675.53,90558.95,90628.23,83.46973,1768096799999
1768096800000,90628.24,90731.9,90615.34,90699.0,123.06702,1768100399999
1768100400000,90699.0,90737.95,90631.64,90733.5,142.98004,1768103999999
1768104000000,90733.49,90785.48,90661.53,90785.48,141.85581,1768107599999
1768107600000,90785.48,90850.0,90740.0,90774.43,128.06651,1768111199999
1768111200000,90774.42,90796.83,90585.34,90744.0,169.88277,1768114799999
1768114800000,90744.0,90749.0,90675.52,90710.79,107.03833,1768118399999
1768118400000,90710.8,90816.0,90610.27,90790.01,261.70108,1768121999999
1768122000000,90790.01,90815.44,90675.6,90740.02,180.86038,1768125599999
1768125600000,90740.01,90740.02,90692.79,90736.67,123.08314,1768129199999
1768129200000,90736.66,90756.0,90695.05,90754.99,128.73157,1768132799999
1768132800000,90754.99,91020.0,90720.21,90938.13,211.42505,1768136399999
1768136400000,90938.12,90972.33,90821.47,90849.45,154.00693,1768139999999
1768140000000,90849.45,91191.5,90849.45,91127.16,282.45011,1768143599999
1768143600000,91127.17,91153.99,90708.25,90875.79,496.14604,1768147199999
1768147200000,90875.79,91283.89,90875.79,91039.15,389.24788,1768150799999
1768150800000,91039.14,91147.82,90904.07,90986.68,234.85682,1768154399999
1768154400000,90986.68,90986.69,90793.43,90886.68,177.99755,1768157999999
1768158000000,90886.68,90922.08,90673.3,90690.8,159.3051,1768161599999
1768161600000,90690.81,90743.72,90370.85,90708.26,497.31755,1768165199999
1768165200000,90708.25,90838.69,90590.61,90757.06,217.97309,1768168799999
1768168800000,90757.07,90757.07,90453.36,90526.02,255.60666,1768172399999
1768172400000,90526.01,91041.79,90236.0,91013.65,695.70318,1768175999999
1768176000000,91013.66,91258.66,90700.29,91258.65,740.6183,1768179599999
1768179600000,91258.66,91799.0,91086.0,91412.44,973.78286,1768183199999
1768183200000,91412.44,92384.4,91374.0,92203.56,1103.07593,1768186799999
1768186800000,92203.56,92519.95,91808.11,91808.12,968.99203,1768190399999
1768190400000,91808.12,92290.81,91741.82,92175.78,651.2656,1768193999999
1768194000000,92175.79,92267.66,92037.51,92111.86,274.66206,1768197599999
1768197600000,92111.87,92207.01,91805.43,91836.34,279.64865,1768201199999
1768201200000,91836.35,91970.0,91381.36,91408.09,500.6572,1768204799999
1768204800000,91408.09,91630.13,90388.89,90752.27,1298.94335,1768208399999
1768208400000,90752.28,90942.85,90648.15,90685.64,605.22242,1768211999999
1768212000000,90685.65,90793.18,90370.0,90433.46,399.68146,1768215599999
1768215600000,90433.45,90824.86,90425.36,90620.96,457.29481,1768219199999
1768219200000,90620.95,90863.74,90615.66,90789.37,244.81991,1768222799999
1768222800000,90789.37,90829.73,90538.0,90636.01,327.61952,1768226399999
1768226400000,90636.0,91131.39,90128.44,90908.95,1300.15719,1768229999999
1768230000000,90908.95,91665.0,90705.91,91665.0,1031.47333,1768233599999
1768233600000,91664.99,92332.0,91567.81,92123.52,1578.09092,1768237199999
1768237200000,92123.51,92306.62,91000.53,91522.83,1208.45838,1768240799999
1768240800000,91522.83,91943.26,91411.79,91691.8,505.47425,1768244399999
1768244400000,91691.8,91880.0,91434.8,91861.27,337.94969,1768247999999
1768248000000,91861.27,92046.23,91417.99,91484.86,374.00813,1768251599999
1768251600000,91484.87,91502.37,90938.2,91055.17,398.88227,1768255199999
1768255200000,91055.17,91441.34,91052.21,91244.99,313.86446,1768258799999
1768258800000,91244.99,91311.68,91059.88,91296.2,313.43996,1768262399999
1768262400000,91296.2,91546.08,91249.0,91482.74,334.56358,1768265999999
1768266000000,91482.74,91546.08,91042.66,91185.35,442.20574,1768269599999
1768269600000,91185.34,91382.82,91097.8,91118.3,271.94314,1768273199999
1768273200000,91118.3,91453.45,91118.29,91408.91,263.81213,1768276799999
1768276800000,91408.9,91650.81,91350.71,91515.16,272.26771,1768280399999
1768280400000,91515.17,92255.94,91472.36,91920.99,991.25943,1768283999999
1768284000000,91921.0,92275.38,91806.19,92184.36,600.50125,1768287599999
1768287600000,92184.37,92212.48,91905.33,91942.0,704.5617,1768291199999
1768291200000,91941.99,92250.66,91924.27,92165.9,528.9889,1768294799999
1768294800000,92165.89,92672.11,91950.0,92269.42,1215.58278,1768298399999
1768298400000,92269.42,92350.03,92021.15,92128.62,394.76711,1768301999999
1768302000000,92128.63,92261.04,91972.44,92000.74,405.87783,1768305599999
1768305600000,92000.73,92153.84,91910.25,92109.35,280.96679,1768309199999
1768309200000,92109.35,92606.42,91978.66,92076.12,1336.2017,1768312799999
1768312800000,92076.11,92915.12,91787.61,92462.03,1289.79234,1768316399999
1768316400000,92462.03,93450.0,92132.66,93449.99,1429.93474,1768319999999
1768320000000,93449.99,93760.0,93078.31,93389.63,1920.2444,1768323599999
1768323600000,93389.63,93498.72,93100.0,93241.99,796.01222,1768327199999
1768327200000,93241.99,93871.29,93198.09,93633.71,950.82758,1768330799999
1768330800000,93633.71,94231.82,93475.07,94226.84,1085.51387,1768334399999
1768334400000,94226.85,94500.0,94113.13,94408.7,1604.35758,1768337999999
1768338000000,94408.7,94507.99,94062.0,94087.23,1173.77039,1768341599999
1768341600000,94087.23,96495.0,94087.23,95757.21,3452.31954,1768345199999
1768345200000,95757.19,96107.97,95055.01,95414.0,1275.24237,1768348799999
1768348800000,95413.99,95647.91,95154.04,95236.84,662.80362,1768352399999
1768352400000,95236.84,95582.0,95116.03,95245.6,749.06956,1768355999999
1768356000000,95245.61,95562.0,95190.06,95347.46,588.58584,1768359599999
1768359600000,95347.47,95722.01,95285.5,95720.99,381.4409,1768363199999
1768363200000,95720.99,95799.22,95224.44,95245.16,460.39311,1768366799999
1768366800000,95245.17,95270.25,94972.0,95005.0,669.59606,1768370399999
1768370400000,95005.01,95028.88,94559.28,95028.87,859.31999,1768373999999
1768374000000,95028.88,95233.99,94850.0,95205.1,884.32504,1768377599999
1768377600000,95205.11,95315.15,94900.0,94900.01,380.43239,1768381199999
1768381200000,94900.01,95186.51,94870.01,95088.24,468.07232,1768384799999
1768384800000,95088.24,95291.98,94888.0,95091.75,526.44388,1768388399999
1768388400000,95091.49,95091.49,94737.95,94792.99,381.08629,1768391999999
1768392000000,94793.0,95154.78,94680.67,95077.56,424.37035,1768395599999
1768395600000,95077.56,95241.7,94890.68,94998.19,454.3002,1768399199999
1768399200000,94998.2,96827.0,94982.56,96493.15,2348.26402,1768402799999
1768402800000,96493.14,97084.68,96188.25,96764.57,2804.69067,1768406399999
1768406400000,96764.57,97693.66,96730.77,97293.24,2448.97546,1768409999999
1768410000000,97293.23,97777.0,96800.0,96956.07,2017.29615,1768413599999
1768413600000,96956.07,97110.0,96246.56,96806.55,1150.91366,1768417199999
1768417200000,96806.54,97640.68,96688.36,97267.42,1063.44638,1768420799999
1768420800000,97267.42,97924.49,97209.25,97655.28,1157.33493,1768424399999
1768424400000,97655.27,97717.72,97390.0,97564.0,494.72849,1768427999999
1768428000000,97563.99,97587.34,96772.02,96878.34,1038.79474,1768431599999
1768431600000,96878.34,97371.33,96865.34,96951.78,437.21023,1768435199999
1768435200000,96951.78,97000.0,96500.0,96658.03,798.45682,1768438799999
1768438800000,96658.03,96959.09,96297.32,96445.31,701.30226,1768442399999
1768442400000,96445.32,96617.06,96095.8,96339.91,530.33501,1768445999999
1768446000000,96339.92,96393.58,95777.0,95985.1,791.5879,1768449599999
1768449600000,95985.11,96387.42,95952.89,96316.27,483.75975,1768453199999
1768453200000,96316.27,96510.57,96247.64,96429.71,419.70339,1768456799999
1768456800000,96429.71,96588.45,96172.41,96243.78,473.63021,1768460399999
1768460400000,96243.79,96760.15,96191.79,96630.48,679.19921,1768463999999
1768464000000,96630.47,96662.0,96289.98,96643.0,760.49437,1768467599999
1768467600000,96643.01,97193.34,96559.19,97040.75,1029.77719,1768471199999
1768471200000,97040.75,97070.39,96750.0,96818.68,414.89635,1768474799999
1768474800000,96818.68,96935.39,96580.03,96581.08,588.17595,1768478399999
1768478400000,96581.07,96994.65,96525.24,96981.65,332.6743,1768481999999
1768482000000,96981.66,97032.99,96620.12,96846.75,496.85903,1768485599999
1768485600000,96846.74,97165.03,95592.69,96063.43,1629.09421,1768489199999
1768489200000,96063.43,96791.67,95435.91,96737.04,2359.5541,1768492799999
1768492800000,96737.04,96969.99,96272.72,96738.51,1973.14331,1768496399999
1768496400000,96738.5,97163.0,96426.18,96636.35,2398.07402,1768499999999
1768500000000,96636.35,96650.51,95745.25,95835.0,2117.40598,1768503599999
1768503600000,95835.01,95920.31,95183.13,95516.01,1380.26708,1768507199999
1768507200000,95516.01,95660.0,95134.48,95260.67,524.36978,1768510799999
1768510800000,95260.68,95631.08,95196.0,95584.35,297.62442,1768514399999
1768514400000,95584.36,95871.0,95488.91,95583.87,269.05055,1768517999999
1768518000000,95583.87,95718.31,95378.58,95604.8,276.3785,1768521599999
1768521600000,95604.81,95828.01,95570.96,95633.5,207.12295,1768525199999
1768525200000,95633.5,95855.12,95420.75,95664.18,401.56495,1768528799999
1768528800000,95664.17,95687.47,95393.9,95504.4,384.29986,1768532399999
1768532400000,95504.4,95586.6,95321.58,95354.69,214.15334,1768535999999
1768536000000,95354.69,95582.41,95133.03,95261.29,700.90747,1768539599999
1768539600000,95261.3,95676.73,95242.18,95660.37,746.7663,1768543199999
1768543200000,95660.38,95816.83,95534.0,95741.21,443.54681,1768546799999
1768546800000,95741.22,95788.34,95489.6,95653.16,403.70542,1768550399999
1768550400000,95653.16,95871.47,95570.68,95676.0,594.74259,1768553999999
1768554000000,95676.01,95788.17,95601.5,95613.53,177.27273,1768557599999
1768557600000,95613.53,95637.0,95280.51,95307.35,538.64006,1768561199999
1768561200000,95307.35,95470.0,95261.43,95429.09,303.73259,1768564799999
1768564800000,95429.09,95569.0,95353.5,95458.55,289.70117,1768568399999
1768568400000,95458.55,95579.0,95288.05,95448.87,277.92918,1768571999999
1768572000000,95448.86,95809.08,95192.35,95192.36,624.83754,1768575599999
1768575600000,95192.36,95663.15,94293.46,94585.98,1821.66491,1768579199999
1768579200000,94585.99,94990.73,94508.0,94872.55,811.28371,1768582799999
1768582800000,94872.55,95130.49,94555.88,95076.08,513.23212,1768586399999
1768586400000,95076.09,95215.74,94960.04,95001.19,353.51337,1768589999999
1768590000000,95001.19,95055.31,94841.31,95002.09,176.56522,1768593599999
1768593600000,95002.09,95561.5,94682.0,95553.6,414.87593,1768597199999
1768597200000,95553.61,95600.0,95359.69,95523.52,341.14068,1768600799999
1768600800000,95523.52,95574.0,95260.64,95514.0,283.10566,1768604399999
1768604400000,95513.99,95577.89,95433.83,95550.94,143.41004,1768607999999
1768608000000,95550.94,95578.2,95433.94,95465.97,129.13356,1768611599999
1768611600000,95465.97,95530.0,95384.86,95399.93,104.26658,1768615199999
1768615200000,95399.94,95412.86,95200.0,95371.35,155.12882,1768618799999
1768618800000,95371.36,95384.87,95270.79,95372.95,132.4524,1768622399999
1768622400000,95372.94,95372.95,95260.64,95303.64,131.52683,1768625999999
1768626000000,95303.63,95373.64,95275.05,95323.67,103.95781,1768629599999
1768629600000,95323.68,95347.89,95186.29,95240.07,125.70578,1768633199999
1768633200000,95240.08,95240.08,95041.7,95101.67,197.34545,1768636799999
1768636800000,95101.67,95260.65,95021.67,95247.51,164.49559,1768640399999
1768640400000,95247.51,95290.08,95176.9,95260.65,104.24877,1768643999999
1768644000000,95260.65,95271.21,95116.47,95116.48,127.2407,1768647599999
1768647600000,95116.48,95323.86,95073.57,95323.86,218.85009,1768651199999
1768651200000,95323.85,95412.84,95243.63,95251.15,215.62364,1768654799999
1768654800000,95251.15,95438.33,95198.81,95438.32,227.83624,1768658399999
1768658400000,95438.32,95544.07,95357.02,95471.18,259.56584,1768661999999
1768662000000,95471.17,95639.45,95433.81,95573.64,747.96943,1768665599999
1768665600000,95573.65,95576.14,95212.25,95315.23,330.67135,1768669199999
1768669200000,95315.23,95440.8,95295.17,95357.24,141.2049,1768672799999
1768672800000,95357.23,95465.98,95346.0,95428.25,100.5073,1768676399999
1768676400000,95428.25,95428.25,95290.7,95291.38,64.10708,1768679999999
1768680000000,95291.37,95383.84,95291.36,95378.18,65.25873,1768683599999
1768683600000,95378.19,95412.86,95283.99,95302.94,114.01955,1768687199999
1768687200000,95302.94,95302.94,95050.0,95170.97,209.18455,1768690799999
1768690800000,95170.98,95208.96,95123.79,95147.77,110.50038,1768694399999
1768694400000,95147.77,95250.0,95067.83,95112.47,179.02691,1768697999999
1768698000000,95112.48,95112.48,94876.33,94966.9,243.7208,1768701599999
1768701600000,94966.89,95069.07,94880.53,95022.01,148.4607,1768705199999
1768705200000,95022.01,95205.74,95022.01,95200.29,149.82604,1768708799999
1768708800000,95200.29,95200.3,95075.3,95095.68,90.87843,1768712399999
1768712400000,95095.68,95260.0,95059.27,95188.55,176.45319,1768715999999
1768716000000,95188.54,95199.62,95144.3,95171.43,144.72253,1768719599999
1768719600000,95171.44,95183.3,95028.27,95028.27,293.23856,1768723199999
1768723200000,95028.27,95195.0,95021.44,95183.93,124.9626,1768726799999
1768726800000,95183.93,95295.35,95149.18,95275.73,312.28376,1768730399999
1768730400000,95275.73,95295.39,95088.0,95180.66,344.24187,1768733999999
1768734000000,95180.67,95180.67,95061.65,95168.06,178.51779,1768737599999
1768737600000,95168.06,95178.09,95081.32,95113.25,122.90856,1768741199999
1768741200000,95113.24,95205.4,94910.0,95146.82,328.31194,1768744799999
1768744800000,95146.82,95376.24,94928.51,94955.79,530.3533,1768748399999
1768748400000,94955.78,95125.47,94915.21,95119.28,195.60522,1768751999999
1768752000000,95119.27,95186.3,95073.02,95169.35,105.98121,1768755599999
1768755600000,95169.35,95280.24,95140.61,95274.36,147.92595,1768759199999
1768759200000,95274.35,95521.71,95180.9,95439.6,407.32335,1768762799999
1768762800000,95439.6,95514.0,95333.99,95380.99,260.23192,1768766399999
1768766400000,95380.99,95441.22,95285.2,95304.01,77.90234,1768769999999
1768770000000,95304.01,95430.45,95284.23,95430.44,81.51777,1768773599999
1768773600000,95430.45,95531.12,95412.86,95498.61,319.96465,1768777199999
1768777200000,95498.6,95498.6,93615.4,93673.14,1930.8188,1768780799999
1768780800000,93673.14,93673.14,91910.2,92711.02,4221.82713,1768784399999
1768784400000,92711.02,92875.68,92247.97,92586.65,910.87085,1768787999999
1768788000000,92586.65,92672.0,92383.94,92566.8,452.44264,1768791599999
1768791600000,92566.8,92776.83,92500.0,92690.09,556.40187,1768795199999
1768795200000,92690.08,92748.32,92502.58,92665.0,506.12587,1768798799999
1768798800000,92665.0,92811.11,92504.24,92511.77,357.86057,1768802399999
1768802400000,92511.77,92629.26,92385.07,92583.27,427.02868,1768805999999
1768806000000,92583.27,92861.41,92562.0,92841.62,421.22196,1768809599999
1768809600000,92841.62,93368.44,92702.56,93259.09,865.57873,1768813199999
1768813200000,93259.09,93268.12,92950.0,93060.06,474.82948,1768816799999
1768816800000,93060.06,93081.3,92900.0,93064.88,263.24721,1768820399999
1768820400000,93064.88,93317.29,92969.94,93191.96,305.33086,1768823999999
1768824000000,93191.96,93226.44,92979.48,93070.6,586.84126,1768827599999
1768827600000,93070.6,93151.37,92807.34,93031.86,326.88604,1768831199999
1768831200000,93031.85,93039.6,92700.0,92812.43,417.89495,1768834799999
1768834800000,92812.43,93081.0,92812.43,93068.62,467.20202,1768838399999
1768838400000,93068.62,93420.0,92994.0,93301.86,380.00206,1768841999999
1768842000000,93301.85,93389.45,93150.0,93242.99,357.60248,1768845599999
1768845600000,93242.99,93259.39,92930.0,93065.84,235.78814,1768849199999
1768849200000,93065.83,93154.32,93000.0,93105.85,179.79114,1768852799999
1768852800000,93105.85,93274.82,93084.15,93141.94,178.48795,1768856399999
1768856400000,93141.95,93342.36,93000.03,93003.42,240.63302,1768859999999
1768860000000,93003.41,93060.0,92565.78,92565.78,374.00927,1768863599999
1768863600000,92565.78,92750.0,92158.48,92631.0,787.62329,1768867199999
1768867200000,92630.99,92870.0,92370.25,92717.9,325.00059,1768870799999
1768870800000,92717.9,92867.28,92525.8,92716.48,251.70499,1768874399999
1768874400000,92716.47,92729.94,92370.68,92552.16,354.36518,1768877999999
1768878000000,92552.15,92650.0,92264.7,92434.92,329.07012,1768881599999
1768881600000,92434.93,92470.37,92000.01,92062.61,363.95619,1768885199999
1768885200000,92062.62,92084.8,91294.11,91624.18,1546.22756,1768888799999
1768888800000,91624.19,91625.31,90771.78,90929.98,1830.88581,1768892399999
1768892400000,90929.98,91319.05,90862.83,91177.98,907.06352,1768895999999
1768896000000,91177.99,91255.7,90693.0,91116.0,1083.7965,1768899599999
1768899600000,91116.0,91116.0,90899.0,91036.25,381.95269,1768903199999
1768903200000,91036.25,91294.11,90998.08,91269.58,415.15786,1768906799999
1768906800000,91269.57,91442.88,91214.36,91218.99,373.22315,1768910399999
1768910400000,91218.99,91318.94,91027.74,91280.31,528.8374,1768913999999
1768914000000,91280.31,91289.64,90777.0,90958.88,722.76892,1768917599999
1768917600000,90958.89,91371.11,90272.53,90531.15,1809.16854,1768921199999
1768921200000,90531.15,90808.04,89859.06,90684.95,1977.53179,1768924799999
1768924800000,90684.95,90974.49,90023.99,90165.51,895.41274,1768928399999
1768928400000,90165.5,90505.68,89431.1,89775.46,1552.7044,1768931999999
1768932000000,89775.47,89958.0,89395.07,89501.0,885.28879,1768935599999
1768935600000,89501.0,89795.45,89292.48,89725.76,781.3523,1768939199999
1768939200000,89725.77,89854.2,89400.0,89733.99,735.02193,1768942799999
1768942800000,89734.0,89829.11,89428.0,89476.01,445.56945,1768946399999
1768946400000,89476.01,89645.56,87900.0,88509.18,2094.09769,1768949999999
1768950000000,88509.18,88534.21,87895.98,88427.66,1417.16799,1768953599999
1768953600000,88427.66,88982.0,88250.0,88936.01,1052.93124,1768957199999
1768957200000,88936.01,89165.2,88850.0,89020.91,502.12138,1768960799999
1768960800000,89020.91,89381.86,89000.0,89048.57,884.94036,1768964399999
1768964400000,89048.56,89598.8,89046.0,89432.33,540.55763,1768967999999
1768968000000,89432.33,89630.0,89354.72,89448.89,300.28776,1768971599999
1768971600000,89448.89,90120.44,89437.25,89950.04,554.5838,1768975199999
1768975200000,89950.03,89950.04,89491.96,89649.62,369.00614,1768978799999
1768978800000,89649.63,89767.29,89093.28,89213.95,825.75082,1768982399999
1768982400000,89213.96,89385.4,89000.0,89197.35,723.12982,1768985999999
1768986000000,89197.36,89493.46,89080.0,89112.3,307.89975,1768989599999
1768989600000,89112.3,89395.08,89080.0,89248.99,328.36365,1768993199999
1768993200000,89248.99,89382.0,88700.0,88789.99,651.53578,1768996799999
1768996800000,88789.99,88849.39,88196.72,88736.31,1271.35096,1769000399999
1769000400000,88736.31,89020.32,88558.67,88672.64,735.83253,1769003999999
1769004000000,88672.64,89993.88,88611.15,89805.43,1602.75733,1769007599999
1769007600000,89805.43,90574.0,89759.59,90288.04,1074.26054,1769011199999
1769011200000,90288.04,90360.0,87590.0,87602.4,2075.92566,1769014799999
1769014800000,87602.39,88156.47,87263.53,87932.38,1818.07575,1769018399999
1769018400000,87932.37,88657.23,87585.05,88485.43,743.38561,1769021999999
1769022000000,88485.43,90450.0,88280.55,90355.56,1787.81485,1769025599999
1769025600000,90355.56,90377.0,89392.0,90214.01,1099.33527,1769029199999
1769029200000,90214.02,90339.58,89950.36,90249.18,428.70398,1769032799999
1769032800000,90249.18,90377.0,89752.38,89763.51,414.26891,1769036399999
1769036400000,89763.51,90212.89,89344.98,89454.73,524.6842,1769039999999
1769040000000,89454.73,90032.5,89454.72,89908.49,394.22125,1769043599999
1769043600000,89908.5,90198.51,89826.38,90113.19,341.32729,1769047199999
1769047200000,90113.2,90359.99,89851.03,89938.3,436.55946,1769050799999
1769050800000,89938.3,90166.67,89702.84,89899.51,389.70123,1769054399999
1769054400000,89899.51,90076.77,89826.67,89998.91,327.01022,1769057999999
1769058000000,89998.91,90075.8,89928.09,90026.3,201.60447,1769061599999
1769061600000,90026.3,90215.79,89900.0,90172.11,274.11012,1769065199999
1769065200000,90172.12,90196.99,89802.0,89818.79,410.94787,1769068799999
1769068800000,89818.79,89968.28,89760.0,89920.16,241.50947,1769072399999
1769072400000,89920.16,90113.43,89883.8,90033.02,235.39671,1769075999999
1769076000000,90033.02,90101.83,89960.0,90078.77,307.75831,1769079599999
1769079600000,90078.76,90150.0,89897.87,89941.26,341.2419,1769083199999
1769083200000,89941.26,90099.99,89873.09,90021.09,250.41912,1769086799999
1769086800000,90021.09,90340.0,89478.92,89619.81,800.98427,1769090399999
1769090400000,89619.81,89742.67,89039.78,89088.59,1132.03645,1769093999999
1769094000000,89088.6,89445.24,88515.37,89000.01,1328.81681,1769097599999
1769097600000,89000.0,89270.0,88676.95,89054.06,820.87315,1769101199999
1769101200000,89054.07,89616.04,89024.55,89550.01,536.51415,1769104799999
1769104800000,89550.0,89797.5,89301.9,89333.94,457.15553,1769108399999
1769108400000,89333.93,89924.46,89114.48,89777.9,489.86443,1769111999999
1769112000000,89777.89,89946.13,89398.87,89409.72,338.82702,1769115599999
1769115600000,89409.73,89669.21,89238.32,89268.66,272.77807,1769119199999
1769119200000,89268.66,89566.0,89140.13,89346.99,294.98276,1769122799999
1769122800000,89346.99,89583.62,89170.74,89559.67,200.86486,1769126399999
1769126400000,89559.68,89638.84,89450.48,89520.01,225.79843,1769129999999
1769130000000,89520.01,89939.39,89520.01,89939.38,281.57226,1769133599999
1769133600000,89939.39,89979.97,89655.41,89663.48,375.68609,1769137199999
1769137200000,89663.47,89924.78,89646.18,89924.78,261.08428,1769140799999
1769140800000,89924.78,90088.94,89871.73,89965.42,430.92263,1769144399999
1769144400000,89965.43,89969.02,89473.99,89616.03,360.8873,1769147999999
1769148000000,89616.04,89799.36,89400.0,89509.59,450.16637,1769151599999
1769151600000,89509.59,89686.4,89447.52,89549.45,487.74127,1769155199999
1769155200000,89549.45,89632.18,89133.35,89221.46,544.19233,1769158799999
1769158800000,89221.46,89388.71,88897.81,88977.72,632.36708,1769162399999
1769162400000,88977.72,89160.74,88860.44,89046.49,334.46792,1769165999999
1769166000000,89046.49,89355.51,89000.0,89202.48,481.66038,1769169599999
1769169600000,89202.47,89383.09,89099.2,89267.83,219.71914,1769173199999
1769173200000,89267.83,89450.18,89237.65,89350.81,297.7631,1769176799999
1769176800000,89350.8,89733.71,88663.65,89017.85,1240.76676,1769180399999
1769180400000,89017.85,89865.53,88578.36,89761.61,1078.68425,1769183999999
1769184000000,89761.61,90490.06,89489.0,90124.85,1266.72506,1769187599999
1769187600000,90124.86,91224.99,89978.4,90600.0,1346.59832,1769191199999
1769191200000,90600.0,91039.75,90449.42,90530.45,698.45416,1769194799999
1769194800000,90530.44,90534.59,89612.01,89982.79,1118.99851,1769198399999
1769198400000,89982.79,90156.06,89200.68,89503.68,917.72716,1769201999999
1769202000000,89503.67,89691.18,89317.0,89349.99,308.4371,1769205599999
1769205600000,89349.99,89752.45,89335.35,89624.61,406.19522,1769209199999
1769209200000,89624.6,89631.0,89472.13,89600.26,151.87407,1769212799999
1769212800000,89600.26,89625.41,89424.39,89452.83,130.78736,1769216399999
1769216400000,89452.83,89588.72,89450.58,89550.24,118.84415,1769219999999
1769220000000,89550.24,89722.57,89550.24,89702.85,142.98732,1769223599999
1769223600000,89702.85,89957.39,89670.88,89770.02,368.35777,1769227199999
1769227200000,89770.03,89853.38,89709.08,89829.35,167.98668,1769230799999
1769230800000,89829.36,89849.78,89751.21,89775.2,112.02746,1769234399999
1769234400000,89775.2,89784.88,89602.22,89649.32,420.23986,1769237999999
1769238000000,89649.33,89692.31,89572.81,89620.1,254.69309,1769241599999
1769241600000,89620.11,89686.43,89583.02,89660.88,190.29089,1769245199999
1769245200000,89660.88,89660.88,89600.0,89600.0,126.61337,1769248799999
1769248800000,89600.01,89654.79,89577.97,89626.8,82.58886,1769252399999
1769252400000,89626.79,89676.26,89595.4,89595.4,114.10267,1769255999999
1769256000000,89595.41,89595.41,89486.87,89537.82,179.07545,1769259599999
1769259600000,89537.82,89540.44,89368.21,89368.22,156.7089,1769263199999
1769263200000,89368.22,89512.05,89171.75,89450.03,346.65964,1769266799999
1769266800000,89450.03,89492.14,89263.64,89275.77,334.47117,1769270399999
1769270400000,89275.77,89369.79,89162.08,89290.01,235.06029,1769273999999
1769274000000,89290.01,89414.38,89252.93,89406.5,135.14408,1769277599999
1769277600000,89406.5,89461.4,89382.05,89395.23,84.40453,1769281199999
1769281200000,89395.22,89395.23,89276.58,89331.36,105.47816,1769284799999
1769284800000,89331.36,89399.99,89331.35,89380.01,46.43346,1769288399999
1769288400000,89380.0,89386.61,89270.0,89386.61,99.49846,1769291999999
1769292000000,89386.61,89489.84,89304.85,89430.0,137.03504,1769295599999
1769295600000,89429.99,89474.65,89215.59,89225.34,137.07871,1769299199999
1769299200000,89225.34,89315.18,89183.49,89315.18,121.64277,1769302799999
1769302800000,89315.18,89319.13,89102.58,89176.31,180.68432,1769306399999
1769306400000,89176.31,89268.36,89129.62,89139.04,174.6544,1769309999999
1769310000000,89139.04,89176.72,88838.72,88960.35,472.84604,1769313599999
1769313600000,88960.36,89090.13,88941.03,89006.96,349.85772,1769317199999
1769317200000,89006.97,89045.44,88870.45,88990.9,204.95163,1769320799999
1769320800000,88990.89,88990.9,88649.98,88831.36,567.42395,1769324399999
1769324400000,88831.36,88831.36,88635.84,88659.99,242.80483,1769327999999
1769328000000,88659.99,88760.0,88136.0,88300.01,461.92857,1769331599999
1769331600000,88300.0,88488.0,88238.5,88398.38,288.59867,1769335199999
1769335200000,88398.38,88671.27,88398.37,88659.51,354.58647,1769338799999
1769338800000,88659.52,88710.0,88536.11,88570.17,171.64836,1769342399999
1769342400000,88570.17,88800.0,88450.0,88791.99,329.09813,1769345999999
1769346000000,88791.98,88971.89,88650.98,88921.0,278.06,1769349599999
1769349600000,88920.99,88938.94,88624.55,88710.1,293.57615,1769353199999
1769353200000,88710.1,88760.35,88340.75,88446.5,370.5229,1769356799999
1769356800000,88446.51,88448.85,87560.0,88077.26,1878.84709,1769360399999
1769360400000,88077.25,88108.24,87767.18,87892.17,467.38462,1769363999999
1769364000000,87892.16,87983.29,86827.1,87420.01,1893.52035,1769367599999
1769367600000,87420.01,87508.15,86194.85,86495.16,1925.07483,1769371199999
1769371200000,86495.17,86718.75,86222.02,86654.61,753.5591,1769374799999
1769374800000,86654.6,87013.79,86400.0,86568.5,666.32154,1769378399999
1769378400000,86568.51,86694.78,86217.32,86521.39,849.36578,1769381999999
1769382000000,86521.39,86791.91,86074.72,86670.36,1129.26197,1769385599999
1769385600000,86670.36,87167.84,86509.63,86854.86,788.16762,1769389199999
1769389200000,86854.86,87809.99,86815.37,87698.73,1118.1087,1769392799999
1769392800000,87698.74,87973.11,87435.18,87563.38,1015.63506,1769396399999
1769396400000,87563.39,87691.41,87062.76,87282.05,1083.65608,1769399999999
1769400000000,87282.04,87953.0,87244.27,87737.06,1109.49828,1769403599999
1769403600000,87737.06,87956.27,87673.12,87826.01,765.12364,1769407199999
1769407200000,87826.01,88031.73,87764.0,87937.44,915.62979,1769410799999
1769410800000,87937.45,88074.48,87701.72,88000.64,768.40988,1769414399999
1769414400000,88000.64,88424.45,87846.89,87975.39,790.54723,1769417999999
1769418000000,87975.39,88000.0,87600.69,87663.12,543.28474,1769421599999
1769421600000,87663.12,87950.0,87660.0,87897.55,242.4813,1769425199999
1769425200000,87897.55,87980.0,87765.99,87855.0,244.05793,1769428799999
1769428800000,87855.01,87971.99,87735.38,87799.45,288.85651,1769432399999
1769432400000,87799.44,88048.0,87681.4,87960.01,556.52991,1769435999999
1769436000000,87960.01,88508.41,87450.08,88178.1,1822.59356,1769439599999
1769439600000,88178.09,88860.0,87325.03,87641.41,1769.32177,1769443199999
1769443200000,87641.41,87964.6,87206.0,87606.99,686.77865,1769446799999
1769446800000,87607.0,87789.47,87035.51,87700.62,580.63374,1769450399999
1769450400000,87700.61,88403.73,87639.26,88403.72,550.84106,1769453999999
1769454000000,88403.73,88537.95,87950.0,88013.19,515.97407,1769457599999
1769457600000,88013.19,88118.0,87542.05,87629.22,428.9526,1769461199999
1769461200000,87629.23,88238.29,87573.35,88064.69,392.85938,1769464799999
1769464800000,88064.69,88270.29,88001.75,88140.01,324.81747,1769468399999
1769468400000,88140.01,88659.09,88021.86,88347.08,463.75556,1769471999999
1769472000000,88347.08,88457.3,88200.0,88353.97,302.20293,1769475599999
1769475600000,88353.97,88700.0,88194.82,88550.61,340.87375,1769479199999
1769479200000,88550.61,88858.96,88550.61,88831.6,479.8981,1769482799999
1769482800000,88831.59,88898.0,88582.57,88788.0,526.26275,1769486399999
1769486400000,88787.99,89010.0,88511.88,88579.58,508.81601,1769489999999
1769490000000,88579.58,88586.26,88399.99,88456.3,306.33125,1769493599999
1769493600000,88456.31,88522.86,88278.03,88332.67,277.06987,1769497199999
1769497200000,88332.68,88555.14,88312.6,88320.41,356.10224,1769500799999
1769500800000,88320.41,88397.85,88120.04,88170.82,305.95946,1769504399999
1769504400000,88170.83,88170.83,87868.0,87886.82,501.6008,1769507999999
1769508000000,87886.82,88055.75,87743.84,87786.53,315.39119,1769511599999
1769511600000,87786.53,88093.19,87743.52,87992.74,339.68763,1769515199999
1769515200000,87992.74,88165.24,87955.98,87986.96,497.99816,1769518799999
1769518800000,87986.96,88076.82,87799.2,87982.15,400.06912,1769522399999
1769522400000,87982.15,88474.23,87659.23,87745.02,762.91064,1769525999999
1769526000000,87745.02,88189.44,87578.67,88047.46,838.96558,1769529599999
1769529600000,88047.46,88819.89,88002.57,88641.44,1128.77578,1769533199999
1769533200000,88641.43,88699.45,87304.33,87546.58,1183.80567,1769536799999
1769536800000,87546.58,88510.15,87450.0,88285.05,865.62099,1769540399999
1769540400000,88285.05,88549.32,88049.89,88408.77,469.70931,1769543999999
1769544000000,88408.78,89497.19,88373.49,89396.16,1024.56489,1769547599999
1769547600000,89396.03,89523.16,89008.75,89081.46,689.88066,1769551199999
1769551200000,89081.47,89421.91,89021.61,89243.63,281.54432,1769554799999
1769554800000,89243.63,89515.78,89143.92,89250.0,421.36315,1769558399999
1769558400000,89249.99,89468.01,89154.8,89467.72,258.84583,1769561999999
1769562000000,89467.73,89497.96,89196.87,89404.57,267.52883,1769565599999
1769565600000,89404.57,89453.89,89100.01,89285.77,214.15071,1769569199999
1769569200000,89285.78,89311.87,88985.0,89126.67,353.861,1769572799999
1769572800000,89126.68,89160.0,88840.0,88975.04,312.10964,1769576399999
1769576400000,88975.03,89105.56,88849.0,89084.1,326.80822,1769579999999
1769580000000,89084.1,89400.0,89084.1,89317.47,340.81001,1769583599999
1769583600000,89317.47,89358.51,89099.81,89134.35,370.1952,1769587199999
1769587200000,89134.35,89258.02,88833.65,88925.47,515.45435,1769590799999
1769590800000,88925.47,89567.26,88849.99,89567.25,490.95043,1769594399999
1769594400000,89567.25,89703.87,89330.22,89403.77,688.45427,1769597999999
1769598000000,89403.76,90156.72,89313.13,90080.0,1092.21486,1769601599999
1769601600000,90079.99,90176.88,89790.0,89998.69,946.78783,1769605199999
1769605200000,89998.69,90488.0,89969.42,90257.91,1485.47795,1769608799999
1769608800000,90257.91,90276.78,89460.01,89617.27,997.73721,1769612399999
1769612400000,89617.27,89849.75,88904.61,89479.66,998.88376,1769615999999
1769616000000,89479.66,89830.0,89248.61,89629.66,744.86311,1769619599999
1769619600000,89629.66,90600.0,89277.21,90169.88,923.32635,1769623199999
1769623200000,90169.89,90178.91,89312.88,89546.24,748.51147,1769626799999
1769626800000,89544.0,89719.58,89006.36,89402.58,893.3832,1769630399999
1769630400000,89402.57,89896.0,89010.0,89130.63,590.94624,1769633999999
1769634000000,89130.63,89490.24,88878.01,89412.17,381.49994,1769637599999
1769637600000,89412.18,89479.04,89138.0,89396.15,156.23518,1769641199999
1769641200000,89396.15,89471.41,89209.48,89299.99,233.14943,1769644799999
1769644800000,89300.0,89348.0,88900.0,89143.91,431.21285,1769648399999
1769648400000,89143.92,89159.99,88548.87,88603.56,624.81108,1769651999999
1769652000000,88603.56,88754.64,87704.0,87907.06,1097.35161,1769655599999
1769655600000,87907.05,88265.39,87771.3,88053.71,769.73434,1769659199999
1769659200000,88053.71,88345.66,87901.23,88315.2,311.3438,1769662799999
1769662800000,88315.2,88408.08,88142.66,88186.54,354.31355,1769666399999
1769666400000,88186.53,88338.67,88168.9,88319.35,284.51762,1769669999999
1769670000000,88319.35,88430.05,88250.0,88352.97,526.73614,1769673599999
1769673600000,88352.96,88500.0,87907.8,88064.16,823.67262,1769677199999
1769677200000,88064.16,88160.0,87892.0,87892.01,372.84765,1769680799999
1769680800000,87892.0,88046.59,87832.18,87946.46,575.41561,1769684399999
1769684400000,87946.47,88066.94,87750.01,87846.5,527.10516,1769687999999
1769688000000,87846.5,88121.29,87817.97,88121.21,516.69113,1769691599999
1769691600000,88121.21,88182.29,87951.67,88052.88,283.13252,1769695199999
1769695200000,88052.87,88075.23,87008.0,87014.4,1065.77381,1769698799999
1769698800000,87014.4,87039.51,84366.56,84934.02,8241.9564,1769702399999
1769702400000,84934.02,85392.2,84268.17,85270.0,4076.75879,1769705999999
1769706000000,85270.01,85638.3,84012.78,84261.66,2652.67947,1769709599999
1769709600000,84261.66,84630.55,83415.0,83477.02,2305.76692,1769713199999
1769713200000,83477.02,84334.97,83383.33,84012.11,1752.68525,1769716799999
1769716800000,84012.11,84398.36,83824.9,84216.91,1089.07114,1769720399999
1769720400000,84216.91,84706.32,84200.0,84526.57,780.67473,1769723999999
1769724000000,84526.57,84615.74,84306.24,84570.05,335.13893,1769727599999
1769727600000,84570.04,84737.69,84445.7,84650.16,631.99089,1769731199999
1769731200000,84650.16,84735.75,84100.0,84192.0,730.18491,1769734799999
1769734800000,84192.0,84192.01,81118.0,82468.02,6080.28823,1769738399999
1769738400000,82468.01,82535.89,81154.0,82164.88,3963.98084,1769741999999
1769742000000,82164.88,82738.89,82036.35,82676.43,1470.66915,1769745599999
1769745600000,82676.42,83332.2,82676.42,82938.92,1147.37787,1769749199999
1769749200000,82938.92,83329.36,82903.23,82914.19,818.20759,1769752799999
1769752800000,82914.2,82919.21,82056.08,82602.81,1199.37024,1769756399999
1769756400000,82602.81,83100.0,82483.27,82816.98,1624.46252,1769759999999
1769760000000,82816.98,82995.41,82438.8,82671.7,959.74241,1769763599999
1769763600000,82671.7,82834.19,82160.0,82363.72,1026.26025,1769767199999
1769767200000,82363.71,82897.41,82172.02,82833.92,661.3904,1769770799999
1769770800000,82833.92,83314.85,82682.15,83151.36,607.68303,1769774399999
1769774400000,83151.36,83329.35,82650.0,82800.5,693.0162,1769777999999
1769778000000,82800.49,83087.34,82421.64,82740.92,760.57185,1769781599999
1769781600000,82740.93,83797.99,82738.68,83098.0,1785.40114,1769785199999
1769785200000,83098.0,83616.46,82382.01,82883.94,1512.89136,1769788799999
1769788800000,82882.84,83493.6,82549.35,83149.0,956.54558,1769792399999
1769792400000,83149.0,83475.8,82641.6,82943.23,1094.09504,1769795999999
1769796000000,82943.23,84160.0,81871.37,83931.13,2213.77003,1769799599999
1769799600000,83931.13,84621.16,83917.36,84242.99,1851.84536,1769803199999
1769803200000,84243.0,84299.99,83539.2,83906.34,2390.62988,1769806799999
1769806800000,83906.34,84523.11,83790.44,84273.7,835.94444,1769810399999
1769810400000,84273.71,84327.06,83918.42,84219.99,454.50219,1769813999999
1769814000000,84220.0,84298.96,83933.82,84260.49,357.01742,1769817599999
1769817600000,84260.5,84270.02,84014.01,84067.83,380.99765,1769821199999
1769821200000,84067.83,84266.22,83908.0,83999.99,474.79523,1769824799999
1769824800000,84000.0,84183.42,83815.02,84130.01,514.80351,1769828399999
1769828400000,84130.01,84232.0,84022.69,84022.69,356.74317,1769831999999
1769832000000,84022.7,84146.22,83941.43,83992.45,214.26773,1769835599999
1769835600000,83992.44,84097.37,83903.7,84000.01,249.62585,1769839199999
1769839200000,84000.01,84050.51,83638.4,83786.09,407.33324,1769842799999
1769842800000,83786.09,83805.02,83404.67,83546.81,478.7189,1769846399999
1769846400000,83546.82,83629.08,82560.75,83074.07,1142.87539,1769849999999
1769850000000,83074.08,83300.0,82894.0,83109.1,471.08907,1769853599999
1769853600000,83109.1,83203.26,82917.32,83160.0,515.13254,1769857199999
1769857200000,83160.0,83160.0,82851.97,83020.0,279.69189,1769860799999
1769860800000,83020.0,83140.0,82720.0,82762.0,537.57574,1769864399999
1769864400000,82761.99,82919.29,82478.59,82767.99,539.85854,1769867999999
1769868000000,82768.0,82928.2,80825.76,81479.99,4166.24097,1769871599999
1769871600000,81480.0,81789.68,81088.0,81302.15,1568.15407,1769875199999
1769875200000,81302.16,82200.0,80098.01,80365.04,5113.56418,1769878799999
1769878800000,80365.05,80550.74,78159.9,78893.92,6669.26832,1769882399999
1769882400000,78893.92,79143.64,75719.9,78038.38,7783.32311,1769885999999
1769886000000,78038.39,78576.3,77194.0,77750.01,2463.45994,1769889599999
1769889600000,77750.01,78141.95,77092.34,77999.03,1378.50317,1769893199999
1769893200000,77999.02,78365.02,77372.69,78292.0,1330.5666,1769896799999
1769896800000,78292.0,78499.94,78000.0,78155.17,902.43744,1769900399999
1769900400000,78155.16,79240.0,78078.67,78741.09,1552.86508,1769903999999
1769904000000,78741.1,79424.0,78644.09,78902.31,1738.02598,1769907599999
1769907600000,78902.31,78943.62,78284.0,78532.17,1163.10084,1769911199999
1769911200000,78532.32,79060.44,78378.0,78900.01,762.94469,1769914799999
1769914800000,78900.01,79008.36,78666.73,78868.28,594.31033,1769918399999
1769918400000,78868.29,79119.3,78720.97,78971.75,441.04188,1769921999999
1769922000000,78973.22,79006.0,78527.13,78620.91,744.7428,1769925599999
1769925600000,78620.9,78824.1,78266.63,78300.0,568.62406,1769929199999
1769929200000,78300.01,78724.01,77967.69,78343.0,808.74546,1769932799999
1769932800000,78343.0,78863.0,78252.64,78604.02,567.72389,1769936399999
1769936400000,78604.02,79136.1,78551.15,79034.45,479.76229,1769939999999
1769940000000,79034.45,79220.72,78148.1,78279.73,863.43565,1769943599999
1769943600000,78279.73,78877.89,78279.72,78743.56,539.38656,1769947199999
1769947200000,78743.57,78760.0,78244.0,78459.67,620.90729,1769950799999
1769950800000,78459.68,78768.68,78203.21,78317.51,482.47432,1769954399999
1769954400000,78317.51,78520.0,77236.68,78211.12,1658.37078,1769957999999
1769958000000,78211.12,78254.2,76761.98,77593.4,2045.87767,1769961599999
1769961600000,77593.4,77838.48,77087.76,77494.77,1084.57336,1769965199999
1769965200000,77494.77,77748.0,77300.0,77745.32,549.82327,1769968799999
1769968800000,77745.33,78443.1,77727.27,78029.28,791.63632,1769972399999
1769972400000,78029.29,78106.1,77000.01,77174.78,457.49789,1769975999999
1769976000000,77174.77,77740.91,76606.0,77103.04,1125.71882,1769979599999
1769979600000,77103.04,77161.26,76359.87,76526.03,1221.6059,1769983199999
1769983200000,76526.03,77779.63,76456.78,77249.31,1235.13318,1769986799999
1769986800000,77249.31,77610.72,75700.0,76968.21,4850.01845,1769990399999
1769990400000,76968.22,78231.26,76606.39,77672.61,1960.16053,1769993999999
1769994000000,77672.61,77942.28,76619.69,77518.87,1238.02224,1769997599999
1769997600000,77518.87,77555.62,76449.84,76491.17,1406.18164,1770001199999
1770001200000,76491.18,76575.93,74604.0,76292.98,6845.40126,1770004799999
1770004800000,76292.98,76621.28,75335.9,75894.15,2387.03559,1770008399999
1770008400000,75894.15,75999.99,74911.14,75502.1,2327.56014,1770011999999
1770012000000,75502.1,76834.71,74957.51,76549.32,3207.27225,1770015599999
1770015600000,76549.32,76958.0,76327.9,76660.79,1646.53051,1770019199999
1770019200000,76660.78,77191.15,76628.28,76881.28,1422.14452,1770022799999
1770022800000,76881.28,77815.0,76652.0,77725.33,2196.40917,1770026399999
1770026400000,77725.33,77876.69,77474.85,77504.54,1049.86427,1770029999999
1770030000000,77504.54,77970.62,77451.11,77759.99,983.08962,1770033599999
1770033600000,77760.0,78434.0,77706.0,77988.51,1103.97039,1770037199999
1770037200000,77988.5,78458.0,77800.0,78224.79,960.76337,1770040799999
1770040800000,78224.8,78885.0,77626.44,77844.79,2220.07608,1770044399999
1770044400000,77844.78,79360.0,77564.62,78850.06,3238.00821,1770047999999
1770048000000,78850.06,79288.28,78584.0,78634.76,1987.74899,1770051599999
1770051600000,78634.75,79213.99,78603.93,78988.64,1407.01094,1770055199999
1770055200000,78988.65,78988.65,78369.13,78569.84,992.65857,1770058799999
1770058800000,78569.83,78697.99,78283.27,78341.5,1074.65868,1770062399999
1770062400000,78341.5,78667.38,77888.0,78008.59,902.54602,1770065999999
1770066000000,78008.59,78552.76,77922.0,78532.06,507.24426,1770069599999
1770069600000,78532.07,78853.35,78528.21,78795.2,488.24484,1770073199999
1770073200000,78795.2,78962.78,78560.0,78738.61,720.98807,1770076799999
1770076800000,78738.6,79099.99,78408.05,79065.24,994.28607,1770080399999
1770080400000,79065.24,79186.81,78716.79,79017.63,990.1874,1770083999999
1770084000000,79017.64,79017.64,77800.0,77808.01,959.76758,1770087599999
1770087600000,77808.02,78907.18,77644.09,78753.32,1068.28743,1770091199999
1770091200000,78753.32,78999.99,78488.0,78798.39,719.00577,1770094799999
1770094800000,78798.38,78809.78,78218.98,78240.45,581.74505,1770098399999
1770098400000,78240.45,78665.91,77950.0,78594.17,881.03721,1770101999999
1770102000000,78594.01,78923.93,78488.01,78794.67,705.05984,1770105599999
1770105600000,78794.67,79084.29,78464.6,78747.96,840.3253,1770109199999
1770109200000,78747.96,78841.35,77950.0,78400.01,972.9435,1770112799999
1770112800000,78400.01,78560.0,78070.0,78120.36,505.87116,1770116399999
1770116400000,78120.36,78349.24,78004.08,78079.5,475.83471,1770119999999
1770120000000,78079.5,78416.9,78000.0,78330.26,933.6271,1770123599999
1770123600000,78330.26,78458.89,78187.91,78307.65,529.49211,1770127199999
1770127200000,78307.65,78434.61,77156.24,77201.22,2011.4149,1770130799999
1770130800000,77201.21,78196.83,77055.54,78132.33,2069.08407,1770134399999
1770134400000,78132.34,78134.53,76400.0,76488.08,3199.23624,1770137999999
1770138000000,76488.08,76525.44,74882.28,74915.79,3210.53566,1770141599999
1770141600000,74915.79,75302.76,73137.66,73139.13,8932.04301,1770145199999
1770145200000,73139.12,75291.1,72945.5,74935.0,3497.82279,1770148799999
1770148800000,74935.0,76721.25,74586.54,76475.52,2122.86901,1770152399999
1770152400000,76475.53,76960.0,76124.05,76239.43,1110.97152,1770155999999
1770156000000,76239.43,76299.19,75406.79,75708.83,1013.97922,1770159599999
1770159600000,75708.82,76000.0,75428.16,75770.21,794.68224,1770163199999
1770163200000,75770.21,76264.0,75467.22,75910.88,730.62893,1770166799999
1770166800000,75910.88,76798.12,75910.88,76423.73,952.72942,1770170399999
1770170400000,76423.73,76610.04,75707.41,75963.35,853.38888,1770173999999
1770174000000,75963.35,76971.52,75906.05,76698.17,1036.93598,1770177599999
1770177600000,76698.17,76830.69,76413.64,76479.75,577.39018,1770181199999
1770181200000,76479.75,76526.8,76105.3,76279.99,1056.73491,1770184799999
1770184800000,76280.0,76780.0,76259.9,76652.68,609.34015,1770188399999
1770188400000,76652.68,76657.31,76335.46,76514.3,593.58526,1770191999999
1770192000000,76514.3,76600.0,76068.69,76587.26,736.19473,1770195599999
1770195600000,76587.26,76607.69,75967.1,76119.0,632.82215,1770199199999
1770199200000,76119.0,76338.65,76069.0,76302.1,440.91077,1770202799999
1770202800000,76302.1,76302.1,75666.0,76017.25,1102.73317,1770206399999
1770206400000,76017.25,76260.85,76000.0,76180.85,942.91713,1770209999999
1770210000000,76180.84,76186.98,74867.0,74867.0,1563.62436,1770213599999
1770213600000,74867.0,75769.23,74256.0,74359.53,2801.90282,1770217199999
1770217200000,74359.53,75328.28,73794.11,74136.36,3644.50098,1770220799999
1770220800000,74136.48,74249.83,73076.92,73636.01,3089.62892,1770224399999
1770224400000,73635.63,73863.92,72169.0,72576.08,5764.80542,1770227999999
1770228000000,72576.08,74140.0,72273.68,73425.96,3480.01439,1770231599999
1770231600000,73425.97,74007.28,73041.41,73923.29,1609.77508,1770235199999
1770235200000,73923.3,74144.0,73425.56,73516.3,1052.61663,1770238799999
1770238800000,73516.3,73654.0,72210.0,72799.99,1379.23839,1770242399999
1770242400000,72800.0,73680.0,71888.0,72543.38,2426.62344,1770245999999
1770246000000,72543.38,73520.59,72468.12,73165.83,1296.31791,1770249599999
1770249600000,73165.84,73325.6,72754.21,72868.02,1031.56586,1770253199999
1770253200000,72868.02,73341.18,71995.09,72421.26,1796.49365,1770256799999
1770256800000,72421.26,72854.39,71305.55,71454.44,2979.51665,1770260399999
1770260400000,71454.44,71884.47,71152.78,71223.25,2548.86017,1770263999999
1770264000000,71223.25,71437.68,70701.0,70888.08,4293.99043,1770267599999
1770267600000,70888.09,71150.16,70140.0,70732.72,4302.51294,1770271199999
1770271200000,70732.73,70984.62,70434.05,70951.51,2020.09726,1770274799999
1770274800000,70951.51,71622.82,70644.73,70756.85,2612.40429,1770278399999
1770278400000,70756.86,71550.0,70683.58,71054.99,1815.06036,1770281999999
1770282000000,71054.99,71978.58,71049.35,71550.0,1842.40706,1770285599999
1770285600000,71549.99,71726.79,70656.59,70858.13,1618.18196,1770289199999
1770289200000,70858.13,71063.94,69922.0,70318.35,4107.09256,1770292799999
1770292800000,70318.35,70603.49,69163.0,69563.57,5331.37678,1770296399999
1770296400000,69563.56,69831.85,69261.11,69688.94,2587.65964,1770299999999
1770300000000,69688.94,70872.04,69285.71,69404.76,3459.24538,1770303599999
1770303600000,69404.75,69616.29,66720.15,67489.07,13836.57347,1770307199999
1770307200000,67489.08,68681.81,66955.34,68295.15,5860.78146,1770310799999
1770310800000,68295.15,68374.79,66152.0,66181.69,6127.2285,1770314399999
1770314400000,66181.68,66542.87,65385.0,66347.0,5703.68497,1770317999999
1770318000000,66347.01,66637.46,65200.0,65265.65,3605.53717,1770321599999
1770321600000,65265.66,65700.0,62345.0,63775.67,13269.97533,1770325199999
1770325200000,63775.66,64775.0,62888.34,63213.34,6727.66673,1770328799999
1770328800000,63213.34,64615.88,62690.9,63907.86,4776.16051,1770332399999
1770332400000,63907.86,64908.0,62717.48,62909.86,4044.75586,1770335999999
1770336000000,62909.87,63861.87,60000.0,63509.39,15965.67588,1770339599999
1770339600000,63509.4,65760.0,63509.39,65714.96,6085.05108,1770343199999
1770343200000,65714.96,66010.0,64201.28,64990.1,4172.0595,1770346799999
1770346800000,64990.11,65172.13,63770.17,64168.33,2757.61679,1770350399999
1770350400000,64168.33,65000.0,63914.62,64905.84,2678.77331,1770353999999
1770354000000,64905.54,66826.5,64800.01,66408.11,3077.34633,1770357599999
1770357600000,66408.11,66800.0,64856.88,64988.26,3562.00258,1770361199999
1770361200000,64988.26,65543.79,64654.11,64856.0,3886.24107,1770364799999
1770364800000,64856.0,65206.11,64500.0,64895.05,2403.94942,1770368399999
1770368400000,64895.04,66163.0,64764.7,65799.55,2736.04998,1770371999999
1770372000000,65799.55,66220.0,65550.0,65967.51,2067.37547,1770375599999
1770375600000,65967.51,66755.13,65772.17,66631.32,2445.47098,1770379199999
1770379200000,66631.32,66631.32,66114.49,66557.93,1895.66919,1770382799999
1770382800000,66557.93,67690.7,66480.82,67316.82,4063.76595,1770386399999
1770386400000,67316.82,68647.45,66629.36,68194.89,5594.57909,1770389999999
1770390000000,68194.9,69192.0,67772.0,68626.0,6052.81042,1770393599999
1770393600000,68625.99,70224.62,68428.19,69954.01,6892.60997,1770397199999
1770397200000,69954.01,71500.0,69593.43,70753.53,5224.54006,1770400799999
1770400800000,70753.53,70816.0,69340.91,69776.68,3217.47319,1770404399999
1770404400000,69776.68,70952.0,69662.22,70731.46,1949.07605,1770407999999
1770408000000,70731.45,70996.77,70000.12,70000.13,1842.94729,1770411599999
1770411600000,70000.14,70508.75,69837.35,70358.43,1079.99332,1770415199999
1770415200000,70358.44,71577.09,70279.09,71354.46,1439.41821,1770418799999
1770418800000,71354.46,71751.33,70505.0,70580.26,1448.72018,1770422399999
1770422400000,70580.26,70600.0,69718.0,69958.0,1684.48527,1770425999999
1770426000000,69958.0,70680.54,69741.87,70471.49,1257.48702,1770429599999
1770429600000,70471.48,70624.49,70151.51,70361.37,828.17189,1770433199999
1770433200000,70361.36,70928.75,70270.0,70918.99,917.62946,1770436799999
1770436800000,70918.99,71690.07,70604.55,70768.13,1760.77139,1770440399999
1770440400000,70768.0,71191.88,69800.0,70161.5,1954.17044,1770443999999
1770444000000,70161.51,70310.0,68757.68,68769.65,3067.81307,1770447599999
1770447600000,68769.66,69084.55,67300.0,68087.14,6488.56676,1770451199999
1770451200000,68087.13,68790.0,67747.65,68495.01,2785.44241,1770454799999
1770454800000,68495.01,68763.28,67885.86,68138.2,2704.83478,1770458399999
1770458400000,68138.19,68299.3,67582.48,67987.0,2026.15669,1770461999999
1770462000000,67986.99,68157.21,67700.0,67972.65,1172.5817,1770465599999
1770465600000,67972.65,69999.99,67901.89,69024.98,3372.78032,1770469199999
1770469200000,69024.98,69364.5,68821.64,69093.98,1462.50623,1770472799999
1770472800000,69093.98,69187.27,68358.75,68645.99,1780.47515,1770476399999
1770476400000,68646.0,69762.46,68556.0,69151.5,2675.07885,1770479999999
1770480000000,69151.5,69898.0,68822.51,68957.16,3767.46183,1770483599999
1770483600000,68957.16,69408.0,68531.5,69188.81,1260.95907,1770487199999
1770487200000,69188.81,69690.89,69009.09,69514.11,815.22684,1770490799999
1770490800000,69514.11,69577.43,69266.66,69373.61,549.67003,1770494399999
1770494400000,69373.61,69728.83,69252.72,69631.18,431.2072,1770497999999
1770498000000,69631.18,69699.16,69356.16,69497.99,322.93251,1770501599999
1770501600000,69497.99,69727.86,69325.67,69399.34,469.65551,1770505199999
1770505200000,69399.34,69462.42,68787.34,69289.38,699.41594,1770508799999
1770508800000,69289.37,69432.0,68888.0,69133.79,682.62238,1770512399999
1770512400000,69133.8,69500.0,69095.17,69379.57,433.38727,1770515999999
1770516000000,69379.57,69696.57,69167.42,69370.7,452.71707,1770519599999
1770519600000,69370.69,69443.9,69069.65,69099.99,457.68257,1770523199999
1770523200000,69100.0,69372.06,68952.01,69340.16,390.41434,1770526799999
1770526800000,69340.15,69422.43,69146.47,69220.52,386.01063,1770530399999
1770530400000,69220.53,69518.56,69090.0,69361.18,1121.01748,1770533999999
1770534000000,69361.18,69719.07,69215.69,69710.69,980.72904,1770537599999
1770537600000,69710.69,70796.99,69514.15,70665.59,1875.5789,1770541199999
1770541200000,70665.59,70712.71,70094.71,70107.19,1028.89501,1770544799999
1770544800000,70107.2,70449.99,69890.52,70266.41,1062.517,1770548399999
1770548400000,70266.41,71220.0,70210.26,70999.98,1342.32428,1770551999999
1770552000000,70999.99,71281.74,70707.39,71249.95,791.13826,1770555599999
1770555600000,71249.65,71517.27,70956.0,71514.77,1080.90623,1770559199999
1770559200000,71514.77,71554.95,71105.0,71262.19,872.42876,1770562799999
1770562800000,71262.18,71465.93,70786.18,71188.99,914.74435,1770566399999
1770566400000,71188.99,71256.97,70251.33,70416.0,1094.49116,1770569999999
1770570000000,70415.99,70871.66,70407.42,70785.99,515.39696,1770573599999
1770573600000,70786.0,71418.0,70750.0,71147.25,643.64182,1770577199999
1770577200000,71147.24,71538.05,71142.77,71422.97,466.64362,1770580799999
1770580800000,71422.96,71427.73,70700.03,70835.17,803.14197,1770584399999
1770584400000,70835.17,71136.03,70524.14,70700.0,621.70092,1770587999999
1770588000000,70700.01,71100.04,70652.11,71066.09,568.07657,1770591599999
1770591600000,71066.09,72271.41,70000.0,70330.38,2834.32509,1770595199999
1770595200000,70330.38,70774.4,70123.02,70502.38,961.77536,1770598799999
1770598800000,70502.37,70926.4,70068.18,70369.53,1060.82602,1770602399999
1770602400000,70369.53,71000.0,70220.12,70629.99,832.82995,1770605999999
1770606000000,70629.99,71453.53,70614.07,71307.56,1165.88308,1770609599999
1770609600000,71307.56,71359.37,70924.13,71005.01,663.12266,1770613199999
1770613200000,71005.01,71112.0,70805.0,71044.51,554.37782,1770616799999
1770616800000,71044.51,71044.52,70311.7,70667.95,697.3032,1770620399999
1770620400000,70667.96,70902.51,70331.57,70422.59,1015.80172,1770623999999
1770624000000,70422.59,70608.83,69393.97,69873.99,1595.15551,1770627599999
1770627600000,69873.45,70116.0,69478.63,69630.35,1112.26419,1770631199999
1770631200000,69630.35,69730.38,68420.58,68727.88,2052.69575,1770634799999
1770634800000,68727.88,69022.89,68573.31,68928.72,1348.78221,1770638399999
1770638400000,68928.71,69262.91,68857.97,69147.01,1009.44887,1770641999999
1770642000000,69147.02,69299.99,68586.48,68594.57,1029.85836,1770645599999
1770645600000,68594.56,69755.59,68308.0,69272.0,2516.24849,1770649199999
1770649200000,69271.99,69884.82,68780.0,69563.37,2308.23216,1770652799999
1770652800000,69563.37,70428.48,69100.0,70093.01,1734.77412,1770656399999
1770656400000,70093.0,71000.0,69870.65,70612.29,2206.43168,1770659999999
1770660000000,70612.29,71012.0,70088.88,70418.68,1419.6332,1770663599999
1770663600000,70418.67,71075.31,70260.0,70957.01,878.36448,1770667199999
1770667200000,70957.01,71126.0,70500.0,70738.71,948.93614,1770670799999
1770670800000,70738.71,70807.75,69823.52,70400.0,1102.83201,1770674399999
1770674400000,70400.01,70719.7,70271.13,70372.96,530.94981,1770677999999
1770678000000,70372.96,70572.84,70083.45,70138.0,406.20163,1770681599999
1770681600000,70138.0,70255.36,69743.8,69827.33,569.13678,1770685199999
1770685200000,69827.34,70527.59,69827.34,70486.82,544.68673,1770688799999
1770688800000,70486.82,70486.82,69982.27,70102.89,444.00707,1770692399999
1770692400000,70102.9,70166.22,69208.61,69511.83,911.79715,1770695999999
1770696000000,69511.83,69906.5,69469.58,69831.62,489.42781,1770699599999
1770699600000,69831.62,69864.0,69210.76,69447.64,565.92441,1770703199999
1770703200000,69447.63,69499.9,68682.0,68921.35,1241.02042,1770706799999
1770706800000,68921.36,69218.64,68852.43,68919.66,837.11514,1770710399999
1770710400000,68919.66,69226.16,68725.81,69142.0,730.03493,1770713999999
1770714000000,69141.99,69417.7,68950.0,69151.5,1044.9818,1770717599999
1770717600000,69151.5,69258.52,68921.64,68921.68,686.30742,1770721199999
1770721200000,68921.68,69085.79,68459.89,68535.01,1128.13956,1770724799999
1770724800000,68535.02,68855.35,68434.0,68610.12,821.53118,1770728399999
1770728400000,68610.11,69143.6,68370.23,69027.95,992.44284,1770731999999
1770732000000,69027.94,69591.2,67800.0,68460.4,2352.751,1770735599999
1770735600000,68460.4,69519.72,68300.9,69293.37,1676.38862,1770739199999
1770739200000,69293.37,69810.35,68945.23,69517.71,1394.08093,1770742799999
1770742800000,69517.71,69993.65,69309.35,69925.31,899.7843,1770746399999
1770746400000,69925.31,69943.44,68604.63,68894.36,897.73226,1770749999999
1770750000000,68894.36,69303.99,68690.32,69062.01,805.90106,1770753599999
1770753600000,69062.0,69136.91,68629.47,68753.7,425.90627,1770757199999
1770757200000,68753.69,69005.45,68362.0,68656.21,402.88764,1770760799999
1770760800000,68656.22,68860.4,68566.8,68707.18,289.48213,1770764399999
1770764400000,68707.18,68860.09,68506.2,68841.29,222.30327,1770767999999
1770768000000,68841.28,69244.45,68784.47,69201.14,437.64105,1770771599999
1770771600000,69201.14,69292.88,68914.73,68982.0,303.52695,1770775199999
1770775200000,68982.0,69168.52,68603.4,68677.33,398.35346,1770778799999
1770778800000,68677.34,68751.91,68011.11,68187.99,778.71298,1770782399999
1770782400000,68188.0,68325.0,67368.0,67584.46,1295.18481,1770785999999
1770786000000,67584.47,67810.0,67397.86,67404.28,744.08532,1770789599999
1770789600000,67404.28,67491.84,66557.99,66820.32,1841.79675,1770793199999
1770793200000,66819.84,67254.6,66652.27,67032.72,1293.95919,1770796799999
1770796800000,67032.71,67134.42,66793.93,66981.07,871.78483,1770800399999
1770800400000,66981.08,67110.04,66716.02,66872.03,712.9704,1770803999999
1770804000000,66872.03,66891.64,66369.49,66531.99,1318.02907,1770807599999
1770807600000,66531.99,67110.77,66500.84,67053.03,1011.30301,1770811199999
1770811200000,67053.03,67424.24,66959.67,67133.5,1251.20611,1770814799999
1770814800000,67133.51,67674.3,66799.58,67454.49,1973.91228,1770818399999
1770818400000,67454.49,68834.34,66435.62,66584.6,3127.14059,1770821999999
1770822000000,66584.61,66818.18,65756.0,66519.73,2796.32516,1770825599999
1770825600000,66519.72,67250.0,65952.0,66039.09,1746.45856,1770829199999
1770829200000,66039.08,66921.12,65876.0,66518.26,1110.21085,1770832799999
1770832800000,66518.26,67305.28,66150.66,67275.34,935.25515,1770836399999
1770836400000,67275.34,67860.44,67105.79,67586.67,1212.94694,1770839999999
1770840000000,67586.66,67757.7,67190.0,67555.98,514.2706,1770843599999
1770843600000,67555.98,68369.77,67417.04,67811.17,1823.53852,1770847199999
1770847200000,67810.2,67872.68,67387.24,67433.14,541.63723,1770850799999
1770850800000,67433.54,67563.77,66787.7,67082.52,677.99621,1770854399999
1770854400000,67082.52,67700.0,67055.53,67460.75,581.7604,1770857999999
1770858000000,67460.75,68047.48,67460.75,67699.01,549.26066,1770861599999
1770861600000,67699.01,67800.0,67418.0,67439.14,554.16819,1770865199999
1770865200000,67439.14,67596.0,67306.61,67580.99,415.78114,1770868799999
1770868800000,67581.0,67682.69,67000.0,67018.4,588.3789,1770872399999
1770872400000,67018.4,67209.99,66670.45,67141.93,683.92376,1770875999999
1770876000000,67141.92,67355.93,67014.0,67125.57,830.7495,1770879599999
1770879600000,67125.57,67330.0,66935.64,67217.72,607.54971,1770883199999
1770883200000,67217.71,67344.0,66891.6,67141.15,783.02638,1770886799999
1770886800000,67141.15,67699.1,67050.0,67550.47,644.02356,1770890399999
1770890400000,67550.46,68026.6,67404.02,68014.01,843.40689,1770893999999
1770894000000,68014.0,68299.0,67740.0,68076.01,1397.59947,1770897599999
1770897600000,68076.01,68162.02,67720.0,67865.31,829.25823,1770901199999
1770901200000,67865.32,68397.5,67680.82,68376.58,960.32991,1770904799999
1770904800000,68376.58,68410.52,67493.78,67577.02,1431.75163,1770908399999
1770908400000,67577.02,68000.0,67014.98,67134.74,1602.90239,1770911999999
1770912000000,67134.74,67232.04,65556.0,65863.37,3193.11571,1770915599999
1770915600000,65863.38,66265.06,65374.56,65413.99,2100.56023,1770919199999
1770919200000,65414.0,65800.0,65118.0,65590.95,1612.17039,1770922799999
1770922800000,65590.95,66117.51,65274.4,65788.36,1027.63649,1770926399999
1770926400000,65788.36,66042.24,65215.06,65428.56,894.16583,1770929999999
1770930000000,65428.24,65900.0,65428.24,65849.87,590.26423,1770933599999
1770933600000,65849.86,66399.94,65643.34,66288.0,642.82133,1770937199999
1770937200000,66288.01,66488.9,66156.47,66272.17,907.1379,1770940799999
1770940800000,66272.17,66527.09,65872.46,65918.6,765.38996,1770944399999
1770944400000,65918.61,66619.9,65918.61,66454.95,771.58544,1770947999999
1770948000000,66454.95,66759.61,66384.0,66663.08,476.45341,1770951599999
1770951600000,66663.08,66814.0,66462.4,66553.08,569.96335,1770955199999
1770955200000,66553.09,66671.62,66308.48,66329.22,462.15015,1770958799999
1770958800000,66329.22,66502.27,66175.79,66175.79,484.2505,1770962399999
1770962400000,66175.79,66397.86,66002.98,66359.28,613.96613,1770965999999
1770966000000,66359.28,66568.47,66050.21,66208.96,868.05316,1770969599999
1770969600000,66208.96,66747.38,66191.52,66699.96,603.02656,1770973199999
1770973200000,66699.96,67062.93,66612.86,66959.71,592.93469,1770976799999
1770976800000,66959.72,67116.0,66800.0,66977.66,516.91289,1770980399999
1770980400000,66977.66,67226.66,66783.38,67171.42,488.71065,1770983999999
1770984000000,67171.41,67212.28,66918.38,67084.0,405.35988,1770987599999
1770987600000,67084.01,67615.34,66938.0,67274.15,1624.06539,1770991199999
1770991200000,67274.14,68028.45,66867.47,67733.51,1724.03844,1770994799999
1770994800000,67733.51,69309.8,67692.0,68692.12,3133.0872,1770998399999
1770998400000,68692.12,69482.97,68540.83,68954.69,1775.68698,1771001999999
1771002000000,68954.69,69250.25,68636.36,69047.99,921.29676,1771005599999
1771005600000,69048.0,69411.44,68903.27,69129.99,1063.59333,1771009199999
1771009200000,69129.99,69236.33,68918.79,68938.91,560.0454,1771012799999
1771012800000,68938.91,68973.35,68683.32,68777.12,555.3285,1771016399999
1771016400000,68777.13,69079.4,68731.75,68902.48,463.4195,1771019999999
1771020000000,68902.48,69000.0,68726.4,68995.28,544.04056,1771023599999
1771023600000,68995.29,69000.0,68829.2,68853.96,261.19072,1771027199999
1771027200000,68853.97,69137.5,68768.56,69090.24,447.10398,1771030799999
1771030800000,69090.25,69108.8,68921.54,68964.51,344.69001,1771034399999
1771034400000,68964.51,69006.34,68845.6,68884.21,261.74234,1771037999999
1771038000000,68884.21,69027.14,68852.0,68981.99,238.3937,1771041599999
1771041600000,68982.0,68995.11,68789.59,68790.0,489.78591,1771045199999
1771045200000,68790.01,68910.0,68760.0,68773.42,308.2603,1771048799999
1771048800000,68773.41,68936.98,68730.13,68936.98,470.43757,1771052399999
1771052400000,68936.98,69343.0,68884.56,69219.26,919.89001,1771055999999
1771056000000,69219.27,69870.99,69218.71,69746.2,1347.80343,1771059599999
1771059600000,69746.2,69900.0,69566.78,69714.93,555.36385,1771063199999
1771063200000,69714.94,69714.94,69585.15,69671.86,257.25533,1771066799999
1771066800000,69671.86,70560.01,69671.86,70505.74,1370.55448,1771070399999
1771070400000,70505.74,70533.67,69600.0,69640.2,1278.19574,1771073999999
1771074000000,69640.2,69771.91,69064.6,69460.0,3393.7597,1771077599999
1771077600000,69460.0,69856.7,69208.09,69701.66,1680.0126,1771081199999
1771081200000,69701.66,70048.39,69560.0,69778.28,751.6532,1771084799999
1771084800000,69778.28,69815.0,69283.02,69755.1,1006.67903,1771088399999
1771088400000,69755.1,69930.9,69609.0,69739.38,685.87401,1771091999999
1771092000000,69739.38,69856.7,69672.55,69772.31,270.42048,1771095599999
1771095600000,69772.3,69920.6,69619.52,69873.99,332.30706,1771099199999
1771099200000,69873.99,70028.59,69732.75,70023.09,434.13483,1771102799999
1771102800000,70023.1,70250.46,69668.05,69935.86,640.89584,1771106399999
1771106400000,69935.86,70100.0,69781.0,69959.75,292.90739,1771109999999
1771110000000,69959.74,70020.0,69723.18,69822.95,336.66314,1771113599999
1771113600000,69822.94,69864.74,69600.0,69777.07,292.27775,1771117199999
1771117200000,69777.06,69902.7,69350.0,69717.65,400.20039,1771120799999
1771120800000,69717.65,69753.9,69341.27,69480.01,375.21945,1771124399999
1771124400000,69480.0,69990.02,69251.5,69954.5,697.2437,1771127999999
1771128000000,69954.5,70518.57,69459.35,70183.99,2275.16813,1771131599999
1771131600000,70184.0,70472.43,70132.54,70267.61,540.45783,1771135199999
1771135200000,70267.6,70540.99,70184.09,70405.12,505.71551,1771138799999
1771138800000,70405.12,70926.42,70307.11,70828.42,1425.80275,1771142399999
1771142400000,70828.43,70983.0,70182.31,70446.52,898.37828,1771145999999
1771146000000,70446.52,70668.0,70370.3,70419.11,334.99126,1771149599999
1771149600000,70419.12,70523.94,70208.16,70427.02,382.24903,1771153199999
1771153200000,70427.02,70543.14,70267.6,70295.22,457.63561,1771156799999
1771156800000,70295.22,70418.48,69309.87,69314.21,1027.34588,1771160399999
1771160400000,69314.22,69620.06,68772.2,68930.0,1749.29694,1771163999999
1771164000000,68930.0,69219.71,68845.72,69170.51,629.32577,1771167599999
1771167600000,69170.51,69255.6,68888.0,69099.99,446.59665,1771171199999
1771171200000,69100.0,69100.0,68658.0,69017.75,1442.09011,1771174799999
1771174800000,69017.76,69085.22,68203.6,68641.21,1194.71218,1771178399999
1771178400000,68641.21,68800.0,68274.31,68451.44,2695.36643,1771181999999
1771182000000,68451.45,68560.84,68000.0,68286.63,2807.35363,1771185599999
1771185600000,68286.64,68560.22,68120.0,68450.0,399.94279,1771189199999
1771189200000,68450.0,68950.16,68450.0,68852.01,407.5596,1771192799999
1771192800000,68852.01,69078.49,68801.06,68999.96,384.07496,1771196399999
1771196400000,68999.96,68999.96,68319.64,68832.58,521.04745,1771199999999
1771200000000,68832.59,69065.5,68700.0,68845.81,349.86984,1771203599999
1771203600000,68845.81,69041.97,68454.54,68630.81,270.08273,1771207199999
1771207200000,68630.81,68734.0,68243.68,68320.48,683.734,1771210799999
1771210800000,68320.49,68463.96,68143.22,68424.82,453.41167,1771214399999
1771214400000,68424.82,68894.52,68417.17,68870.07,465.20741,1771217999999
1771218000000,68870.07,68900.0,68293.28,68385.29,353.88428,1771221599999
1771221600000,68385.29,68527.8,68228.76,68450.8,240.56615,1771225199999
1771225200000,68450.8,68672.59,68380.0,68587.9,362.20306,1771228799999
1771228800000,68587.89,68798.7,68542.63,68762.85,301.81895,1771232399999
1771232400000,68762.86,69060.77,68748.02,68992.71,453.08481,1771235999999
1771236000000,68992.7,68992.71,68690.85,68798.22,358.68374,1771239599999
1771239600000,68798.21,68918.22,68338.9,68812.83,495.50759,1771243199999
1771243200000,68812.84,69848.48,68807.54,69763.24,1602.28029,1771246799999
1771246800000,69763.24,70126.67,68225.0,68395.1,1720.62066,1771250399999
1771250400000,68395.11,68718.3,68260.39,68427.64,1092.6004,1771253999999
1771254000000,68427.64,68607.22,67294.11,67539.52,2148.07022,1771257599999
1771257600000,67539.53,67974.86,67513.94,67888.7,895.58119,1771261199999
1771261200000,67888.7,68074.12,67600.93,67951.86,501.76328,1771264799999
1771264800000,67951.85,68245.34,67830.82,67860.13,606.24788,1771268399999
1771268400000,67860.13,68130.0,67824.91,67913.43,262.97624,1771271999999
1771272000000,67913.44,68549.14,67827.11,68530.0,457.58536,1771275599999
1771275600000,68530.0,68933.85,68427.18,68862.88,534.27425,1771279199999
1771279200000,68862.89,68890.0,68509.07,68591.02,556.75779,1771282799999
1771282800000,68591.01,68978.88,68538.57,68892.43,348.95355,1771286399999
1771286400000,68892.43,69042.74,68704.36,68878.27,476.69143,1771289999999
1771290000000,68878.27,68996.67,68563.16,68618.11,499.89142,1771293599999
1771293600000,68618.12,69241.5,68387.2,68838.48,625.65656,1771297199999
1771297200000,68838.48,68860.68,68470.0,68474.9,367.85689,1771300799999
1771300800000,68474.9,68707.49,68288.0,68481.67,329.69022,1771304399999
1771304400000,68481.68,68510.76,67892.0,68245.71,633.07748,1771307999999
1771308000000,68245.71,68519.99,68242.49,68400.0,230.38739,1771311599999
1771311600000,68400.01,68480.0,68165.02,68388.12,314.74756,1771315199999
1771315200000,68388.12,68479.17,68130.78,68177.53,285.96667,1771318799999
1771318800000,68177.53,68308.37,67992.03,68126.28,404.18575,1771322399999
1771322400000,68126.29,68194.46,67704.96,67845.3,504.39951,1771325999999
1771326000000,67845.3,67935.73,67690.0,67854.6,507.67784,1771329599999
1771329600000,67854.6,68299.4,67827.52,67919.49,607.94036,1771333199999
1771333200000,67919.49,68360.5,67734.36,68136.34,716.87733,1771336799999
1771336800000,68136.35,68337.6,66734.3,66875.06,2328.63639,1771340399999
1771340400000,66875.06,67409.99,66621.06,67392.05,2309.0413,1771343999999
1771344000000,67392.06,68158.1,67317.6,67517.36,1448.76651,1771347599999
1771347600000,67517.36,67714.28,66881.08,67244.22,1144.38591,1771351199999
1771351200000,67244.22,68227.41,67127.86,68098.62,824.93415,1771354799999
1771354800000,68098.63,68235.39,67695.45,67793.32,785.88027,1771358399999
1771358400000,67793.32,67928.08,67484.16,67753.3,471.88623,1771361999999
1771362000000,67753.3,67926.29,67538.0,67680.54,253.25027,1771365599999
1771365600000,67680.55,67788.42,67513.42,67527.72,176.97341,1771369199999
1771369200000,67527.72,67617.46,67394.0,67503.52,240.26836,1771372799999
1771372800000,67503.52,67627.97,67290.3,67302.65,186.99827,1771376399999
1771376400000,67302.65,67378.26,66892.03,67165.2,545.6883,1771379999999
1771380000000,67165.21,67421.99,67153.36,67335.04,250.64041,1771383599999
1771383600000,67335.04,67705.65,67326.98,67629.11,243.56061,1771387199999
1771387200000,67629.1,67900.0,67500.1,67823.54,328.68469,1771390799999
1771390800000,67823.55,67938.0,67606.45,67654.8,311.88419,1771394399999
1771394400000,67654.81,67976.51,67614.91,67850.52,264.75627,1771397999999
1771398000000,67850.53,68219.81,67702.7,68106.44,528.49446,1771401599999
1771401600000,68106.44,68476.22,68071.58,68132.82,532.69792,1771405199999
1771405200000,68132.83,68276.0,68010.11,68157.79,339.37122,1771408799999
1771408800000,68157.8,68184.41,67731.95,67801.26,395.11187,1771412399999
1771412400000,67801.26,67805.08,67076.9,67369.75,654.97357,1771415999999
1771416000000,67369.75,67689.76,67345.0,67458.06,459.50762,1771419599999
1771419600000,67458.06,67599.7,67051.81,67236.88,549.44565,1771423199999
1771423200000,67236.89,67362.26,66717.3,67223.76,1553.71672,1771426799999
1771426800000,67223.77,68347.72,67192.25,67694.01,1767.46696,1771430399999
1771430400000,67694.01,67706.94,66994.23,67145.34,1029.31402,1771433999999
1771434000000,67145.35,67486.97,67057.13,67187.39,676.97648,1771437599999
1771437600000,67187.4,67229.76,66200.0,66359.99,1304.49131,1771441199999
1771441200000,66360.0,66619.0,65870.0,66177.14,1301.14212,1771444799999
1771444800000,66177.15,66550.0,66141.9,66268.39,682.91387,1771448399999
1771448400000,66268.4,66504.2,66053.6,66342.76,909.37392,1771451999999
1771452000000,66342.76,66477.7,66232.02,66408.82,352.09134,1771455599999
1771455600000,66408.83,66502.49,66275.71,66461.0,323.1366,1771459199999
1771459200000,66461.0,66597.03,66345.0,66446.49,297.42224,1771462799999
1771462800000,66446.49,66884.16,66446.48,66866.62,415.14671,1771466399999
1771466400000,66866.63,66958.9,66639.99,66835.2,362.58869,1771469999999
1771470000000,66835.2,66997.07,66727.27,66980.91,262.07528,1771473599999
1771473600000,66980.91,67070.56,66759.0,66802.75,389.01702,1771477199999
1771477200000,66802.74,66893.06,66679.76,66871.35,253.79395,1771480799999
1771480800000,66871.34,67290.4,66865.43,67150.12,468.59633,1771484399999
1771484400000,67150.12,67320.0,67028.7,67206.45,481.75258,1771487999999
1771488000000,67206.45,67206.45,66785.56,66966.12,559.76369,1771491599999
1771491600000,66966.12,67191.83,66754.23,66836.0,463.29328,1771495199999
1771495200000,66836.01,66958.4,66741.77,66843.08,368.25421,1771498799999
1771498800000,66843.08,66936.42,66478.02,66496.02,488.02461,1771502399999
1771502400000,66496.03,66680.7,66325.34,66516.67,484.41025,1771505999999
1771506000000,66516.67,66556.59,65763.0,65913.37,1377.50527,1771509599999
1771509600000,65913.38,66662.3,65631.83,66421.2,1506.37269,1771513199999
1771513200000,66421.2,66755.39,65966.0,66398.0,1083.30553,1771516799999
1771516800000,66398.01,66514.95,65899.25,66293.53,940.96239,1771520399999
1771520400000,66293.53,67049.99,66173.15,66369.42,899.04062,1771523999999
1771524000000,66369.42,67073.13,66228.49,67030.49,865.51701,1771527599999
1771527600000,67030.5,67198.1,66700.0,67050.0,706.47789,1771531199999
1771531200000,67050.0,67166.98,66823.03,67149.11,444.88336,1771534799999
1771534800000,67149.11,67168.86,66900.92,66916.51,265.40447,1771538399999
1771538400000,66916.51,67000.0,66652.34,66915.14,854.02212,1771541999999
1771542000000,66915.15,67023.61,66814.76,67003.73,304.63969,1771545599999
1771545600000,67003.73,67486.62,66949.41,67228.91,595.00262,1771549199999
1771549200000,67228.91,67355.79,67150.0,67279.9,313.31598,1771552799999
1771552800000,67279.91,67347.76,67181.28,67242.03,232.09759,1771556399999
1771556400000,67242.03,67488.67,67241.24,67366.25,332.50492,1771559999999
1771560000000,67366.25,67402.23,67115.38,67264.83,362.39174,1771563599999
1771563600000,67264.83,68006.0,67203.19,67790.1,1107.38598,1771567199999
1771567200000,67790.11,67894.2,67660.12,67847.47,482.66553,1771570799999
1771570800000,67847.47,67990.0,67767.4,67825.91,459.03505,1771574399999
1771574400000,67825.91,67950.85,67747.33,67879.99,290.00035,1771577999999
1771578000000,67879.99,68230.01,67879.99,68218.85,996.7879,1771581599999
1771581600000,68218.85,68318.39,67843.42,67948.99,638.74258,1771585199999
1771585200000,67948.99,67983.91,67280.6,67318.41,1489.10389,1771588799999
1771588800000,67318.41,67594.0,67276.41,67541.77,603.15784,1771592399999
1771592400000,67541.78,67541.78,66280.2,66801.62,7078.59491,1771595999999
1771596000000,66801.62,67317.5,66532.87,67069.65,5263.48808,1771599599999
1771599600000,67069.65,68083.98,66536.64,67582.95,3143.21056,1771603199999
1771603200000,67582.95,67921.7,67283.24,67795.47,1312.90303,1771606799999
1771606800000,67795.48,67795.48,66952.11,67613.37,6085.1555,1771610399999
1771610400000,67613.38,68000.0,67466.11,67924.21,1321.6326,1771613999999
1771614000000,67924.22,68000.0,67548.85,67646.03,854.45567,1771617599999
1771617600000,67646.03,67885.55,67520.3,67750.4,685.93834,1771621199999
1771621200000,67750.4,67840.0,67639.29,67825.87,451.92527,1771624799999
1771624800000,67825.87,68116.6,67639.31,68078.13,669.63597,1771628399999
1771628400000,68078.13,68233.99,67914.0,68020.01,582.73901,1771631999999
1771632000000,68020.0,68051.16,67787.19,67841.0,537.54494,1771635599999
1771635600000,67841.0,68005.99,67841.0,67951.24,250.62697,1771639199999
1771639200000,67951.25,68099.54,67913.3,68001.05,224.56497,1771642799999
1771642800000,68001.04,68001.04,67534.69,67667.77,569.35853,1771646399999
1771646400000,67667.77,67846.88,67593.99,67816.97,228.62441,1771649999999
1771650000000,67816.98,67888.4,67799.7,67851.93,141.24714,1771653599999
1771653600000,67851.93,67924.39,67750.96,67793.38,228.15051,1771657199999
1771657200000,67793.39,67884.74,67749.59,67856.01,118.21011,1771660799999
1771660800000,67856.01,68079.41,67807.3,68055.03,293.16321,1771664399999
1771664400000,68055.04,68314.54,67978.9,68147.53,599.79254,1771667999999
1771668000000,68147.54,68250.0,68139.65,68215.54,212.21766,1771671599999
1771671600000,68215.55,68283.34,68084.0,68092.45,279.32431,1771675199999
1771675200000,68092.45,68218.2,67915.0,68203.42,307.88407,1771678799999
1771678800000,68203.42,68260.0,68106.89,68259.99,202.25945,1771682399999
1771682400000,68259.99,68644.0,68180.53,68450.01,880.51744,1771685999999
1771686000000,68450.01,68698.7,68417.0,68615.0,427.6444,1771689599999
1771689600000,68615.01,68630.76,68101.78,68322.6,658.4992,1771693199999
1771693200000,68322.61,68474.01,68200.0,68437.45,212.23015,1771696799999
1771696800000,68437.45,68644.0,68383.08,68574.0,320.28262,1771700399999
1771700400000,68573.99,68658.5,68526.81,68543.51,219.15242,1771703999999
1771704000000,68543.51,68605.63,68190.0,68211.19,369.37236,1771707599999
1771707600000,68211.19,68390.93,68183.1,68379.95,170.62817,1771711199999
1771711200000,68379.95,68437.56,67900.0,67972.0,378.72918,1771714799999
1771714800000,67972.0,68124.54,67941.02,67975.93,202.81655,1771718399999
1771718400000,67975.93,68060.4,67809.78,67946.0,294.60551,1771721999999
1771722000000,67946.0,68171.46,67945.99,68159.31,265.09117,1771725599999
1771725600000,68159.32,68222.16,67872.76,67909.68,289.41881,1771729199999
1771729200000,67909.67,68062.03,67824.9,68041.43,265.36653,1771732799999
1771732800000,68041.42,68086.0,67966.52,67983.5,199.56269,1771736399999
1771736400000,67983.5,68011.75,67881.81,67977.52,154.76424,1771739999999
1771740000000,67977.52,68178.79,67972.89,68038.13,303.09242,1771743599999
1771743600000,68038.14,68095.57,67990.5,68005.3,266.37265,1771747199999
1771747200000,68005.3,68019.46,67912.02,67950.1,183.6609,1771750799999
1771750800000,67950.11,68101.46,67948.74,68053.32,173.06503,1771754399999
1771754400000,68053.33,68153.2,68012.78,68129.56,204.92643,1771757999999
1771758000000,68129.57,68245.0,68129.56,68219.97,171.48901,1771761599999
1771761600000,68219.97,68232.4,67871.59,67928.22,372.42816,1771765199999
1771765200000,67928.23,68040.8,67571.08,67652.38,679.59468,1771768799999
1771768800000,67652.38,67682.47,67353.75,67443.89,825.57077,1771772399999
1771772400000,67443.89,67813.2,67303.5,67684.14,653.6397,1771775999999
1771776000000,67684.15,67718.13,67513.83,67632.76,299.2772,1771779599999
1771779600000,67632.76,67635.22,67190.0,67384.49,691.10182,1771783199999
1771783200000,67384.48,67461.41,67313.54,67422.62,362.52705,1771786799999
1771786800000,67422.63,67488.7,67403.37,67428.32,222.75597,1771790399999
1771790400000,67428.32,67491.96,67350.0,67401.74,272.50364,1771793999999
1771794000000,67401.74,67643.94,67401.74,67612.66,235.86316,1771797599999
1771797600000,67612.66,67751.44,67485.34,67666.16,369.66378,1771801199999
1771801200000,67666.16,67730.98,67469.58,67643.4,418.79352,1771804799999
1771804800000,67643.39,67684.86,66715.01,66740.47,765.22691,1771808399999
1771808400000,66740.47,66740.47,64290.71,64427.65,7324.06208,1771811999999
1771812000000,64427.64,64916.85,64325.98,64783.56,1843.2569,1771815599999
1771815600000,64783.56,65079.79,64700.0,64934.17,1090.11911,1771819199999
1771819200000,64934.18,65040.29,64685.64,64808.31,792.86138,1771822799999
1771822800000,64808.31,65294.8,64796.85,65070.9,1215.1894,1771826399999
1771826400000,65070.9,65802.09,65033.9,65757.32,1085.08146,1771829999999
1771830000000,65757.33,66015.22,65641.55,65958.94,1026.69503,1771833599999
1771833600000,65958.94,65958.94,65565.78,65676.44,895.54696,1771837199999
1771837200000,65676.44,66456.5,65672.76,66404.91,974.96031,1771840799999
1771840800000,66404.92,66600.0,66220.0,66319.69,789.042,1771844399999
1771844400000,66319.69,66487.37,66114.22,66207.23,534.45165,1771847999999
1771848000000,66207.23,66511.51,65886.51,66280.4,754.07687,1771851599999
1771851600000,66280.4,66430.52,66103.35,66132.66,807.41354,1771855199999
1771855200000,66132.65,66264.95,65529.73,65923.53,971.74614,1771858799999
1771858800000,65923.52,66250.0,65579.53,65660.1,1263.10354,1771862399999
1771862400000,65660.1,65724.28,65178.83,65364.65,1502.46383,1771865999999
1771866000000,65364.66,65451.01,64152.04,64813.26,2524.7894,1771869599999
1771869600000,64813.27,65194.51,64586.0,64635.49,994.68933,1771873199999
1771873200000,64635.49,64855.18,64048.71,64295.1,2158.00321,1771876799999
1771876800000,64295.11,64487.94,63888.79,64473.14,1313.21455,1771880399999
1771880400000,64473.14,64783.54,64459.44,64580.66,593.24685,1771883999999
1771884000000,64580.66,65035.98,64555.59,64725.56,1451.85665,1771887599999
1771887600000,64725.56,64900.63,64538.9,64656.02,404.81213,1771891199999
1771891200000,64656.01,65026.75,64656.01,64941.43,437.59997,1771894799999
1771894800000,64941.42,64941.42,63433.84,64160.27,2402.75927,1771898399999
1771898400000,64160.26,64500.0,64000.0,64109.81,599.63527,1771901999999
1771902000000,64109.8,64109.8,63342.9,63595.51,1312.76931,1771905599999
1771905600000,63595.51,63628.52,62868.69,63378.84,2096.9105,1771909199999
1771909200000,63378.84,63551.58,62700.8,63104.79,1274.07037,1771912799999
1771912800000,63104.79,63322.28,62900.0,63082.79,677.94768,1771916399999
1771916400000,63082.79,63367.2,62866.42,63192.96,890.96125,1771919999999
1771920000000,63192.79,63444.66,63009.92,63392.15,669.14656,1771923599999
1771923600000,63392.15,63411.8,62908.92,63249.99,657.17066,1771927199999
1771927200000,63250.0,63369.71,63112.7,63284.5,447.19211,1771930799999
1771930800000,63284.51,63317.95,63063.63,63227.1,461.08382,1771934399999
1771934400000,63227.11,63343.59,62965.21,62969.05,642.15852,1771937999999
1771938000000,62969.04,63100.0,62510.28,62900.0,2362.19948,1771941599999
1771941600000,62900.01,63834.21,62762.03,63453.99,1408.18955,1771945199999
1771945200000,63454.0,64031.76,63300.0,63973.97,1127.10688,1771948799999
1771948800000,63973.98,64428.9,63689.54,64265.52,1423.20973,1771952399999
1771952400000,64265.53,64520.0,64042.8,64219.71,1017.32505,1771955999999
1771956000000,64219.7,64500.0,63872.72,64435.06,809.89318,1771959599999
1771959600000,64435.05,64743.11,64250.52,64435.03,722.29463,1771963199999
1771963200000,64435.03,64591.99,64318.03,64472.9,409.22444,1771966799999
1771966800000,64472.9,64472.9,63820.5,64042.66,576.40912,1771970399999
1771970400000,64042.66,64227.81,63973.79,64120.95,288.16182,1771973999999
1771974000000,64120.96,64248.65,63853.99,64058.15,389.41705,1771977599999
1771977600000,64058.15,64319.29,63913.27,64224.3,292.38037,1771981199999
1771981200000,64224.29,66300.0,64145.2,65896.75,2840.08056,1771984799999
1771984800000,65896.74,66310.0,65866.66,65884.83,1252.91602,1771988399999
1771988400000,65884.84,65955.87,65350.28,65391.73,801.79518,1771991999999
1771992000000,65391.74,65650.0,65116.65,65457.99,723.49717,1771995599999
1771995600000,65458.0,65511.21,64755.26,64882.76,831.61343,1771999199999
1771999200000,64882.77,65124.04,64865.78,64898.22,394.76962,1772002799999
1772002800000,64898.22,65193.25,64781.18,65028.3,682.59011,1772006399999
1772006400000,65028.3,65586.87,64955.79,65530.49,694.36389,1772009999999
1772010000000,65530.48,65692.62,65396.47,65558.71,545.80832,1772013599999
1772013600000,65558.71,65648.74,65345.0,65400.87,315.12553,1772017199999
1772017200000,65400.87,65485.91,65200.8,65430.04,442.6001,1772020799999
1772020800000,65430.04,66240.0,65324.62,66068.94,1316.71816,1772024399999
1772024400000,66068.94,66684.1,66025.39,66248.62,1860.04287,1772027999999
1772028000000,66248.63,67009.78,66202.66,66973.2,2180.16784,1772031599999
1772031600000,66973.19,67578.0,66715.13,67412.33,2522.90832,1772035199999
1772035200000,67412.32,68332.0,67404.0,68297.35,2059.42933,1772038799999
1772038800000,68297.35,68879.96,68016.53,68674.2,2463.18666,1772042399999
1772042400000,68674.2,69550.0,68373.33,69328.07,2105.00773,1772045999999
1772046000000,69328.06,69406.93,68764.94,69038.26,1672.83962,1772049599999
1772049600000,69038.26,69374.95,68619.22,69148.69,1076.93003,1772053199999
1772053200000,69148.69,69988.83,68773.83,68919.72,1562.1195,1772056799999
1772056800000,68919.72,69176.0,68055.91,68432.13,1092.88431,1772060399999
1772060400000,68432.13,68696.97,67600.0,67988.04,1020.21792,1772063999999
1772064000000,67988.04,68539.17,67727.52,68335.99,1134.56842,1772067599999
1772067600000,68335.99,68700.0,68210.35,68248.3,619.19035,1772071199999
1772071200000,68248.3,68351.0,67779.93,68257.45,833.1941,1772074799999
1772074800000,68257.46,68379.59,68044.18,68216.86,408.51743,1772078399999
1772078400000,68216.87,68860.0,68179.62,68571.36,587.55874,1772081999999
1772082000000,68571.36,68571.37,68127.58,68443.81,486.81983,1772085599999
1772085600000,68443.82,68522.0,68042.9,68176.75,618.63359,1772089199999
1772089200000,68176.75,68290.18,67817.87,67825.04,840.14406,1772092799999
1772092800000,67825.05,68236.0,67792.0,67954.01,761.69108,1772096399999
1772096400000,67954.0,68644.59,67933.25,68589.41,1095.31619,1772099999999
1772100000000,68589.41,68722.64,68257.64,68301.62,688.66072,1772103599999
1772103600000,68301.61,68404.25,67965.46,68051.31,722.94931,1772107199999
1772107200000,68051.3,68303.83,68009.88,68171.56,642.07881,1772110799999
1772110800000,68171.55,68213.98,67848.69,67905.35,698.96783,1772114399999
1772114400000,67905.34,68272.21,67264.22,67697.74,1769.26733,1772117999999
1772118000000,67696.89,67743.36,66761.16,67382.0,2095.8814,1772121599999
1772121600000,67382.0,67566.85,66500.0,66643.55,2050.20093,1772125199999
1772125200000,66643.56,67044.1,66600.46,66826.8,885.82755,1772128799999
1772128800000,66826.8,67373.9,66575.73,67310.53,1058.47196,1772132399999
1772132400000,67310.53,67903.12,67285.99,67589.22,1235.95013,1772135999999
1772136000000,67589.21,67831.11,67269.42,67414.07,597.88987,1772139599999
1772139600000,67414.07,67575.97,67150.14,67463.65,299.84732,1772143199999
1772143200000,67463.65,67630.22,67301.75,67572.3,291.6336,1772146799999
1772146800000,67572.3,67656.11,67390.65,67485.18,314.51737,1772150399999
1772150400000,67485.19,67537.84,67000.0,67226.5,462.9103,1772153999999
1772154000000,67226.5,67398.86,66885.0,67352.26,818.15438,1772157599999
1772157600000,67352.26,67546.15,67263.56,67266.58,463.09611,1772161199999
1772161200000,67266.58,67712.16,67099.71,67600.84,415.67371,1772164799999
1772164800000,67600.84,68216.8,67578.67,67747.49,1318.53811,1772168399999
1772168400000,67747.49,67924.0,67683.3,67724.99,411.56603,1772171999999
1772172000000,67725.0,67823.9,67525.46,67658.14,398.60368,1772175599999
1772175600000,67658.14,67774.48,67459.3,67690.6,896.56486,1772179199999
1772179200000,67690.6,68079.83,67655.86,67926.24,712.98047,1772182799999
1772182800000,67926.25,68149.93,67284.22,67355.73,1377.2902,1772186399999
1772186400000,67355.72,67416.78,66574.0,66604.91,1414.83211,1772189999999
1772190000000,66604.9,66778.68,65960.01,66126.99,1399.59256,1772193599999
1772193600000,66126.99,66217.42,65734.71,65928.01,1855.03329,1772197199999
1772197200000,65928.01,66344.9,65649.34,66270.55,1278.55317,1772200799999
1772200800000,66270.55,66334.87,65686.64,65887.59,1404.23206,1772204399999
1772204400000,65887.59,66311.11,65845.18,66095.4,957.11978,1772207999999
1772208000000,66095.4,66121.03,65462.93,65475.21,1135.56487,1772211599999
1772211600000,65475.21,65765.06,65113.72,65703.19,1265.39709,1772215199999
1772215200000,65703.18,65788.07,65228.33,65314.76,623.00837,1772218799999
1772218800000,65314.76,65457.35,65172.6,65392.18,851.95591,1772222399999
1772222400000,65392.18,65666.66,65392.18,65594.67,444.86468,1772225999999
1772226000000,65594.67,65749.94,65400.0,65527.59,282.6564,1772229599999
1772229600000,65527.59,65673.33,64914.46,65637.99,713.5349,1772233199999
1772233200000,65638.0,65953.2,65551.67,65872.1,326.8612,1772236799999
1772236800000,65872.09,66025.52,65721.13,65942.0,334.42449,1772240399999
1772240400000,65942.01,65971.93,65743.71,65770.36,267.81274,1772243999999
1772244000000,65770.36,66018.85,65761.94,65961.13,204.09288,1772247599999
1772247600000,65961.13,65982.34,65745.39,65797.42,239.41397,1772251199999
1772251200000,65797.42,65818.44,65488.0,65663.2,311.53682,1772254799999
1772254800000,65663.21,65729.65,65500.0,65591.03,300.20395,1772258399999
1772258400000,65591.03,65591.04,63030.0,63216.01,3175.19445,1772261999999
1772262000000,63216.01,64327.22,63038.0,63826.0,2127.97927,1772265599999
1772265600000,63825.99,63877.09,63411.39,63473.28,1118.13838,1772269199999
1772269200000,63473.27,64005.35,63372.1,63658.54,737.11739,1772272799999
1772272800000,63658.55,64053.93,63452.64,64010.39,1633.42712,1772276399999
1772276400000,64010.38,64307.44,63791.25,63844.2,1245.63976,1772279999999
1772280000000,63844.2,64082.66,63827.2,64017.19,474.84169,1772283599999
1772283600000,64017.18,65216.97,63888.89,65106.44,1748.13055,1772287199999
1772287200000,65106.45,65360.51,64278.5,64435.61,1331.97244,1772290799999
1772290800000,64435.62,65020.75,64200.0,64841.18,731.53889,1772294399999
1772294400000,64841.17,65206.25,64681.81,65094.3,500.23365,1772297999999
1772298000000,65094.29,65555.0,64828.03,65442.62,595.58409,1772301599999
1772301600000,65442.61,66157.61,65185.7,65911.84,830.58148,1772305199999
1772305200000,65911.83,66666.65,65602.65,66362.01,1072.73124,1772308799999
1772308800000,66362.01,67151.68,66190.61,66959.62,840.13263,1772312399999
1772312400000,66959.63,67055.56,66368.42,66723.22,934.75984,1772315999999
1772316000000,66723.23,67760.0,66608.82,67103.64,1310.09118,1772319599999
1772319600000,67103.63,67210.0,66733.73,66973.26,483.13759,1772323199999
1772323200000,66973.26,67121.8,66620.5,66791.29,560.35194,1772326799999
1772326800000,66791.29,67703.32,66042.72,67339.36,1630.19028,1772330399999
1772330400000,67339.36,68199.99,67339.36,67620.65,1861.8227,1772333999999
1772334000000,67620.65,67813.33,67400.0,67502.16,637.99716,1772337599999
1772337600000,67502.16,67612.14,67079.36,67346.5,631.60541,1772341199999
1772341200000,67346.5,67574.65,67200.0,67292.09,437.89406,1772344799999
1772344800000,67292.08,67345.8,66749.35,66926.68,1159.96329,1772348399999
1772348400000,66926.69,67235.72,66784.58,67141.39,937.93278,1772351999999
1772352000000,67141.4,67292.3,66389.33,66560.14,1475.81311,1772355599999
1772355600000,66560.14,66771.1,66246.95,66410.08,815.73368,1772359199999
1772359200000,66410.09,66731.47,66215.71,66467.06,621.17753,1772362799999
1772362800000,66467.07,66661.61,66372.27,66468.03,338.19615,1772366399999
1772366400000,66468.04,66550.0,66241.97,66296.48,388.82935,1772369999999
1772370000000,66296.48,67360.57,66132.27,66934.79,1311.02111,1772373599999
1772373600000,66934.8,67320.19,66752.58,66847.8,911.62631,1772377199999
1772377200000,66847.8,67243.69,66828.6,66842.42,1028.55576,1772380799999
1772380800000,66842.42,67112.37,65730.28,66135.45,1500.74296,1772384399999
1772384400000,66135.45,66219.77,65699.98,65979.61,952.1973,1772387999999
1772388000000,65979.61,66657.44,65979.61,66316.83,906.08265,1772391599999
1772391600000,66316.84,66345.95,65772.29,65962.17,541.15631,1772395199999
1772395200000,65962.16,65962.16,65084.02,65300.0,961.21349,1772398799999
1772398800000,65300.01,65756.5,65281.83,65666.2,996.50526,1772402399999
1772402400000,65666.19,66491.43,65056.0,65268.71,1763.29476,1772405999999
1772406000000,65268.71,66080.0,65125.67,65776.47,831.95524,1772409599999
1772409600000,65776.48,66796.44,65761.04,66501.52,990.0826,1772413199999
1772413200000,66501.52,67079.0,66358.45,66532.02,886.93071,1772416799999
1772416800000,66532.02,66609.94,65890.5,66276.77,554.16265,1772420399999
1772420400000,66276.77,67037.22,66101.07,66820.03,509.4124,1772423999999
1772424000000,66820.03,66975.74,66633.13,66862.12,750.65203,1772427599999
1772427600000,66862.11,66995.64,66547.81,66730.78,887.19458,1772431199999
1772431200000,66730.78,66739.45,66062.83,66204.9,677.75967,1772434799999
1772434800000,66204.9,66209.46,65542.6,66007.52,1294.85905,1772438399999
1772438400000,66007.8,66306.0,65654.54,66282.0,1104.41132,1772441999999
1772442000000,66281.99,66720.84,66164.96,66168.62,1786.28426,1772445599999
1772445600000,66168.61,66381.74,66079.24,66316.4,436.29038,1772449199999
1772449200000,66316.39,66462.4,66003.59,66359.68,1034.77975,1772452799999
1772452800000,66359.67,66391.38,65874.92,65963.43,763.09374,1772456399999
1772456400000,65963.43,66157.28,65350.0,65440.01,1576.81345,1772459999999
1772460000000,65440.01,67220.81,65259.21,67177.06,3015.13713,1772463599999
1772463600000,67177.05,69617.74,66975.29,69130.2,5476.56874,1772467199999
1772467200000,69130.2,70096.0,68933.69,69428.62,3440.03188,1772470799999
1772470800000,69428.62,69578.0,68793.88,69198.0,1445.4415,1772474399999
1772474400000,69198.0,69268.15,68727.83,68877.67,1055.7431,1772477999999
1772478000000,68877.67,69049.32,68576.18,68966.53,886.89114,1772481599999
1772481600000,68966.52,69505.0,68584.9,69106.58,1028.13825,1772485199999
1772485200000,69106.58,69539.77,69000.71,69413.82,441.38382,1772488799999
1772488800000,69413.82,69501.62,69136.36,69440.49,1330.59238,1772492399999
1772492400000,69440.48,69479.58,68740.0,68830.06,637.72978,1772495999999
1772496000000,68830.06,69166.61,68644.38,69092.88,602.91075,1772499599999
1772499600000,69092.89,69258.08,68755.0,68760.01,452.46998,1772503199999
1772503200000,68760.01,68774.13,68210.71,68512.17,848.26905,1772506799999
1772506800000,68512.17,68550.0,68231.47,68377.94,458.44735,1772510399999
1772510400000,68377.94,68454.63,68050.11,68123.2,436.46143,1772513999999
1772514000000,68123.19,68617.42,67845.84,67947.75,913.85345,1772517599999
1772517600000,67947.75,68250.24,67800.0,68106.73,821.19287,1772521199999
1772521200000,68106.73,68275.2,67951.24,68172.8,1165.60519,1772524799999
1772524800000,68172.79,68311.83,66905.0,67003.3,1883.4522,1772528399999
1772528400000,67003.3,67184.71,66340.14,66647.98,1767.88336,1772531999999
1772532000000,66647.98,67030.75,66440.46,66860.3,1159.50732,1772535599999
1772535600000,66860.3,67166.5,66779.37,67026.61,1271.91624,1772539199999
1772539200000,67026.6,67973.2,67025.93,67399.85,1323.51079,1772542799999
1772542800000,67399.85,67435.0,66635.3,66931.31,709.75818,1772546399999
1772546400000,66931.32,67603.94,66158.0,66568.95,1714.82463,1772549999999
1772550000000,66568.95,67834.93,66471.79,67725.81,1695.1952,1772553599999
1772553600000,67725.82,68999.0,67473.09,68175.9,2581.91143,1772557199999
1772557200000,68175.89,68400.0,67626.53,68318.66,982.14848,1772560799999
1772560800000,68318.66,68914.01,67976.47,68628.49,974.13002,1772564399999
1772564400000,68628.5,68888.88,68312.83,68435.0,946.51026,1772567999999
1772568000000,68435.0,68591.24,68092.1,68266.0,592.99873,1772571599999
1772571600000,68265.99,68265.99,67832.3,68024.62,519.92364,1772575199999
1772575200000,68024.63,68524.54,68024.62,68327.2,573.87256,1772578799999
1772578800000,68327.2,68860.0,68245.64,68338.0,575.48869,1772582399999
1772582400000,68338.01,68413.9,67857.61,68093.19,767.61923,1772585999999
1772586000000,68093.2,68909.34,67963.28,68405.0,1294.62328,1772589599999
1772589600000,68405.0,68447.72,67984.56,68323.33,798.11328,1772593199999
1772593200000,68323.33,68383.63,67400.0,67732.2,954.50771,1772596799999
1772596800000,67732.19,67954.89,67467.6,67786.0,1066.3898,1772600399999
1772600400000,67786.0,68397.84,67682.64,68206.59,666.28769,1772603999999
1772604000000,68206.58,68678.76,68048.63,68508.02,1288.48108,1772607599999
1772607600000,68508.02,69668.0,68349.49,69493.13,2067.68212,1772611199999
1772611200000,69493.14,71163.0,69098.91,71011.4,4675.3565,1772614799999
1772614800000,71011.4,71893.0,70724.26,71520.76,4196.19004,1772618399999
1772618400000,71520.76,71878.17,71200.0,71348.92,2079.39146,1772621999999
1772622000000,71348.92,71499.75,70928.25,71111.4,1195.15977,1772625599999
1772625600000,71111.4,71364.14,70588.0,71339.71,1486.53558,1772629199999
1772629200000,71339.72,71624.99,71214.4,71477.17,1568.2684,1772632799999
1772632800000,71477.17,72633.0,71300.1,71621.04,4139.0795,1772636399999
1772636400000,71621.03,73479.75,71580.62,73396.88,4184.35996,1772639999999
1772640000000,73396.87,73500.0,72541.69,73294.84,2627.55973,1772643599999
1772643600000,73294.84,73759.99,72932.8,73218.92,2258.8783,1772647199999
1772647200000,73218.93,73700.0,72912.11,73693.5,1121.5369,1772650799999
1772650800000,73693.5,74050.0,73516.0,73611.1,2657.03129,1772654399999
1772654400000,73611.67,73716.0,73001.05,73019.68,904.52712,1772657999999
1772658000000,73019.69,73322.93,72878.0,73309.72,836.52696,1772661599999
1772661600000,73309.73,73523.31,72638.29,72705.86,894.79856,1772665199999
1772665200000,72705.86,72880.88,72313.04,72666.77,1190.17184,1772668799999
1772668800000,72666.77,73000.0,72553.65,72760.0,1004.77646,1772672399999
1772672400000,72759.99,73306.82,72409.1,72538.72,821.18852,1772675999999
1772676000000,72538.72,72916.5,72336.76,72506.19,628.62779,1772679599999
1772679600000,72506.18,72750.0,72344.51,72497.89,668.37206,1772683199999
1772683200000,72497.89,73081.08,72447.96,72815.7,750.0071,1772686799999
1772686800000,72815.7,72912.82,72260.74,72412.15,1085.89796,1772690399999
1772690400000,72412.15,72655.23,72037.56,72553.62,1063.1049,1772693999999
1772694000000,72553.63,72675.07,71759.95,72055.5,1447.01462,1772697599999
1772697600000,72055.5,72370.21,71757.17,72333.7,1421.17898,1772701199999
1772701200000,72333.7,72875.85,72298.83,72591.59,1160.78148,1772704799999
1772704800000,72591.59,73558.15,72517.06,73388.92,1589.2678,1772708399999
1772708400000,73388.91,73449.96,72766.75,72915.79,2091.15218,1772711999999
1772712000000,72915.8,73063.38,72666.93,72890.73,729.99152,1772715599999
1772715600000,72890.73,72935.3,72189.7,72467.79,1108.98859,1772719199999
1772719200000,72467.79,72835.73,71944.18,72609.29,1446.63499,1772722799999
1772722800000,72609.3,72770.0,71168.65,71652.77,2321.94313,1772726399999
1772726400000,71652.77,71654.65,70786.06,71305.92,1736.25108,1772729999999
1772730000000,71305.92,71572.0,70645.47,70704.41,1223.37093,1772733599999
1772733600000,70703.37,71090.32,70656.63,70990.65,720.55573,1772737199999
1772737200000,70990.66,71430.78,70870.0,70918.07,626.47744,1772740799999
1772740800000,70918.08,71394.45,70840.0,71236.51,496.74041,1772744399999
1772744400000,71236.51,71572.3,71023.52,71141.93,546.48691,1772747999999
1772748000000,71141.93,71364.45,71074.45,71208.54,834.62565,1772751599999
1772751600000,71208.54,71292.44,70777.0,70890.72,1067.0763,1772755199999
1772755200000,70891.02,71047.95,70784.0,70988.19,673.4608,1772758799999
1772758800000,70988.19,71301.74,70344.03,71257.2,1057.89391,1772762399999
1772762400000,71257.2,71419.98,71036.0,71252.43,752.48392,1772765999999
1772766000000,71252.43,71305.42,71000.0,71080.38,548.09403,1772769599999
1772769600000,71080.37,71120.17,70270.21,70613.61,667.82412,1772773199999
1772773200000,70613.61,70658.01,70143.19,70436.19,966.11543,1772776799999
1772776800000,70436.18,70853.37,70261.23,70597.23,672.31367,1772780399999
1772780400000,70597.23,71192.76,70468.97,71056.44,782.05786,1772783999999
1772784000000,71056.44,71067.58,70735.85,70789.49,569.42569,1772787599999
1772787600000,70789.49,70808.65,70300.0,70565.56,637.9756,1772791199999
1772791200000,70565.56,70800.0,70467.88,70527.93,469.81877,1772794799999
1772794800000,70527.93,70643.27,70184.01,70212.95,763.93539,1772798399999
1772798400000,70212.94,70224.84,69660.0,69907.0,1907.43626,1772801999999
1772802000000,69907.0,70341.76,69208.0,69208.0,2069.72961,1772805599999
1772805600000,69213.18,69273.87,68176.47,68409.89,3148.50679,1772809199999
1772809200000,68409.89,69100.0,68306.0,68504.71,1428.68549,1772812799999
1772812800000,68504.71,68795.44,68222.0,68446.52,955.00949,1772816399999
1772816400000,68446.52,68642.69,67744.78,67955.1,1236.78923,1772819999999
1772820000000,67955.1,68476.47,67955.1,68181.2,514.98068,1772823599999
1772823600000,68181.2,68485.01,68004.15,68131.79,617.63492,1772827199999
1772827200000,68131.79,68285.71,67777.0,68111.03,668.6183,1772830799999
1772830800000,68111.03,68333.33,67919.72,68289.1,604.80896,1772834399999
1772834400000,68289.11,68440.92,68221.38,68319.89,304.91261,1772837999999
1772838000000,68319.9,68371.24,68105.71,68114.02,611.37569,1772841599999
1772841600000,68114.02,68394.09,68105.73,68290.45,653.38105,1772845199999
1772845200000,68290.46,68369.11,68180.95,68262.01,316.06145,1772848799999
1772848800000,68262.01,68367.73,68060.6,68350.04,316.96409,1772852399999
1772852400000,68350.05,68551.04,68095.5,68095.5,450.32011,1772855999999
1772856000000,68095.5,68147.73,67817.0,68063.43,621.66509,1772859599999
1772859600000,68063.42,68140.49,67908.0,68018.26,493.88772,1772863199999
1772863200000,68018.27,68021.14,67612.21,67690.86,489.36583,1772866799999
1772866800000,67690.86,67865.23,67446.41,67842.67,768.74899,1772870399999
1772870400000,67842.67,68045.07,67720.98,67795.4,465.95331,1772873999999
1772874000000,67795.4,68074.97,67738.31,68000.0,332.46219,1772877599999
1772877600000,68000.0,68102.73,67870.43,67880.31,319.42039,1772881199999
1772881200000,67880.31,68232.27,67841.67,68010.01,372.24149,1772884799999
1772884800000,68010.0,68085.41,67900.01,67992.54,359.03867,1772888399999
1772888400000,67992.54,68081.16,67855.82,67931.06,318.23636,1772891999999
1772892000000,67931.06,68083.79,67609.44,68016.7,473.27443,1772895599999
1772895600000,68016.7,68034.67,67769.89,67877.45,577.84468,1772899199999
1772899200000,67877.45,67889.68,67702.2,67783.63,349.2691,1772902799999
1772902800000,67783.63,67935.01,67768.97,67788.41,217.68104,1772906399999
1772906400000,67788.4,67788.41,67480.0,67568.13,1180.24782,1772909999999
1772910000000,67568.13,67572.35,66915.26,67080.34,1312.2302,1772913599999
1772913600000,67080.33,67437.5,67068.01,67402.98,590.47118,1772917199999
1772917200000,67402.98,67483.05,67281.34,67452.98,638.99995,1772920799999
1772920800000,67452.97,67469.87,67101.31,67258.65,706.81324,1772924399999
1772924400000,67258.65,67403.85,67183.39,67262.91,394.96477,1772927999999
1772928000000,67262.91,67481.96,67181.04,67194.77,552.27054,1772931599999
1772931600000,67194.77,67353.57,67090.0,67297.27,565.85563,1772935199999
1772935200000,67297.27,67426.52,66833.58,66925.44,765.90711,1772938799999
1772938800000,66925.45,67083.1,66850.0,67000.26,999.40624,1772942399999
1772942400000,67000.26,67100.01,66547.15,66637.36,1206.88314,1772945999999
1772946000000,66637.35,67250.24,66617.76,67149.93,402.00353,1772949599999
1772949600000,67149.93,67231.86,67035.18,67161.52,246.63235,1772953199999
1772953200000,67161.52,67465.11,67154.91,67319.91,1010.57902,1772956799999
1772956800000,67319.9,67577.36,67156.93,67539.33,1008.6246,1772960399999
1772960400000,67539.34,67905.03,67474.0,67681.0,1111.87857,1772963999999
1772964000000,67681.0,68200.0,67680.99,67904.14,646.22527,1772967599999
1772967600000,67904.15,67904.15,67411.76,67515.0,536.67584,1772971199999
1772971200000,67515.0,67650.94,66888.0,67324.72,902.41572,1772974799999
1772974800000,67324.71,67431.81,66761.68,67234.86,1987.5897,1772978399999
1772978400000,67234.86,67426.69,67055.73,67339.76,695.31699,1772981999999
1772982000000,67339.75,67369.36,67080.0,67218.23,879.16155,1772985599999
1772985600000,67218.23,67268.44,66802.47,66872.15,538.7559,1772989199999
1772989200000,66872.15,67179.98,66800.01,67065.0,812.42846,1772992799999
1772992800000,67065.0,67076.0,66745.54,66804.0,487.97779,1772996399999
1772996400000,66803.99,67485.24,66779.82,67337.42,711.10669,1772999999999
1773000000000,67337.41,67609.08,67028.45,67238.8,1144.93227,1773003599999
1773003600000,67238.79,67266.0,66712.69,67020.01,959.03531,1773007199999
1773007200000,67020.01,67020.01,65618.49,66236.8,2742.02435,1773010799999
1773010800000,66236.8,66569.24,65930.3,65971.2,679.95244,1773014399999
1773014400000,65971.2,66773.0,65821.97,66370.01,951.35538,1773017999999
1773018000000,66370.01,66698.05,66131.25,66196.01,2263.78882,1773021599999
1773021600000,66196.01,66707.58,65959.0,66537.32,752.57114,1773025199999
1773025200000,66537.32,67668.64,66512.88,67205.05,1256.29482,1773028799999
1773028800000,67205.06,67610.0,67093.09,67130.14,848.47762,1773032399999
1773032400000,67131.1,68069.29,67113.02,67911.16,1145.71148,1773035999999
1773036000000,67911.15,67939.55,67236.78,67267.18,578.70307,1773039599999
1773039600000,67267.18,67575.81,66853.48,67555.13,1253.45589,1773043199999
1773043200000,67555.13,67929.19,67391.89,67814.69,1615.43129,1773046799999
1773046800000,67814.69,68460.09,67566.65,67981.02,1225.43841,1773050399999
1773050400000,67981.03,68088.92,67556.72,67608.13,687.12244,1773053999999
1773054000000,67608.13,67855.82,67344.45,67764.98,577.58612,1773057599999
1773057600000,67764.99,68348.26,67759.57,68151.93,970.32854,1773061199999
1773061200000,68151.93,69300.0,68133.93,68976.0,2460.13662,1773064799999
1773064800000,68975.8,69480.0,68696.28,69151.5,2377.05802,1773068399999
1773068400000,69151.5,69254.87,68717.86,68863.66,1995.45638,1773071999999
1773072000000,68863.67,69225.0,68614.47,68960.12,1086.01117,1773075599999
1773075600000,68960.12,69088.49,68270.34,68600.71,889.54053,1773079199999
1773079200000,68600.71,68705.76,68179.12,68356.37,1350.25926,1773082799999
1773082800000,68356.37,69516.65,68356.37,68991.93,1713.56623,1773086399999
1773086400000,68991.93,69145.28,68762.2,68961.71,507.40424,1773089999999
1773090000000,68961.15,69102.53,68660.94,68919.72,782.51759,1773093599999
1773093600000,68919.71,69030.56,68597.0,68635.88,943.05059,1773097199999
1773097200000,68635.88,68694.73,68384.69,68432.16,665.45565,1773100799999
1773100800000,68432.16,69290.42,68391.41,69157.37,1134.03591,1773104399999
1773104400000,69157.36,69389.06,68786.04,69260.01,1073.3002,1773107999999
1773108000000,69260.0,70578.29,69103.12,70272.01,2010.9648,1773111599999
1773111600000,70272.0,70370.86,69390.0,69429.85,1096.27179,1773115199999
1773115200000,69429.85,70132.27,69429.85,70072.94,1112.05227,1773118799999
1773118800000,70072.95,70355.06,69885.71,69971.34,874.03346,1773122399999
1773122400000,69971.34,70185.24,69750.62,69910.91,1140.99151,1773125999999
1773126000000,69910.91,70546.74,69805.7,70406.01,1780.20471,1773129599999
1773129600000,70406.01,71097.64,70369.0,70709.37,1852.19984,1773133199999
1773133200000,70709.37,71300.0,70653.24,71078.92,1664.83143,1773136799999
1773136800000,71078.92,71086.86,70660.89,70774.04,1808.06147,1773140399999
1773140400000,70774.04,70865.73,70540.4,70580.94,945.42456,1773143999999
1773144000000,70580.95,70628.19,70290.88,70519.86,702.95479,1773147599999
1773147600000,70519.86,70926.46,69723.25,69921.12,1644.54716,1773151199999
1773151200000,69921.12,71527.54,69266.06,71467.81,2553.72955,1773154799999
1773154800000,71467.81,71777.0,70900.05,71346.16,2098.87598,1773158399999
1773158400000,71346.17,71700.0,70943.31,71268.59,1291.34054,1773161999999
1773162000000,71268.58,71452.0,70512.64,70868.61,1383.6295,1773165599999
1773165600000,70868.62,70914.9,69901.0,70013.87,1837.40169,1773169199999
1773169200000,70013.87,70290.0,69739.0,70043.63,992.60769,1773172799999
1773172800000,70043.63,70350.0,70007.52,70235.6,671.88971,1773176399999
1773176400000,70236.34,70417.3,69541.91,69763.01,830.8687,1773179999999
1773180000000,69763.02,69869.9,69452.42,69721.58,937.20086,1773183599999
1773183600000,69721.58,69981.8,69698.46,69948.63,1165.15914,1773187199999
1773187200000,69948.64,70173.25,69759.63,70044.87,728.92961,1773190799999
1773190800000,70044.87,70144.0,69880.0,70071.26,947.24879,1773194399999
1773194400000,70071.26,70119.59,69614.0,69810.72,1612.87548,1773197999999
1773198000000,69810.73,69887.11,69488.7,69551.91,1113.41409,1773201599999
1773201600000,69551.91,70281.87,69501.55,70130.99,759.416,1773205199999
1773205200000,70130.99,70200.96,69420.0,69510.36,757.81378,1773208799999
1773208800000,69510.37,69996.0,69500.01,69950.01,391.73761,1773212399999
1773212400000,69950.01,70018.49,69500.67,69648.29,1171.57725,1773215999999
1773216000000,69648.28,69786.32,69500.0,69662.24,672.55865,1773219599999
1773219600000,69662.24,69752.06,69384.5,69466.75,939.05652,1773223199999
1773223200000,69466.75,69726.45,69390.91,69604.9,1028.34397,1773226799999
1773226800000,69604.9,69755.1,69150.28,69173.0,898.77254,1773230399999
1773230400000,69172.99,69777.66,68977.91,69361.13,1045.64069,1773233999999
1773234000000,69361.13,71091.18,69331.04,70186.09,2647.32148,1773237599999
1773237600000,70186.08,70987.0,69906.77,70578.7,2251.77658,1773241199999
1773241200000,70578.7,70654.43,69702.25,70227.91,1844.6963,1773244799999
1773244800000,70227.92,70826.39,70161.78,70570.71,1837.92404,1773248399999
1773248400000,70570.71,71321.0,70512.01,70785.99,2122.20651,1773251999999
1773252000000,70785.99,70895.31,70415.27,70617.64,1134.13411,1773255599999
1773255600000,70617.63,70742.38,70375.68,70641.82,644.23151,1773259199999
1773259200000,70641.81,70700.0,70394.23,70634.96,383.34496,1773262799999
1773262800000,70634.96,70777.17,70499.94,70741.26,576.42683,1773266399999
1773266400000,70741.27,70950.0,70241.53,70373.01,1098.26512,1773269999999
1773270000000,70373.01,70505.0,70125.83,70191.86,641.563,1773273599999
1773273600000,70191.86,70353.87,70130.23,70225.34,658.09363,1773277199999
1773277200000,70225.34,70226.94,69754.94,69841.31,760.55263,1773280799999
1773280800000,69841.3,69887.93,69226.52,69286.56,742.38929,1773284399999
1773284400000,69286.55,69628.25,69246.23,69446.61,415.13842,1773287999999
1773288000000,69446.61,69676.88,69296.43,69372.0,436.68208,1773291599999
1773291600000,69372.0,69539.61,69205.91,69480.54,734.74043,1773295199999
1773295200000,69480.54,69561.84,69315.63,69501.44,719.76894,1773298799999
1773298800000,69501.45,69865.98,69408.88,69826.19,830.78197,1773302399999
1773302400000,69826.19,70116.37,69698.33,69917.37,1246.32882,1773305999999
1773306000000,69917.36,70400.0,69580.0,69952.51,1284.31562,1773309599999
1773309600000,69952.51,70511.0,69856.0,70412.11,911.03902,1773313199999
1773313200000,70412.1,70800.0,70367.97,70427.91,1207.70061,1773316799999
1773316800000,70427.9,70617.66,70277.38,70381.8,847.51801,1773320399999
1773320400000,70381.8,70534.65,69645.0,69972.15,1340.7754,1773323999999
1773324000000,69972.2,70660.69,69355.34,69590.09,2130.67842,1773327599999
1773327600000,69590.09,70565.43,69476.14,70334.88,1778.50463,1773331199999
1773331200000,70334.89,70569.15,69905.71,70381.16,1271.41787,1773334799999
1773334800000,70381.15,70547.19,70076.16,70212.06,843.93551,1773338399999
1773338400000,70212.05,70303.51,69800.0,69819.64,742.85798,1773341999999
1773342000000,69819.64,70548.81,69770.85,70432.32,757.84664,1773345599999
1773345600000,70432.33,70555.2,70111.28,70164.49,618.18553,1773349199999
1773349200000,70164.5,70470.0,70164.5,70268.55,355.90233,1773352799999
1773352800000,70268.54,70305.26,70013.17,70175.64,467.42484,1773356399999
1773356400000,70175.64,70734.25,70159.35,70541.34,894.58188,1773359999999
1773360000000,70541.34,72000.0,70386.01,71475.61,2857.31114,1773363599999
1773363600000,71475.6,71759.95,71283.99,71672.39,975.74666,1773367199999
1773367200000,71672.38,71696.68,71045.52,71143.8,994.81538,1773370799999
1773370800000,71143.8,71508.87,70964.43,71405.75,927.82134,1773374399999
1773374400000,71405.76,71493.77,71214.01,71393.94,780.92498,1773377999999
1773378000000,71393.93,71637.54,71242.02,71546.29,1178.90406,1773381599999
1773381600000,71546.28,71593.22,71180.19,71342.0,1081.97604,1773385199999
1773385200000,71342.0,71672.76,71236.08,71612.22,1139.8319,1773388799999
1773388800000,71612.23,72142.85,71385.28,71821.02,1820.16796,1773392399999
1773392400000,71821.01,72100.37,71589.81,72006.57,925.21442,1773395999999
1773396000000,72006.56,72575.98,71995.53,72458.12,1635.35127,1773399599999
1773399600000,72458.11,72526.12,72207.41,72228.82,724.41705,1773403199999
1773403200000,72228.81,72884.68,72210.0,72784.73,1142.93241,1773406799999
1773406800000,72784.73,73585.27,72684.88,73379.18,3297.40201,1773410399999
1773410400000,73379.18,73913.74,72350.0,72382.72,4558.05031,1773413999999
1773414000000,72382.72,72829.12,71736.34,71831.46,3305.45471,1773417599999
1773417600000,71831.46,72100.0,71154.54,71885.57,2334.3461,1773421199999
1773421200000,71885.56,72249.99,70914.09,71037.93,1889.70074,1773424799999
1773424800000,71037.93,71350.94,70841.23,71055.45,738.18799,1773428399999
1773428400000,71055.45,71309.94,71006.19,71189.95,507.07823,1773431999999
1773432000000,71189.96,71469.53,71150.0,71346.84,554.4729,1773435599999
1773435600000,71346.84,71491.03,71058.25,71104.65,650.14338,1773439199999
1773439200000,71104.65,71189.26,70559.02,70814.0,863.33877,1773442799999
1773442800000,70814.0,71005.3,70688.45,70930.0,1113.02703,1773446399999
1773446400000,70930.01,70951.8,70555.0,70631.97,763.50434,1773449999999
1773450000000,70631.96,70941.05,70481.7,70831.7,791.55133,1773453599999
1773453600000,70831.7,70948.66,70735.21,70783.27,1013.67533,1773457199999
1773457200000,70783.27,71185.23,70783.26,71081.3,944.72261,1773460799999
1773460800000,71081.31,71307.92,71021.11,71039.58,707.08065,1773464399999
1773464400000,71039.57,71151.3,70916.96,71013.75,759.3407,1773467999999
1773468000000,71013.75,71013.75,70317.0,70622.08,712.17672,1773471599999
1773471600000,70622.09,70743.88,70489.03,70596.68,750.98425,1773475199999
1773475200000,70596.68,70710.76,70536.58,70585.63,461.44808,1773478799999
1773478800000,70585.64,70728.07,70400.0,70501.16,893.97396,1773482399999
1773482400000,70501.16,70575.1,70389.08,70570.44,624.35522,1773485999999
1773486000000,70570.44,70784.38,70562.66,70751.42,515.18098,1773489599999
1773489600000,70751.42,70835.48,70616.44,70780.59,472.56223,1773493199999
1773493200000,70780.59,70930.56,70711.54,70847.35,886.4995,1773496799999
1773496800000,70847.34,70941.17,70578.76,70599.22,329.16955,1773500399999
1773500400000,70599.23,70728.59,70501.0,70580.09,849.34654,1773503999999
1773504000000,70580.09,70709.4,70500.0,70672.53,379.28346,1773507599999
1773507600000,70672.52,70733.02,70590.0,70617.01,134.37087,1773511199999
1773511200000,70617.01,70708.88,70559.35,70668.23,95.80359,1773514799999
1773514800000,70668.23,70740.34,70595.14,70700.0,77.47303,1773518399999
1773518400000,70699.99,70856.4,70650.09,70805.71,114.01852,1773521999999
1773522000000,70805.71,70825.04,70661.06,70799.99,113.91325,1773525599999
1773525600000,70799.99,70805.15,70695.29,70710.91,89.24315,1773529199999
1773529200000,70710.9,71253.17,70710.9,71211.95,537.56951,1773532799999
1773532800000,71211.95,71220.74,70967.59,70985.28,576.24004,1773536399999
1773536400000,70985.29,71037.41,70858.82,70985.83,340.54476,1773539999999
1773540000000,70985.84,71634.08,70985.84,71450.53,895.09143,1773543599999
1773543600000,71450.54,71538.03,71240.68,71363.14,779.68802,1773547199999
1773547200000,71363.13,71661.55,71330.66,71606.32,779.77883,1773550799999
1773550800000,71606.31,71800.68,71476.0,71489.68,792.96245,1773554399999
1773554400000,71489.67,71595.43,71373.75,71458.41,528.89919,1773557999999
1773558000000,71458.41,71658.44,71411.88,71453.59,276.05348,1773561599999
1773561600000,71453.59,71736.72,71453.59,71717.5,551.40345,1773565199999
1773565200000,71717.5,71940.49,71713.9,71791.1,640.93656,1773568799999
1773568800000,71791.11,71919.19,71714.37,71783.09,525.0135,1773572399999
1773572400000,71783.1,71888.0,71659.71,71839.42,452.79199,1773575999999
1773576000000,71839.41,71839.42,71560.21,71610.33,324.76249,1773579599999
1773579600000,71610.33,71679.81,71263.99,71607.54,1108.48189,1773583199999
1773583200000,71607.54,71635.56,71341.68,71622.03,452.09243,1773586799999
1773586800000,71622.04,71626.0,71410.0,71481.24,210.01259,1773590399999
1773590400000,71481.24,71586.75,71320.08,71437.35,302.61771,1773593999999
1773594000000,71437.35,71989.93,71409.74,71819.95,365.80062,1773597599999
1773597600000,71819.96,71885.55,71321.87,71390.53,321.10675,1773601199999
1773601200000,71390.53,71582.83,71338.67,71549.94,251.59972,1773604799999
1773604800000,71549.94,71930.0,71433.75,71730.81,236.54566,1773608399999
1773608400000,71730.81,72222.0,71629.99,72109.58,459.80342,1773611999999
1773612000000,72109.59,73081.77,71725.74,72749.44,1471.44945,1773615599999
1773615600000,72749.45,73199.0,72420.44,72815.24,1393.63061,1773619199999
1773619200000,72815.25,73008.94,72452.26,72531.26,685.4345,1773622799999
1773622800000,72531.27,72852.28,72270.41,72752.9,715.87613,1773626399999
1773626400000,72752.9,72852.28,72368.08,72514.69,487.11967,1773629999999
1773630000000,72514.69,74330.34,72436.02,73573.32,3424.72669,1773633599999
1773633600000,73573.31,74451.03,73573.31,73835.62,1907.76761,1773637199999
1773637200000,73835.62,74258.07,73720.0,74207.49,1421.12171,1773640799999
1773640800000,74207.49,74207.5,73610.0,73714.36,1229.39836,1773644399999
1773644400000,73714.36,73924.83,73385.18,73456.68,958.93738,1773647999999
1773648000000,73456.69,73776.13,72888.8,73135.0,1562.06854,1773651599999
1773651600000,73135.0,73331.88,73057.25,73260.92,531.7209,1773655199999
1773655200000,73260.92,73783.42,73202.89,73783.42,1038.45265,1773658799999
1773658800000,73783.42,73838.76,73515.33,73552.77,680.69185,1773662399999
1773662400000,73552.78,74044.0,73465.46,73864.8,921.55759,1773665999999
1773666000000,73864.81,74509.52,73787.0,74109.55,1593.51066,1773669599999
1773669600000,74109.56,74460.19,72990.52,73565.54,2204.69587,1773673199999
1773673200000,73565.54,74030.0,73186.5,73274.76,1024.65577,1773676799999
1773676800000,73274.75,73901.95,73160.66,73760.63,1016.72181,1773680399999
1773680400000,73760.63,74065.7,73648.7,73943.18,906.04408,1773683999999
1773684000000,73943.17,74356.32,73860.0,73913.6,1086.95746,1773687599999
1773687600000,73913.6,74418.6,73781.54,73963.0,1122.08511,1773691199999
1773691200000,73963.0,74248.95,73863.2,74236.9,424.59345,1773694799999
1773694800000,74236.9,74799.0,74150.0,74401.36,1246.95221,1773698399999
1773698400000,74401.35,74899.99,74378.43,74772.66,1058.73068,1773701999999
1773702000000,74773.56,74909.08,74250.21,74884.67,1159.70951,1773705599999
1773705600000,74884.67,75520.23,74614.18,75318.48,2173.5367,1773709199999
1773709200000,75318.48,76000.0,75074.37,75623.91,1953.08873,1773712799999
1773712800000,75623.91,75677.66,75114.67,75198.02,1068.24779,1773716399999
1773716400000,75198.02,75326.15,74268.73,74463.98,1730.33731,1773719999999
1773720000000,74463.98,74712.89,73980.16,74252.01,2017.11887,1773723599999
1773723600000,74252.0,74459.99,73784.0,74036.74,1250.81696,1773727199999
1773727200000,74036.74,74276.66,73877.56,74085.45,879.74749,1773730799999
1773730800000,74085.46,74457.72,74066.4,74249.32,771.242,1773734399999
1773734400000,74249.32,74452.97,74108.01,74188.38,461.65295,1773737999999
1773738000000,74188.38,74406.03,73841.62,73937.16,864.16263,1773741599999
1773741600000,73937.16,73960.74,73560.98,73729.45,1049.0691,1773745199999
1773745200000,73729.45,74224.16,73682.01,74033.11,647.95804,1773748799999
1773748800000,74033.1,74170.55,73672.25,73739.74,614.23436,1773752399999
1773752400000,73739.74,74167.39,73399.19,73615.48,1159.88444,1773755999999
1773756000000,73615.49,74425.31,73424.79,74381.7,1362.71508,1773759599999
1773759600000,74381.69,74893.94,73669.91,73914.39,1370.72331,1773763199999
1773763200000,73914.4,74350.0,73855.24,74155.69,747.87279,1773766799999
1773766800000,74155.68,74594.0,74006.58,74523.75,826.10844,1773770399999
1773770400000,74523.76,74769.17,74386.11,74683.04,707.46038,1773773999999
1773774000000,74683.04,74800.0,74427.25,74512.17,768.60522,1773777599999
1773777600000,74511.21,74685.5,74359.87,74506.75,466.76372,1773781199999
1773781200000,74506.75,74799.0,74450.01,74685.42,618.20101,1773784799999
1773784800000,74685.42,74772.14,73934.0,74307.08,488.30847,1773788399999
1773788400000,74307.08,74398.74,73871.74,73909.36,523.41057,1773791999999
1773792000000,73909.37,74063.22,73535.36,73867.88,673.31061,1773795599999
1773795600000,73867.88,74211.43,73820.69,74072.3,537.72886,1773799199999
1773799200000,74072.3,74476.0,74051.78,74338.93,549.53806,1773802799999
1773802800000,74338.93,74672.34,74250.27,74446.14,459.80928,1773806399999
1773806400000,74446.14,74486.3,74137.02,74175.49,472.35206,1773809999999
1773810000000,74175.48,74312.11,73830.76,73950.0,662.80056,1773813599999
1773813600000,73950.01,74225.82,73938.1,73954.03,652.79254,1773817199999
1773817200000,73954.03,73997.04,73700.01,73883.8,504.7237,1773820799999
1773820800000,73883.8,74130.02,73863.31,74044.89,735.50464,1773824399999
1773824400000,74044.9,74281.33,74042.85,74181.08,347.16358,1773827999999
1773828000000,74181.08,74267.77,73816.26,73946.35,478.90858,1773831599999
1773831600000,73946.35,74074.84,72800.0,72952.85,1877.69179,1773835199999
1773835200000,72952.85,72981.79,72271.11,72361.24,1819.95371,1773838799999
1773838800000,72361.13,72556.81,71980.0,72133.49,1607.02731,1773842399999
1773842400000,72133.48,72222.45,71100.0,71193.23,2385.98822,1773845999999
1773846000000,71193.23,71531.54,70857.21,71467.82,2560.23665,1773849599999
1773849600000,71467.82,71565.78,71037.34,71314.08,967.21409,1773853199999
1773853200000,71314.07,71750.0,71199.87,71595.21,1025.9984,1773856799999
1773856800000,71595.21,72000.5,70947.78,71096.74,1475.11719,1773860399999
1773860400000,71096.75,71486.14,70933.85,71072.38,867.91916,1773863999999
1773864000000,71072.38,71333.33,70500.0,71214.67,1180.62213,1773867599999
1773867600000,71214.67,71451.22,71167.15,71263.67,338.26453,1773871199999
1773871200000,71263.67,71269.02,70944.56,71153.66,520.94837,1773874799999
1773874800000,71153.67,71365.4,71069.69,71246.54,691.26691,1773878399999
1773878400000,71246.55,71321.81,70976.69,71002.17,887.95607,1773881999999
1773882000000,71002.18,71182.44,70951.93,71115.23,391.40796,1773885599999
1773885600000,71115.24,71252.83,70902.37,71055.44,554.97617,1773889199999
1773889200000,71055.44,71613.79,71053.33,71215.39,593.60943,1773892799999
1773892800000,71215.39,71215.39,70654.86,70822.07,702.86032,1773896399999
1773896400000,70822.06,70909.88,70661.56,70826.54,416.16191,1773899999999
1773900000000,70826.55,70979.99,70505.0,70583.22,619.8514,1773903599999
1773903600000,70583.22,70600.04,69478.51,70191.17,2753.9557,1773907199999
1773907200000,70191.16,70300.0,69900.0,69985.19,1015.64209,1773910799999
1773910800000,69985.19,70560.91,69971.99,70513.0,1262.65596,1773914399999
1773914400000,70513.0,70538.74,70117.0,70133.72,613.17552,1773917999999
1773918000000,70133.73,70259.37,69909.09,69952.75,542.70053,1773921599999
1773921600000,69952.75,69952.76,69105.49,69290.27,1452.42038,1773925199999
1773925200000,69290.28,70084.35,69081.51,69905.65,1720.19325,1773928799999
1773928800000,69905.65,70179.53,69096.16,69482.25,1636.49639,1773932399999
1773932400000,69482.24,69917.87,68793.35,69412.51,1898.28931,1773935999999
1773936000000,69412.52,69642.35,69177.19,69455.86,858.32753,1773939599999
1773939600000,69455.86,69954.18,69122.03,69854.16,759.67868,1773943199999
1773943200000,69854.15,69931.1,69581.55,69821.21,442.61763,1773946799999
1773946800000,69821.21,70596.42,69805.33,70271.99,1190.55299,1773950399999
1773950400000,70272.0,70676.0,70201.0,70483.03,488.71031,1773953999999
1773954000000,70483.03,70695.6,70371.19,70413.47,418.78383,1773957599999
1773957600000,70413.46,70501.89,69954.05,70183.99,551.7482,1773961199999
1773961200000,70184.0,70282.47,69718.23,69930.0,592.04663,1773964799999
1773964800000,69930.01,70311.12,69837.1,70181.0,871.72419,1773968399999
1773968400000,70181.0,70588.5,70181.0,70403.79,526.82154,1773971999999
1773972000000,70403.8,70516.16,70086.86,70415.47,312.91426,1773975599999
1773975600000,70415.48,70809.43,70388.0,70729.92,711.57589,1773979199999
1773979200000,70729.93,70969.71,70557.91,70783.69,546.53749,1773982799999
1773982800000,70783.7,70867.44,70521.73,70606.24,367.69531,1773986399999
1773986400000,70606.23,70646.93,70346.49,70502.9,758.81391,1773989999999
1773990000000,70502.91,70939.58,70160.06,70854.66,936.89906,1773993599999
1773993600000,70854.66,71367.0,70800.0,71042.23,1011.96314,1773997199999
1773997200000,71042.23,71042.23,70419.65,70583.8,885.49116,1774000799999
1774000800000,70583.81,70670.43,70218.68,70611.68,609.11713,1774004399999
1774004400000,70611.68,70810.81,70303.36,70478.71,605.56445,1774007999999
1774008000000,70478.71,70685.63,70251.0,70342.63,613.27107,1774011599999
1774011600000,70342.63,70613.75,69795.7,69863.84,1225.89394,1774015199999
1774015200000,69863.85,70268.66,69589.38,69731.21,1679.84994,1774018799999
1774018800000,69731.2,70002.68,69480.0,69860.09,1196.90076,1774022399999
1774022400000,69860.09,70100.0,69608.54,69829.26,922.25773,1774025999999
1774026000000,69829.27,70039.78,69388.0,70000.0,998.84797,1774029599999
1774029600000,69999.99,70071.81,69525.33,69770.0,630.4796,1774033199999
1774033200000,69770.01,70190.18,69673.76,70177.86,528.39593,1774036799999
1774036800000,70177.85,70259.28,69754.71,70057.66,435.39665,1774040399999
1774040400000,70057.66,70726.13,69946.65,70540.73,780.46042,1774043999999
1774044000000,70540.72,70923.75,70532.0,70767.85,591.69583,1774047599999
1774047600000,70767.85,70771.13,70430.0,70510.73,372.60008,1774051199999
1774051200000,70510.73,70826.0,70467.36,70682.19,274.67077,1774054799999
1774054800000,70682.2,70758.5,70445.36,70464.59,375.95226,1774058399999
1774058400000,70464.6,70785.9,70431.67,70737.6,316.88084,1774061999999
1774062000000,70737.6,70784.07,70632.39,70657.35,226.82019,1774065599999
1774065600000,70657.35,70819.0,70617.05,70642.13,487.10407,1774069199999
1774069200000,70642.14,70834.46,70635.1,70697.94,941.44912,1774072799999
1774072800000,70697.94,70831.14,70693.06,70774.65,857.26608,1774076399999
1774076400000,70773.55,70879.76,70677.44,70727.33,431.42703,1774079999999
1774080000000,70727.33,70753.79,70492.02,70594.43,956.10118,1774083599999
1774083600000,70594.42,70735.36,70570.4,70661.59,204.69969,1774087199999
1774087200000,70661.59,70695.32,70559.69,70605.64,524.32782,1774090799999
1774090800000,70605.64,70652.73,70567.79,70652.72,360.21459,1774094399999
1774094400000,70652.73,70800.0,70652.73,70722.61,199.41863,1774097999999
1774098000000,70722.61,70812.74,70707.12,70740.18,171.5437,1774101599999
1774101600000,70740.18,71100.94,70592.53,70629.1,873.72717,1774105199999
1774105200000,70629.09,70760.0,70453.09,70630.02,399.45062,1774108799999
1774108800000,70630.02,70652.64,70251.0,70301.66,435.70425,1774112399999
1774112400000,70301.66,70426.18,70210.0,70304.08,444.648,1774115999999
1774116000000,70303.45,70534.38,70290.48,70389.19,200.5858,1774119599999
1774119600000,70389.18,70448.79,70324.7,70396.0,140.45698,1774123199999
1774123200000,70396.01,70508.11,70358.9,70462.28,697.39549,1774126799999
1774126800000,70462.27,70516.82,70268.06,70345.57,629.83259,1774130399999
1774130400000,70345.57,70384.95,70265.55,70277.22,737.88495,1774133999999
1774134000000,70277.21,70293.82,68571.42,68918.12,2509.60568,1774137599999
1774137600000,68918.12,69155.86,68228.5,68954.71,2161.16442,1774141199999
1774141200000,68954.7,69100.0,68762.31,68962.4,809.55651,1774144799999
1774144800000,68962.4,69411.1,68951.21,69278.12,506.62838,1774148399999
1774148400000,69278.12,69588.79,69123.13,69339.99,671.1404,1774151999999
1774152000000,69340.0,69526.85,69215.89,69358.0,626.75701,1774155599999
1774155600000,69358.0,69358.0,69150.0,69153.41,322.14134,1774159199999
1774159200000,69153.41,69245.79,69059.87,69164.06,378.08519,1774162799999
1774162800000,69164.06,69250.08,68892.93,68919.38,432.94301,1774166399999
1774166400000,68919.37,68990.67,68523.96,68804.77,1053.77702,1774169999999
1774170000000,68804.77,68901.65,68587.78,68826.2,383.82763,1774173599999
1774173600000,68826.21,68847.83,68584.27,68648.17,360.03346,1774177199999
1774177200000,68648.16,68691.03,68110.55,68217.95,784.4316,1774180799999
1774180800000,68217.94,68763.18,68199.04,68654.83,484.243,1774184399999
1774184400000,68654.83,68957.24,68548.32,68700.02,548.07349,1774187999999
1774188000000,68700.02,68915.27,68542.1,68711.66,385.54476,1774191599999
1774191600000,68711.66,69005.71,68700.0,68847.96,391.17296,1774195199999
1774195200000,68847.97,68885.53,68665.62,68805.58,258.25035,1774198799999
1774198800000,68805.58,68848.32,68665.34,68673.02,252.16281,1774202399999
1774202400000,68672.85,68743.18,68344.57,68618.58,340.01718,1774205999999
1774206000000,68618.57,68626.07,68145.01,68199.93,472.99305,1774209599999
1774209600000,68199.93,68498.4,68080.0,68176.46,319.53245,1774213199999
1774213200000,68176.47,68228.71,67360.66,67899.97,1535.47353,1774216799999
1774216800000,67899.97,68396.94,67571.67,68339.37,856.561,1774220399999
1774220400000,68339.38,68474.0,67839.99,67859.0,509.27627,1774223999999
1774224000000,67859.0,68161.41,67445.18,67669.99,823.69218,1774227599999
1774227600000,67670.0,68157.31,67536.01,67905.0,628.21786,1774231199999
1774231200000,67905.0,68400.0,67801.67,68320.72,627.90507,1774234799999
1774234800000,68320.72,68585.12,68059.88,68074.6,415.80047,1774238399999
1774238400000,68074.6,68550.0,68057.56,68541.0,486.61149,1774241999999
1774242000000,68541.0,68915.4,68541.0,68899.92,1162.54953,1774245599999
1774245600000,68899.92,68904.42,67698.86,67874.19,1218.88217,1774249199999
1774249200000,67874.2,68464.42,67502.48,68333.16,1946.35809,1774252799999
1774252800000,68333.16,68696.91,68328.55,68434.26,1238.43118,1774256399999
1774256400000,68434.27,68471.11,67916.14,68334.01,382.31585,1774259999999
1774260000000,68334.01,68714.28,68299.82,68551.02,494.85509,1774263599999
1774263600000,68551.02,71499.0,68544.15,70122.15,7050.35572,1774267199999
1774267200000,70122.15,70877.35,69671.95,70752.15,1915.66623,1774270799999
1774270800000,70752.14,71587.98,70600.0,71481.13,1712.52184,1774274399999
1774274400000,71481.13,71817.09,71127.14,71446.46,1663.17727,1774277999999
1774278000000,71446.46,71660.01,70103.21,70131.48,2051.70929,1774281599999
1774281600000,70131.48,70753.43,70131.47,70561.54,1367.86918,1774285199999
1774285200000,70561.54,71119.09,70363.63,71085.16,673.70407,1774288799999
1774288800000,71085.16,71195.21,70879.85,71076.22,593.89042,1774292399999
1774292400000,71076.22,71246.01,70649.4,70679.05,615.8582,1774295999999
1774296000000,70679.04,70983.33,70559.03,70915.59,394.04509,1774299599999
1774299600000,70915.59,70998.0,70827.66,70851.35,222.54858,1774303199999
1774303200000,70851.36,70896.76,70520.22,70780.22,279.983,1774306799999
1774306800000,70780.22,70998.0,70404.39,70906.45,368.14332,1774310399999
1774310400000,70906.45,71099.96,70423.36,70679.2,735.8297,1774313999999
1774314000000,70679.2,70891.53,70278.46,70516.57,730.30371,1774317599999
1774317600000,70516.57,70698.0,70369.46,70453.37,431.98798,1774321199999
1774321200000,70453.38,70583.36,70404.54,70542.9,380.97532,1774324799999
1774324800000,70542.9,70741.64,70247.91,70372.44,474.91642,1774328399999
1774328400000,70372.45,70374.38,70119.06,70283.85,641.69358,1774331999999
1774332000000,70283.84,70572.83,70253.23,70541.38,850.05748,1774335599999
1774335600000,70541.39,71400.0,70488.0,71291.7,1722.67702,1774339199999
1774339200000,71291.7,71349.1,70850.11,70964.15,725.27631,1774342799999
1774342800000,70964.16,71368.61,70851.77,71316.97,511.50447,1774346399999
1774346400000,71316.98,71328.59,71078.09,71272.87,680.81546,1774349999999
1774350000000,71272.87,71327.26,70964.94,71157.77,560.33228,1774353599999
1774353600000,71157.77,71177.66,70860.18,70956.48,460.8181,1774357199999
1774357200000,70956.48,71059.59,69968.02,70100.46,1729.62355,1774360799999
1774360800000,70100.46,70462.91,69507.34,69869.93,1973.02189,1774364399999
1774364400000,69869.93,70255.37,69770.85,69873.04,1419.67177,1774367999999
1774368000000,69873.04,70001.92,69340.08,69476.87,889.76128,1774371599999
1774371600000,69476.88,69512.73,68923.07,69238.43,1294.24297,1774375199999
1774375200000,69238.44,69746.4,69168.64,69430.24,808.06583,1774378799999
1774378800000,69430.25,69700.0,69277.04,69377.33,547.42601,1774382399999
1774382400000,69377.33,70295.54,69296.15,70093.19,1018.45154,1774385999999
1774386000000,70093.19,70400.0,69901.39,70332.93,686.65263,1774389599999
1774389600000,70332.93,70586.86,70140.5,70316.96,686.91503,1774393199999
1774393200000,70316.96,70832.54,70270.0,70556.74,741.40211,1774396799999
1774396800000,70556.74,71100.28,70476.9,70840.75,784.33083,1774400399999
1774400400000,70840.75,70977.35,70629.72,70677.18,624.19197,1774403999999
1774404000000,70677.19,70781.39,70490.77,70531.09,582.86416,1774407599999
1774407600000,70531.1,70808.37,70408.0,70716.7,513.15296,1774411199999
1774411200000,70716.7,70977.49,70703.83,70968.64,623.46021,1774414799999
1774414800000,70968.64,71345.0,70940.0,71117.66,850.19172,1774418399999
1774418400000,71117.65,71260.0,70984.67,70991.83,934.75878,1774421999999
1774422000000,70991.82,71270.11,70891.31,70926.88,470.72474,1774425599999
1774425600000,70926.88,71503.94,70800.0,71248.39,1150.83138,1774429199999
1774429200000,71248.4,71415.12,71101.99,71345.91,598.42707,1774432799999
1774432800000,71345.91,71641.91,71291.69,71501.39,485.22161,1774436399999
1774436400000,71501.4,72026.09,71470.49,71678.97,1053.03231,1774439999999
1774440000000,71678.97,71955.17,71105.43,71715.24,1032.92186,1774443599999
1774443600000,71715.24,71963.71,71515.84,71581.42,982.27587,1774447199999
1774447200000,71581.42,71699.87,71230.51,71234.28,810.44092,1774450799999
1774450800000,71234.28,71301.37,70530.47,70832.99,1384.84596,1774454399999
1774454400000,70832.99,71752.88,70719.26,71324.01,1283.82328,1774457999999
1774458000000,71324.01,71389.14,70720.38,70779.0,662.98589,1774461599999
1774461600000,70778.99,71149.07,70681.07,70810.34,535.29926,1774465199999
1774465200000,70810.34,71093.37,70777.51,70883.31,513.05944,1774468799999
1774468800000,70883.32,71058.82,70646.34,71009.5,573.58151,1774472399999
1774472400000,71009.5,71175.0,70949.3,71035.24,379.86408,1774475999999
1774476000000,71035.25,71594.11,70947.61,71369.08,505.87572,1774479599999
1774479600000,71369.07,71511.83,71189.55,71336.53,383.33913,1774483199999
1774483200000,71336.53,71436.82,71142.38,71299.27,548.42613,1774486799999
1774486800000,71299.27,71377.04,71159.06,71252.11,522.16838,1774490399999
1774490400000,71252.11,71289.49,70672.37,70893.01,575.89477,1774493999999
1774494000000,70893.01,70968.66,70685.69,70921.47,510.5495,1774497599999
1774497600000,70921.47,70921.47,70721.46,70772.01,433.11432,1774501199999
1774501200000,70772.01,70796.32,69942.96,70016.98,1271.74189,1774504799999
1774504800000,70016.97,70152.63,69855.73,70097.18,1016.19011,1774508399999
1774508400000,70097.19,70167.6,69805.0,70087.44,713.03812,1774511999999
1774512000000,70087.44,70127.69,69806.39,70024.77,510.82818,1774515599999
1774515600000,70024.78,70144.44,69409.67,69562.41,1313.07806,1774519199999
1774519200000,69562.41,69719.96,69464.58,69517.68,694.15594,1774522799999
1774522800000,69517.68,69667.56,69192.96,69276.01,803.66639,1774526399999
1774526400000,69276.01,69461.28,69226.34,69436.42,589.82378,1774529999999
1774530000000,69436.42,69877.45,69218.0,69646.59,1361.59869,1774533599999
1774533600000,69646.59,69837.12,69259.25,69479.92,943.35709,1774537199999
1774537200000,69479.91,69497.73,68632.4,69082.64,1805.07582,1774540799999
1774540800000,69082.64,69142.94,68823.21,68932.52,949.52674,1774544399999
1774544400000,68932.53,69162.0,68377.83,68486.86,1130.52816,1774547999999
1774548000000,68486.86,68603.75,68153.0,68497.25,1402.56662,1774551599999
1774551600000,68497.25,68681.54,68358.8,68534.36,543.97259,1774555199999
1774555200000,68534.37,69478.42,68436.74,69005.21,1707.65634,1774558799999
1774558800000,69005.21,69205.43,68879.05,68921.1,598.68777,1774562399999
1774562400000,68921.1,69028.89,68603.24,68892.67,484.39394,1774565999999
1774566000000,68892.66,68994.16,68640.0,68820.31,390.41835,1774569599999
1774569600000,68820.31,68965.15,68531.37,68785.01,634.46014,1774573199999
1774573200000,68785.0,69066.51,68700.0,69051.27,555.05692,1774576799999
1774576800000,69051.27,69179.05,68862.0,68903.59,948.45642,1774580399999
1774580400000,68903.58,68924.0,68668.72,68767.51,576.98772,1774583999999
1774584000000,68767.5,68791.4,68304.14,68578.0,846.47748,1774587599999
1774587600000,68577.99,68865.88,68511.79,68630.77,773.74806,1774591199999
1774591200000,68630.76,68846.0,68567.62,68656.15,672.0882,1774594799999
1774594800000,68656.16,68955.53,68399.18,68540.48,1641.76445,1774598399999
1774598400000,68540.49,68635.07,67609.29,67920.5,1817.58289,1774601999999
1774602000000,67920.51,67960.32,67548.67,67695.81,812.25094,1774605599999
1774605600000,67695.81,67778.99,66326.38,66502.41,3012.9263,1774609199999
1774609200000,66502.41,66848.05,66231.96,66702.78,1683.20205,1774612799999
1774612800000,66702.78,66773.25,66432.19,66619.76,964.55681,1774616399999
1774616400000,66619.75,66757.3,66025.0,66188.32,2427.72498,1774619999999
1774620000000,66188.31,66404.0,65730.17,66205.06,2475.49917,1774623599999
1774623600000,66205.07,66638.25,65958.75,66112.82,2405.26081,1774627199999
1774627200000,66112.82,66177.99,65812.43,65979.29,1226.73521,1774630799999
1774630800000,65979.29,66290.0,65600.0,65632.92,1002.16119,1774634399999
1774634400000,65632.93,65951.96,65548.25,65836.69,915.82085,1774637999999
1774638000000,65836.69,66145.0,65700.0,66040.66,818.3401,1774641599999
1774641600000,66040.65,66152.51,65817.44,66020.76,511.09525,1774645199999
1774645200000,66020.77,66186.01,66013.0,66098.0,636.71362,1774648799999
1774648800000,66098.0,66098.01,65920.0,66020.79,739.86415,1774652399999
1774652400000,66020.79,66420.75,65970.25,66407.28,504.92186,1774655999999
1774656000000,66407.28,66520.46,66293.35,66431.55,499.89072,1774659599999
1774659600000,66431.54,66431.55,66056.09,66178.85,613.17173,1774663199999
1774663200000,66178.86,66251.67,65932.09,66053.2,490.39923,1774666799999
1774666800000,66053.2,66259.66,66053.19,66240.0,705.96536,1774670399999
1774670400000,66240.0,66304.72,66110.0,66285.01,452.84284,1774673999999
1774674000000,66285.01,66407.96,66202.01,66341.9,675.62625,1774677599999
1774677600000,66341.9,66500.0,66308.93,66382.0,485.97016,1774681199999
1774681200000,66382.0,66573.61,66379.8,66561.48,737.38217,1774684799999
1774684800000,66561.49,66570.09,66387.06,66409.33,708.34892,1774688399999
1774688400000,66409.34,66416.77,66243.01,66311.32,634.09125,1774691999999
1774692000000,66311.32,66411.79,66124.4,66221.38,306.12343,1774695599999
1774695600000,66221.37,66358.0,66201.91,66319.47,223.42305,1774699199999
1774699200000,66319.46,66527.01,66240.87,66455.09,344.10648,1774702799999
1774702800000,66455.1,67163.99,66407.65,66835.1,1040.57902,1774706399999
1774706400000,66835.1,66967.01,66666.66,66742.1,570.49869,1774709999999
1774710000000,66742.09,67288.94,66717.15,67014.91,771.68723,1774713599999
1774713600000,67014.92,67096.77,66855.24,66926.95,342.70522,1774717199999
1774717200000,66926.94,66996.61,66704.0,66846.21,310.89662,1774720799999
1774720800000,66846.2,66963.51,66834.87,66908.03,234.04169,1774724399999
1774724400000,66908.03,66954.0,66804.71,66916.52,202.96743,1774727999999
1774728000000,66916.52,67010.0,66906.0,66906.0,262.72665,1774731599999
1774731600000,66906.0,66926.31,66600.01,66685.53,291.07026,1774735199999
1774735200000,66685.53,66788.88,66588.22,66755.88,224.47432,1774738799999
1774738800000,66755.88,66755.88,66283.38,66377.03,333.40975,1774742399999
1774742400000,66377.04,66500.0,66281.4,66487.93,285.17232,1774745999999
1774746000000,66487.93,66620.0,66385.88,66569.22,295.19169,1774749599999
1774749600000,66569.22,66843.66,66540.96,66818.0,293.83335,1774753199999
1774753200000,66818.01,67130.5,66760.48,66912.0,660.9466,1774756799999
1774756800000,66912.0,66936.6,66717.51,66735.14,168.5724,1774760399999
1774760400000,66735.14,66828.05,66597.1,66771.94,418.44564,1774763999999
1774764000000,66771.94,66872.0,66636.0,66738.5,418.74617,1774767599999
1774767600000,66738.5,66752.61,66556.78,66671.0,346.10727,1774771199999
1774771200000,66671.0,66772.83,66600.0,66724.0,177.06023,1774774799999
1774774800000,66724.0,66773.02,66549.54,66634.01,225.04256,1774778399999
1774778400000,66634.01,66634.02,66418.0,66502.79,345.865,1774781999999
1774782000000,66502.8,66988.01,66502.79,66816.28,336.66276,1774785599999
1774785600000,66816.29,66870.34,66703.07,66849.88,185.85649,1774789199999
1774789200000,66849.88,66875.24,66524.28,66580.36,359.5639,1774792799999
1774792800000,66580.36,66797.01,66461.0,66589.64,372.89659,1774796399999
1774796400000,66589.64,66730.6,66334.37,66523.0,518.27098,1774799999999
1774800000000,66523.01,66665.05,66435.75,66499.35,232.56305,1774803599999
1774803600000,66499.36,66546.0,66158.26,66385.84,329.15631,1774807199999
1774807200000,66385.84,66540.43,66321.66,66427.26,147.43013,1774810799999
1774810800000,66427.27,66477.81,66323.3,66348.62,285.67371,1774814399999
1774814400000,66348.61,66793.83,66348.61,66614.05,280.05501,1774817999999
1774818000000,66614.04,66756.51,66509.41,66710.12,220.10647,1774821599999
1774821600000,66710.12,66710.12,65000.0,65860.31,2219.11979,1774825199999
1774825200000,65860.31,66382.98,65859.91,66010.93,930.51742,1774828799999
1774828800000,66010.93,67059.66,65800.59,66280.25,1328.87485,1774832399999
1774832400000,66280.24,66834.79,66280.24,66653.74,685.87133,1774835999999
1774836000000,66653.74,67450.0,66580.01,67121.01,1220.60217,1774839599999
1774839600000,67121.01,67319.33,66977.62,67173.8,466.26604,1774843199999
1774843200000,67173.8,67650.01,67167.92,67616.29,809.57231,1774846799999
1774846800000,67616.28,67800.0,67442.0,67492.46,627.15632,1774850399999
1774850400000,67492.46,67585.97,67278.53,67305.14,721.7835,1774853999999
1774854000000,67305.14,67624.39,67227.88,67624.39,584.47106,1774857599999
1774857600000,67624.39,67946.02,67604.56,67666.44,1729.15176,1774861199999
1774861200000,67666.44,67698.62,67460.0,67495.46,607.44273,1774864799999
1774864800000,67495.46,67518.37,67360.41,67488.53,255.63666,1774868399999
1774868400000,67488.88,68042.3,67488.88,67680.45,790.86208,1774871999999
1774872000000,67680.44,67979.93,67666.17,67899.59,627.65449,1774875599999
1774875600000,67899.59,68169.65,67428.57,67529.52,1379.99177,1774879199999
1774879200000,67529.52,67864.49,67088.73,67799.54,1205.57197,1774882799999
1774882800000,67799.54,67896.89,67407.63,67629.4,964.70473,1774886399999
1774886400000,67629.4,67641.65,67222.0,67368.1,660.26793,1774889999999
1774890000000,67368.1,67465.2,66650.0,66828.02,917.71373,1774893599999
1774893600000,66828.02,66929.18,66508.25,66653.46,498.11738,1774897199999
1774897200000,66653.45,66664.57,66233.13,66550.05,597.89786,1774900799999
1774900800000,66550.06,66691.48,66523.75,66651.4,324.61202,1774904399999
1774904400000,66651.41,66994.17,66587.32,66809.3,481.422,1774907999999
1774908000000,66809.3,66989.1,66683.72,66784.98,169.50316,1774911599999
1774911600000,66784.97,66797.38,66419.79,66797.37,698.2419,1774915199999
1774915200000,66797.38,67303.33,66544.51,67208.75,658.94529,1774918799999
1774918800000,67208.74,68408.37,67050.0,67938.54,1458.05548,1774922399999
1774922400000,67938.05,68096.87,67775.18,67943.43,435.18783,1774925999999
1774926000000,67943.43,68009.99,67648.2,67704.74,387.87365,1774929599999
1774929600000,67704.74,67979.38,67405.89,67544.01,1149.88888,1774933199999
1774933200000,67544.01,67780.34,67400.0,67681.68,653.43122,1774936799999
1774936800000,67681.69,67711.02,67333.33,67492.85,511.27605,1774940399999
1774940400000,67492.86,67524.65,67103.32,67367.69,1579.98188,1774943999999
1774944000000,67367.7,67496.0,66688.68,66778.33,897.84489,1774947599999
1774947600000,66778.34,66924.33,65998.05,66124.99,1512.48446,1774951199999
1774951200000,66125.0,66471.08,66100.01,66363.38,788.27557,1774954799999
1774954800000,66363.38,66922.58,66240.14,66685.69,989.3859,1774958399999
1774958400000,66685.69,66939.9,66520.71,66653.26,539.00678,1774961999999
1774962000000,66653.27,67412.11,66653.27,67302.29,1087.22021,1774965599999
1774965600000,67302.28,67767.87,66427.53,66587.45,1485.37387,1774969199999
1774969200000,66587.46,67283.25,66587.46,66736.8,1025.58837,1774972799999
1774972800000,66736.79,68030.19,66729.28,67665.83,1334.03651,1774976399999
1774976400000,67665.83,68589.49,67403.81,67526.75,2195.81331,1774979999999
1774980000000,67526.76,67947.98,67526.3,67854.05,426.40012,1774983599999
1774983600000,67854.04,68029.41,67716.35,67838.8,435.2447,1774987199999
1774987200000,67838.79,68267.27,67831.7,68265.53,693.06575,1774990799999
1774990800000,68265.53,68410.3,67884.0,68277.99,494.48096,1774994399999
1774994400000,68278.0,68341.16,67962.27,68172.87,755.55219,1774997999999
1774998000000,68173.59,68371.1,68090.2,68284.48,610.99275,1775001599999
1775001600000,68284.49,68343.77,67853.3,68330.75,542.79511,1775005199999
1775005200000,68330.76,68378.64,67760.33,67782.73,966.68117,1775008799999
1775008800000,67782.74,67913.98,67578.75,67668.89,1114.17912,1775012399999
1775012400000,67668.9,68250.0,67668.9,68170.67,551.94514,1775015999999
1775016000000,68170.67,68476.26,68005.33,68303.83,711.87735,1775019599999
1775019600000,68303.83,68755.51,68150.0,68456.02,817.4812,1775023199999
1775023200000,68456.01,69236.78,68456.01,69102.85,1241.29278,1775026799999
1775026800000,69102.8,69310.0,68667.02,68692.0,1537.595,1775030399999
1775030400000,68692.0,68851.35,68389.21,68670.16,1279.02403,1775033999999
1775034000000,68670.15,68733.78,68390.25,68644.0,480.44871,1775037599999
1775037600000,68644.01,68662.26,68407.08,68585.55,974.80784,1775041199999
1775041200000,68585.55,68736.15,68505.91,68712.52,752.56981,1775044799999
1775044800000,68712.52,68786.0,68248.3,68393.6,1365.22557,1775048399999
1775048400000,68393.6,68681.25,67918.83,68116.07,1032.06992,1775051999999
1775052000000,68116.06,68690.98,68059.38,68593.55,905.1708,1775055599999
1775055600000,68593.56,68965.0,68428.94,68918.52,789.38357,1775059199999
1775059200000,68918.52,68986.66,68610.0,68816.34,705.16345,1775062799999
1775062800000,68816.35,69171.77,68247.17,68266.62,768.87563,1775066399999
1775066400000,68266.62,68330.31,67939.28,68084.76,723.37275,1775069999999
1775070000000,68084.76,68287.39,68028.19,68176.84,412.79717,1775073599999
1775073600000,68176.84,68249.0,67964.48,68191.09,276.10606,1775077199999
1775077200000,68191.09,68534.0,68171.56,68362.53,326.52766,1775080799999
1775080800000,68362.53,68362.53,68070.38,68122.99,270.47066,1775084399999
1775084400000,68122.99,68250.0,67996.89,68113.92,474.3294,1775087999999
1775088000000,68113.92,68653.38,68050.0,68600.29,409.1904,1775091599999
1775091600000,68600.29,68600.29,67050.84,67359.27,1944.08944,1775095199999
1775095200000,67359.27,67359.27,66624.64,66852.99,1169.08434,1775098799999
1775098800000,66852.99,66969.54,66500.0,66576.25,767.73135,1775102399999
1775102400000,66576.25,66655.46,66217.07,66330.27,889.41375,1775105999999
1775106000000,66330.27,66667.92,66311.0,66591.54,966.2787,1775109599999
1775109600000,66591.54,66824.95,66548.45,66681.49,493.29026,1775113199999
1775113200000,66681.48,66961.26,66557.33,66930.79,645.82875,1775116799999
1775116800000,66930.79,66930.79,66180.0,66439.12,781.90752,1775120399999
1775120400000,66439.12,66517.43,66294.0,66469.6,483.38047,1775123999999
1775124000000,66469.6,66511.79,66229.55,66457.28,452.52391,1775127599999
1775127600000,66457.28,66516.06,66167.1,66220.28,1122.63022,1775131199999
1775131200000,66220.28,66248.51,65961.66,66052.71,1024.11018,1775134799999
1775134800000,66052.71,66285.81,65712.12,66270.87,1225.30288,1775138399999
1775138400000,66270.87,67104.86,66168.07,66868.18,1908.17735,1775141999999
1775142000000,66868.17,66994.51,66646.36,66852.91,825.60342,1775145599999
1775145600000,66852.91,67300.0,66759.28,67095.85,920.46412,1775149199999
1775149200000,67095.85,67430.99,66666.66,66679.16,1455.89824,1775152799999
1775152800000,66679.16,67065.35,66596.8,66981.99,929.27922,1775156399999
1775156400000,66981.99,67109.09,66878.0,66975.99,436.15774,1775159999999
1775160000000,66976.0,67100.0,66798.0,66939.25,284.18038,1775163599999
1775163600000,66939.25,67012.09,66731.08,66935.93,272.54969,1775167199999
1775167200000,66935.94,67037.48,66825.61,66982.48,352.22156,1775170799999
1775170800000,66982.48,67096.68,66855.5,66901.99,444.18527,1775174399999
1775174400000,66901.99,67000.0,66702.83,66785.86,388.08477,1775177999999
1775178000000,66785.87,66905.61,66483.9,66630.0,613.9141,1775181599999
1775181600000,66630.01,66750.57,66282.0,66533.81,625.3621,1775185199999
1775185200000,66533.82,66724.17,66495.69,66579.97,581.20992,1775188799999
1775188800000,66579.98,66699.99,66500.04,66602.66,733.15532,1775192399999
1775192400000,66602.67,66808.5,66416.68,66600.35,822.39566,1775195999999
1775196000000,66600.35,66800.0,66558.76,66796.79,434.2967,1775199599999
1775199600000,66796.8,67247.38,66758.0,67042.08,883.37731,1775203199999
1775203200000,67042.08,67288.0,66900.56,66965.39,717.16964,1775206799999
1775206800000,66965.39,67007.93,66749.35,66859.58,291.40037,1775210399999
1775210400000,66859.58,66898.97,66674.72,66883.08,215.33139,1775213999999
1775214000000,66883.09,67057.42,66823.18,67017.44,215.91455,1775217599999
1775217600000,67017.43,67370.42,66646.36,66722.16,808.01051,1775221199999
1775221200000,66722.16,66735.62,66508.1,66672.0,554.93399,1775224799999
1775224800000,66671.99,66990.59,66634.0,66929.81,530.03077,1775228399999
1775228400000,66929.8,67028.37,66823.3,66827.15,465.79672,1775231999999
1775232000000,66827.15,67069.0,66827.14,67010.46,361.0645,1775235599999
1775235600000,67010.45,67067.0,66751.86,66855.01,378.12395,1775239199999
1775239200000,66855.0,66930.0,66786.12,66812.03,187.13591,1775242799999
1775242800000,66812.04,66911.19,66774.02,66885.74,289.39585,1775246399999
1775246400000,66885.73,66919.61,66831.97,66831.98,141.97965,1775249999999
1775250000000,66831.97,66970.18,66827.6,66964.21,378.17654,1775253599999
1775253600000,66964.21,66970.17,66842.76,66888.76,287.42422,1775257199999
1775257200000,66888.76,66964.3,66826.13,66964.3,525.44687,1775260799999
1775260800000,66964.29,66968.28,66876.7,66893.39,159.1028,1775264399999
1775264400000,66893.4,66924.48,66827.22,66852.0,418.46364,1775267999999
1775268000000,66852.0,66919.41,66814.0,66844.83,138.81793,1775271599999
1775271600000,66844.84,66910.22,66830.23,66832.18,86.81929,1775275199999
1775275200000,66832.18,66876.32,66775.91,66860.73,180.50471,1775278799999
1775278800000,66860.73,66936.72,66844.14,66916.29,629.01422,1775282399999
1775282400000,66916.3,67049.94,66911.2,67013.24,254.32193,1775285999999
1775286000000,67013.25,67052.99,66943.34,67014.96,664.43952,1775289599999
1775289600000,67014.95,67057.42,66918.0,66940.0,398.19184,1775293199999
1775293200000,66940.0,66994.52,66918.0,66988.05,295.09328,1775296799999
1775296800000,66988.06,67167.0,66918.0,67167.0,290.85424,1775300399999
1775300400000,67167.0,67232.72,67083.43,67156.93,363.18025,1775303999999
1775304000000,67156.93,67185.0,67060.56,67097.87,140.59027,1775307599999
1775307600000,67097.87,67267.0,67082.41,67193.44,362.06124,1775311199999
1775311200000,67193.45,67223.51,67029.07,67215.24,369.07128,1775314799999
1775314800000,67215.24,67562.93,67177.39,67383.66,635.57272,1775318399999
1775318400000,67383.66,67520.85,67331.06,67366.68,294.26452,1775321999999
1775322000000,67366.68,67416.48,67292.0,67329.4,254.01236,1775325599999
1775325600000,67329.41,67380.98,67265.0,67295.47,120.36154,1775329199999
1775329200000,67295.47,67543.6,67275.0,67288.42,189.77457,1775332799999
1775332800000,67288.42,67295.81,67186.62,67268.4,186.97188,1775336399999
1775336400000,67268.4,67504.54,67215.0,67359.2,238.4254,1775339999999
1775340000000,67359.21,67470.93,67341.19,67399.92,306.3388,1775343599999
1775343600000,67399.91,67399.99,67261.32,67300.42,397.2679,1775347199999
1775347200000,67300.42,67307.28,67168.08,67225.0,431.18676,1775350799999
1775350800000,67225.0,67230.0,67080.0,67085.0,369.56535,1775354399999
1775354400000,67085.0,67174.92,66955.72,67170.16,252.42427,1775357999999
1775358000000,67170.17,67188.09,67089.33,67145.98,163.69484,1775361599999
1775361600000,67145.98,67188.51,67073.56,67101.65,92.89503,1775365199999
1775365200000,67101.65,67154.98,66888.0,66931.65,466.39184,1775368799999
1775368800000,66931.65,66940.0,66611.66,66802.24,728.34135,1775372399999
1775372400000,66802.24,66914.48,66715.43,66820.64,615.79892,1775375999999
1775376000000,66820.64,66940.0,66819.42,66933.18,227.07394,1775379599999
1775379600000,66933.18,67048.64,66902.15,67035.15,293.93169,1775383199999
1775383200000,67035.15,67150.0,66968.35,67046.01,288.35183,1775386799999
1775386800000,67046.01,67087.22,66973.67,66999.0,253.07128,1775390399999
1775390400000,66998.99,66999.0,66680.57,66783.58,607.98096,1775393999999
1775394000000,66783.59,66918.03,66693.91,66890.7,361.31735,1775397599999
1775397600000,66890.7,66963.95,66820.54,66918.03,296.0396,1775401199999
1775401200000,66918.03,67856.16,66829.02,67306.64,1471.0776,1775404799999
1775404800000,67306.65,67410.0,67173.4,67212.62,356.80623,1775408399999
1775408400000,67212.61,67402.0,67187.95,67373.64,168.11139,1775411999999
1775412000000,67373.64,67451.78,67281.38,67413.78,210.99631,1775415599999
1775415600000,67413.78,67560.45,67276.67,67361.01,229.64378,1775419199999
1775419200000,67361.01,67705.74,67332.66,67658.35,338.30366,1775422799999
1775422800000,67658.35,67682.42,67408.07,67553.43,435.91664,1775426399999
1775426400000,67553.44,68374.75,67347.05,68338.43,1201.92322,1775429999999
1775430000000,68338.43,69136.2,68266.13,69034.18,1872.62368,1775433599999
1775433600000,69034.18,69588.0,69034.18,69083.78,1917.91608,1775437199999
1775437200000,69083.79,69139.63,68787.13,68810.18,991.41564,1775440799999
1775440800000,68810.17,69408.39,68776.61,69207.99,951.83494,1775444399999
1775444400000,69207.99,69259.06,69056.86,69123.69,641.74895,1775447999999
1775448000000,69123.69,69217.68,68980.36,69141.8,640.03746,1775451599999
1775451600000,69141.81,69247.0,69086.0,69199.31,664.48642,1775455199999
1775455200000,69199.31,69354.26,68806.53,68976.67,805.10068,1775458799999
1775458800000,68976.67,69215.37,68821.07,69115.91,705.20265,1775462399999
1775462400000,69115.91,69347.85,69081.88,69224.63,514.80546,1775465999999
1775466000000,69224.63,70283.32,69214.46,69728.0,2395.68342,1775469599999
1775469600000,69728.01,69950.0,69708.13,69770.88,634.91449,1775473199999
1775473200000,69770.88,69770.96,69565.01,69614.91,453.63795,1775476799999
1775476800000,69614.91,69635.87,69329.23,69366.75,601.7024,1775480399999
1775480400000,69366.76,69550.0,69235.09,69428.23,656.60844,1775483999999
1775484000000,69428.23,69809.99,69163.86,69654.38,1336.92282,1775487599999
1775487600000,69654.39,69973.25,69526.87,69968.87,814.13173,1775491199999
1775491200000,69968.87,70351.46,69782.11,69799.14,1291.21899,1775494799999
1775494800000,69799.14,69820.0,69282.02,69574.61,914.30002,1775498399999
1775498400000,69574.62,69967.78,69479.49,69888.97,537.79955,1775501999999
1775502000000,69888.97,69899.99,69583.33,69739.53,431.93913,1775505599999
1775505600000,69739.52,69974.08,69625.0,69826.01,372.95882,1775509199999
1775509200000,69826.0,69826.0,69423.09,69504.99,366.00988,1775512799999
1775512800000,69504.99,69581.92,68811.0,68811.0,578.82627,1775516399999
1775516400000,68811.01,68912.97,68300.0,68853.66,1062.40825,1775519999999
1775520000000,68853.66,69128.2,68723.81,68775.7,908.20417,1775523599999
1775523600000,68775.71,68900.63,68352.52,68400.01,682.14287,1775527199999
1775527200000,68400.01,68713.92,68273.34,68674.0,382.32486,1775530799999
1775530800000,68674.01,68800.94,68625.59,68779.21,449.64401,1775534399999
1775534400000,68779.2,68981.83,68540.84,68854.65,480.37449,1775537999999
1775538000000,68854.65,68866.0,68613.2,68669.0,546.70209,1775541599999
1775541600000,68669.0,68669.01,68443.0,68568.35,488.73987,1775545199999
1775545200000,68568.35,68703.72,68500.0,68624.61,307.81904,1775548799999
1775548800000,68624.6,68984.48,68603.6,68936.71,338.93457,1775552399999
1775552400000,68936.71,69247.9,68930.04,69150.05,436.92801,1775555999999
1775556000000,69150.06,69199.87,68200.0,68237.93,899.01254,1775559599999
1775559600000,68237.93,68455.96,68071.96,68345.75,598.71022,1775563199999
1775563200000,68345.75,68599.13,68080.0,68392.18,738.67705,1775566799999
1775566800000,68392.19,68633.87,68198.12,68231.99,822.0611,1775570399999
1775570400000,68231.99,68258.26,67763.64,67860.48,1396.10082,1775573999999
1775574000000,67860.49,68268.6,67732.01,68168.1,1084.45539,1775577599999
1775577600000,68168.11,68454.23,68085.01,68229.99,654.26405,1775581199999
1775581200000,68230.0,69000.0,68198.22,68705.81,1147.70463,1775584799999
1775584800000,68705.82,68773.24,68358.1,68442.53,630.41269,1775588399999
1775588400000,68442.52,69098.44,68358.1,69011.29,1385.03929,1775591999999
1775592000000,69011.29,69535.26,69011.29,69319.39,1097.55478,1775595599999
1775595600000,69319.39,70216.68,69311.84,69927.64,1742.03489,1775599199999
1775599200000,69927.65,71528.0,69927.65,71514.09,2841.66596,1775602799999
1775602800000,71514.1,72761.0,71194.9,71924.22,3690.98922,1775606399999
1775606400000,71924.22,72110.65,71541.51,71710.19,1153.45069,1775609999999
1775610000000,71710.19,71758.6,71452.68,71476.97,621.6206,1775613599999
1775613600000,71476.98,71727.01,71240.99,71364.94,1153.76247,1775617199999
1775617200000,71364.95,71479.97,71277.18,71287.39,441.23135,1775620799999
1775620800000,71287.39,71676.77,71287.38,71566.18,721.11279,1775624399999
1775624400000,71566.66,71831.6,71560.0,71731.1,821.79755,1775627999999
1775628000000,71731.1,71941.42,71581.14,71732.69,811.19618,1775631599999
1775631600000,71732.7,71902.0,71573.04,71627.59,943.84918,1775635199999
1775635200000,71627.59,71831.08,71627.59,71800.0,501.15204,1775638799999
1775638800000,71799.99,71955.0,71588.75,71678.87,419.9995,1775642399999
1775642400000,71678.87,71790.0,71457.61,71476.98,514.219,1775645999999
1775646000000,71476.97,71739.67,71407.77,71675.12,779.27898,1775649599999
1775649600000,71675.12,72181.81,71581.76,72071.95,1226.00544,1775653199999
1775653200000,72071.95,72857.0,71510.0,71600.01,2821.31683,1775656799999
1775656800000,71600.0,71751.42,70707.23,70912.88,1895.54834,1775660399999
1775660400000,70912.89,71349.05,70833.3,71310.0,873.16856,1775663999999
1775664000000,71309.99,71699.0,71250.93,71602.1,757.94566,1775667599999
1775667600000,71602.11,71963.94,71490.55,71888.19,682.09647,1775671199999
1775671200000,71888.19,71888.2,71085.22,71099.63,703.75724,1775674799999
1775674800000,71099.63,71372.22,71019.0,71318.48,473.49397,1775678399999
1775678400000,71318.47,71481.7,71267.91,71372.93,226.24698,1775681999999
1775682000000,71372.94,71748.0,71330.86,71551.39,367.89907,1775685599999
1775685600000,71551.4,71571.6,71064.84,71064.84,374.67564,1775689199999
1775689200000,71064.84,71204.0,70901.89,71069.93,517.86174,1775692799999
1775692800000,71069.93,71133.71,70650.0,70815.5,677.85142,1775696399999
1775696400000,70815.5,70956.7,70466.0,70928.89,495.03665,1775699999999
1775700000000,70928.9,71198.8,70816.36,71060.64,664.15391,1775703599999
1775703600000,71060.64,71124.05,70845.27,70992.39,808.25356,1775707199999
1775707200000,70992.37,71006.13,70734.77,70782.0,304.15042,1775710799999
1775710800000,70781.99,71087.12,70689.38,70984.0,495.401,1775714399999
1775714400000,70983.99,71082.71,70809.94,71031.84,538.94746,1775717999999
1775718000000,71031.83,71116.0,70955.4,70982.01,922.88611,1775721599999
1775721600000,70982.01,71380.0,70865.42,71249.51,562.42694,1775725199999
1775725200000,71249.51,71575.0,71109.99,71534.68,512.0201,1775728799999
1775728800000,71534.69,71534.69,71276.44,71276.45,304.66693,1775732399999
1775732400000,71276.45,71350.0,71038.5,71150.17,446.85377,1775735999999
1775736000000,71150.17,71328.79,71040.0,71279.63,382.04593,1775739599999
1775739600000,71279.63,71355.24,70629.3,70801.98,696.59545,1775743199999
1775743200000,70801.97,71250.39,70522.77,71123.71,873.72309,1775746799999
1775746800000,71123.71,72358.0,70929.44,72141.99,2048.75279,1775750399999
1775750400000,72142.0,72399.0,71729.66,72080.87,1429.6831,1775753999999
1775754000000,72080.86,72550.0,72062.38,72347.49,1415.90923,1775757599999
1775757600000,72348.0,72380.7,71747.68,71888.69,560.32535,1775761199999
1775761200000,71888.69,72300.0,71750.0,72096.32,607.89039,1775764799999
1775764800000,72096.33,72458.31,71985.95,72413.97,497.89389,1775768399999
1775768400000,72413.96,72700.0,72142.79,72264.95,771.79321,1775771999999
1775772000000,72264.96,73145.0,71945.94,71946.01,1345.32358,1775775599999
1775775600000,71946.01,72025.53,71585.25,71787.97,795.83731,1775779199999
1775779200000,71787.98,72028.4,71573.35,71963.03,967.9743,1775782799999
1775782800000,71963.04,72387.0,71673.48,72157.93,679.67117,1775786399999
1775786400000,72157.93,72291.04,71921.59,71965.36,515.54191,1775789999999
1775790000000,71965.36,72027.37,71813.73,71868.67,543.68867,1775793599999
1775793600000,71868.67,72212.84,71820.47,72117.29,734.17151,1775797199999
1775797200000,72117.29,72267.89,72010.4,72127.84,408.69549,1775800799999
1775800800000,72127.84,72179.85,71792.01,71805.38,448.00931,1775804399999
1775804400000,71805.39,71837.59,71428.0,71481.85,702.39043,1775807999999
1775808000000,71481.85,71769.41,71426.15,71606.07,624.89096,1775811599999
1775811600000,71606.08,71873.0,71583.47,71787.41,281.02303,1775815199999
1775815200000,71787.41,71928.29,71711.6,71910.09,238.63388,1775818799999
1775818800000,71910.1,72261.93,71903.69,72127.59,421.17579,1775822399999
1775822400000,72127.59,72458.0,72007.5,72258.68,733.4245,1775825999999
1775826000000,72258.69,72409.41,71899.51,72321.4,673.2668,1775829599999
1775829600000,72321.39,73155.58,72258.0,72909.0,2362.6198,1775833199999
1775833200000,72909.0,73289.96,72355.87,72460.51,1324.05053,1775836799999
1775836800000,72460.52,73069.4,72387.41,72992.33,733.09003,1775840399999
1775840400000,72992.32,73146.0,72802.96,73121.66,454.50524,1775843999999
1775844000000,73121.66,73159.81,72880.95,73107.07,597.01721,1775847599999
1775847600000,73107.07,73264.76,72900.0,73236.11,713.54118,1775851199999
1775851200000,73236.11,73434.0,73051.97,73361.68,872.16866,1775854799999
1775854800000,73361.68,73364.47,72934.53,73190.67,654.89865,1775858399999
1775858400000,73190.68,73244.03,72700.6,72877.0,798.3469,1775861999999
1775862000000,72877.01,72967.79,72791.96,72962.7,889.83693,1775865599999
1775865600000,72962.71,72962.71,72787.94,72828.42,801.54149,1775869199999
1775869200000,72828.42,72999.99,72670.0,72954.39,320.3002,1775872799999
1775872800000,72954.39,73094.89,72910.93,72966.57,288.43552,1775876399999
1775876400000,72966.58,73075.34,72814.42,72866.63,227.12944,1775879999999
1775880000000,72866.62,72954.28,72681.9,72806.08,298.14959,1775883599999
1775883600000,72806.08,72836.55,72679.08,72722.28,222.17067,1775887199999
1775887200000,72722.28,72771.32,72612.16,72762.0,590.44339,1775890799999
1775890800000,72762.01,72832.0,72672.56,72745.38,321.42327,1775894399999
1775894400000,72745.38,72799.57,72638.44,72664.17,263.67236,1775897999999
1775898000000,72664.16,72908.0,72617.75,72907.11,306.96352,1775901599999
1775901600000,72907.12,72915.95,72760.9,72843.71,224.83128,1775905199999
1775905200000,72843.7,72912.0,72826.37,72907.05,109.63598,1775908799999
1775908800000,72907.05,72982.4,72814.97,72940.49,180.21756,1775912399999
1775912400000,72940.5,72940.5,72513.09,72658.07,493.97275,1775915999999
1775916000000,72658.07,72770.91,72609.27,72704.67,212.83973,1775919599999
1775919600000,72704.66,72896.03,72678.0,72858.17,246.74388,1775923199999
1775923200000,72858.18,73204.74,72812.94,73034.33,656.04744,1775926799999
1775926800000,73034.34,73169.04,72942.06,73095.97,269.56328,1775930399999
1775930400000,73095.97,73726.13,73032.61,73547.89,856.65701,1775933999999
1775934000000,73547.9,73790.0,73472.38,73687.15,595.037,1775937599999
1775937600000,73687.16,73689.97,73226.28,73290.43,395.49217,1775941199999
1775941200000,73290.43,73548.08,73200.48,73427.04,366.94025,1775944799999
1775944800000,73427.04,73574.0,73234.25,73376.01,431.15797,1775948399999
1775948400000,73376.01,73376.01,72907.4,73043.16,391.57799,1775951999999
1775952000000,73043.16,73117.32,72873.25,73079.96,390.45862,1775955599999
1775955600000,73079.96,73137.24,71310.0,71643.69,2072.10202,1775959199999
1775959200000,71643.69,71982.46,71352.47,71761.35,839.35622,1775962799999
1775962800000,71761.35,71861.33,71593.18,71593.19,790.20901,1775966399999
1775966400000,71593.18,71685.31,71444.68,71466.53,611.50691,1775969999999
1775970000000,71466.53,71781.0,71417.22,71710.2,667.76838,1775973599999
1775973600000,71710.19,71753.33,71633.77,71668.01,377.10612,1775977199999
1775977200000,71668.01,71747.31,71588.57,71665.0,313.33908,1775980799999
1775980800000,71664.99,71805.85,71595.0,71629.21,922.36362,1775984399999
1775984400000,71629.21,71633.01,71488.45,71531.94,372.12981,1775987999999
1775988000000,71531.95,71682.72,71357.76,71452.89,274.78665,1775991599999
1775991600000,71452.89,71556.12,71412.57,71468.55,211.53603,1775995199999
1775995200000,71468.54,71500.0,71077.44,71084.01,608.12473,1775998799999
1775998800000,71084.01,71146.03,70866.82,70889.42,708.82478,1776002399999
1776002400000,70889.42,71092.78,70700.0,70748.34,541.94034,1776005999999
1776006000000,70748.34,70932.0,70604.07,70892.03,502.43194,1776009599999
1776009600000,70892.04,70959.51,70821.05,70936.27,259.94883,1776013199999
1776013200000,70936.27,71202.0,70900.0,71140.51,322.7326,1776016799999
1776016800000,71140.51,71214.08,71056.2,71137.64,176.22609,1776020399999
1776020400000,71137.65,71222.58,71078.76,71084.18,233.07874,1776023999999
1776024000000,71084.18,71440.0,70956.83,71335.43,622.27061,1776027599999
1776027600000,71335.43,71452.0,71163.01,71364.02,234.93742,1776031199999
1776031200000,71364.03,71367.85,70505.88,70912.73,908.94869,1776034799999
1776034800000,70912.73,70912.73,70571.66,70740.98,510.34077,1776038399999
1776038400000,70741.56,71262.63,70615.3,71172.62,546.73984,1776041999999
1776042000000,71172.63,71227.28,71027.26,71197.64,720.27854,1776045599999
1776045600000,71197.64,71271.78,70986.71,71073.14,270.71272,1776049199999
1776049200000,71073.14,71155.42,70917.27,70976.0,348.9161,1776052799999
1776052800000,70975.99,71144.0,70854.29,70890.3,584.47308,1776056399999
1776056400000,70890.3,70920.0,70672.72,70878.82,533.46945,1776059999999
1776060000000,70878.82,71106.54,70878.82,71017.66,697.01918,1776063599999
1776063600000,71017.66,71067.91,70685.25,70813.88,859.13978,1776067199999
1776067200000,70813.88,70861.01,70566.99,70680.7,334.12518,1776070799999
1776070800000,70680.7,70910.68,70678.0,70792.88,250.58431,1776074399999
1776074400000,70792.89,70846.9,70688.28,70755.88,177.99631,1776077999999
1776078000000,70755.89,70997.12,70736.29,70929.68,260.33899,1776081599999
1776081600000,70929.68,71219.8,70758.5,71074.91,460.129,1776085199999
1776085200000,71074.92,71700.82,70818.57,71662.65,1544.74455,1776088799999
1776088800000,71662.65,72401.0,71375.24,72400.15,2098.23774,1776092399999
1776092400000,72400.15,72464.28,71652.65,71866.59,1342.3378,1776095999999
1776096000000,71866.59,72437.25,71679.8,72202.36,1514.19404,1776099599999
1776099600000,72202.37,72600.0,72069.01,72148.87,1653.64723,1776103199999
1776103200000,72148.87,72460.42,72053.78,72424.86,965.95939,1776106799999
1776106800000,72424.86,73480.0,72298.93,73322.82,2632.95065,1776110399999
1776110400000,73322.0,73394.37,73007.08,73149.36,1081.57049,1776113999999
1776114000000,73149.36,73368.08,73072.85,73179.71,387.90227,1776117599999
1776117600000,73179.71,74746.61,73172.01,74627.04,3298.60756,1776121199999
1776121200000,74627.04,74900.0,74405.64,74417.99,1666.14205,1776124799999
1776124800000,74418.0,74517.31,74102.39,74163.82,1276.45858,1776128399999
1776128400000,74163.82,74431.0,73954.86,74386.02,1065.1631,1776131999999
1776132000000,74386.03,74579.32,74283.2,74330.98,598.05117,1776135599999
1776135600000,74330.99,74496.9,74252.35,74444.43,646.36946,1776139199999
1776139200000,74444.44,74504.52,74351.55,74387.85,484.30563,1776142799999
1776142800000,74387.85,74434.41,74150.6,74210.11,838.40961,1776146399999
1776146400000,74210.12,74550.0,74210.12,74522.73,614.57152,1776149999999
1776150000000,74522.72,74924.64,74430.92,74546.0,1456.55359,1776153599999
1776153600000,74545.99,74910.0,74460.64,74750.0,938.29896,1776157199999
1776157200000,74750.0,74830.93,74435.12,74500.0,565.8647,1776160799999
1776160800000,74500.0,74617.92,74333.46,74350.01,540.18312,1776164399999
1776164400000,74350.01,74450.63,74307.35,74376.52,653.35819,1776167999999
1776168000000,74376.52,74485.06,74277.19,74452.0,513.51818,1776171599999
1776171600000,74452.0,75532.94,74407.74,75525.94,3246.78739,1776175199999
1776175200000,75525.94,76038.0,75013.61,75013.62,4357.56106,1776178799999
1776178800000,75013.61,75441.99,74564.34,75317.07,1661.60412,1776182399999
1776182400000,75317.06,75688.0,74527.02,74652.2,1265.45725,1776185999999
1776186000000,74652.2,74948.78,74244.63,74748.9,985.979,1776189599999
1776189600000,74748.89,74814.99,73795.47,74093.19,1613.97962,1776193199999
1776193200000,74093.18,74398.43,73882.79,74223.18,1054.69346,1776196799999
1776196800000,74223.3,74434.33,74015.53,74102.29,434.25271,1776200399999
1776200400000,74102.28,74320.44,73951.64,74277.15,381.06364,1776203999999
1776204000000,74277.16,74373.19,73806.09,74023.15,638.74603,1776207599999
1776207600000,74023.16,74232.83,74001.08,74131.55,701.71447,1776211199999
1776211200000,74131.55,74677.19,74126.32,74568.36,874.99865,1776214799999
1776214800000,74568.37,74786.72,74500.0,74613.28,443.16738,1776218399999
1776218400000,74613.28,74697.47,74188.0,74322.0,506.95652,1776221999999
1776222000000,74322.01,74372.84,74173.75,74345.97,317.62112,1776225599999
1776225600000,74345.98,74434.51,74261.47,74340.38,660.47305,1776229199999
1776229200000,74340.38,74434.0,73864.01,74021.5,542.04465,1776232799999
1776232800000,74021.5,74048.95,73855.49,73891.62,419.09008,1776236399999
1776236400000,73891.62,74016.67,73514.0,73730.43,1451.80452,1776239999999
1776240000000,73730.43,74181.9,73675.96,74110.51,532.83471,1776243599999
1776243600000,74110.52,74176.49,73909.49,74011.69,363.2179,1776247199999
1776247200000,74011.7,74250.0,73789.5,73864.75,548.88747,1776250799999
1776250800000,73864.76,74256.44,73864.76,74201.78,444.7329,1776254399999
1776254400000,74201.78,74466.1,74051.64,74273.77,567.44529,1776257999999
1776258000000,74273.77,74434.51,73817.23,74063.92,676.35905,1776261599999
1776261600000,74063.91,74506.84,73830.0,74151.81,757.76569,1776265199999
1776265200000,74151.81,74299.07,73580.85,73844.08,743.29132,1776268799999
1776268800000,73844.07,74176.0,73762.89,73941.09,547.84936,1776272399999
1776272400000,73941.09,74242.0,73915.48,74134.95,593.44252,1776275999999
1776276000000,74134.95,74399.75,74073.61,74390.29,407.09098,1776279599999
1776279600000,74390.29,75281.0,74355.46,75002.6,1179.99077,1776283199999
1776283200000,75002.6,75039.92,74512.06,74841.68,570.09892,1776286799999
1776286800000,74841.67,74855.16,74540.23,74743.1,310.66035,1776290399999
1776290400000,74743.1,75425.0,74740.02,74964.0,653.95001,1776293999999
1776294000000,74964.01,74964.01,74620.95,74809.99,311.26846,1776297599999
1776297600000,74809.99,74874.93,74451.49,74815.1,636.94865,1776301199999
1776301200000,74815.09,74815.09,74454.09,74657.66,240.65148,1776304799999
1776304800000,74657.67,75267.85,74601.27,74887.24,589.65615,1776308399999
1776308400000,74887.23,75159.26,74865.5,74888.21,470.71966,1776311999999
1776312000000,74888.21,75174.38,74728.0,74944.15,513.51186,1776315599999
1776315600000,74944.15,75139.82,74900.0,75043.48,359.01217,1776319199999
1776319200000,75043.47,75115.12,74853.72,75045.01,604.84284,1776322799999
1776322800000,75045.01,75082.78,74636.0,74707.03,708.0609,1776326399999
1776326400000,74707.02,74744.35,74500.0,74677.91,669.8621,1776329999999
1776330000000,74677.91,74901.5,74594.01,74594.02,316.26697,1776333599999
1776333600000,74594.02,74653.12,74277.34,74313.0,526.53069,1776337199999
1776337200000,74312.99,74663.27,74285.0,74574.79,1174.6136,1776340799999
1776340800000,74574.8,74872.0,74574.79,74624.0,529.55969,1776344399999
1776344400000,74624.01,75030.39,73309.85,73788.03,1828.93731,1776347999999
1776348000000,73788.03,74197.32,73426.94,73973.33,1331.31817,1776351599999
1776351600000,73973.33,74878.99,73934.44,74697.19,1520.20876,1776355199999
1776355200000,74697.2,74932.0,74063.0,74175.57,762.35705,1776358799999
1776358800000,74175.58,74438.31,73912.23,74343.25,751.1945,1776362399999
1776362400000,74343.25,75089.0,74240.0,75026.71,780.63438,1776365999999
1776366000000,75026.71,75410.71,74717.97,75342.99,1203.37407,1776369599999
1776369600000,75343.0,75534.76,75001.0,75223.47,661.71844,1776373199999
1776373200000,75223.48,75286.51,74789.5,74934.24,451.58433,1776376799999
1776376800000,74934.24,75117.0,74833.14,74867.92,232.35004,1776380399999
1776380400000,74867.92,75177.76,74840.92,75154.29,224.77396,1776383999999
1776384000000,75154.28,75154.77,74886.82,74944.98,796.37355,1776387599999
1776387600000,74944.99,75034.49,74569.99,74750.0,407.29847,1776391199999
1776391200000,74750.0,74802.98,74529.4,74700.0,235.53372,1776394799999
1776394800000,74700.0,74839.31,74606.12,74615.82,721.66261,1776398399999
1776398400000,74615.82,74871.11,74589.88,74791.39,213.9543,1776401999999
1776402000000,74791.39,74801.13,74555.12,74637.77,241.61979,1776405599999
1776405600000,74637.77,74950.0,74604.62,74938.52,276.57366,1776409199999
1776409200000,74938.53,75089.51,74930.0,75074.77,607.34373,1776412799999
1776412800000,75074.76,75881.95,74993.24,75780.38,1494.62708,1776416399999
1776416400000,75780.38,76370.25,75518.78,75779.99,2004.70646,1776419999999
1776420000000,75779.99,75886.01,75095.93,75278.77,1050.31882,1776423599999
1776423600000,75278.77,75609.77,75246.65,75589.7,429.61331,1776427199999
1776427200000,75589.7,76265.82,75531.97,76233.05,1128.91448,1776430799999
1776430800000,76233.06,77417.61,76061.57,77340.12,5123.01639,1776434399999
1776434400000,77340.11,78052.49,77015.39,77886.77,3617.10048,1776437999999
1776438000000,77886.77,77999.0,77444.44,77785.02,1975.14451,1776441599999
1776441600000,77785.03,78333.0,77705.2,77857.14,1402.18359,1776445199999
1776445200000,77857.15,77917.77,77101.49,77520.59,1173.45635,1776448799999
1776448800000,77520.59,77565.63,77088.23,77159.89,637.39265,1776452399999
1776452400000,77159.88,77473.44,77000.0,77393.58,652.45495,1776455999999
1776456000000,77393.58,77611.68,77160.12,77337.64,357.23206,1776459599999
1776459600000,77337.64,77494.69,77278.72,77445.73,307.76412,1776463199999
1776463200000,77445.74,77510.0,77274.56,77301.25,474.88113,1776466799999
1776466800000,77301.25,77302.0,76911.0,77072.0,612.20073,1776470399999
1776470400000,77072.01,77258.55,76978.17,77168.0,324.03843,1776473999999
1776474000000,77168.22,77330.0,77115.77,77218.07,266.4299,1776477599999
1776477600000,77218.06,77420.08,77124.63,77292.52,268.04149,1776481199999
1776481200000,77292.53,77296.95,76962.67,77005.47,268.91717,1776484799999
1776484800000,77005.47,77162.08,76884.1,77100.74,370.07883,1776488399999
1776488400000,77100.73,77278.58,77100.73,77134.66,312.05483,1776491999999
1776492000000,77134.66,77217.0,77058.4,77136.01,168.72376,1776495599999
1776495600000,77136.01,77136.01,76890.0,76997.8,276.05173,1776499199999
1776499200000,76997.79,77048.0,76501.0,76738.63,773.24357,1776502799999
1776502800000,76738.62,76738.63,76409.37,76599.89,462.93265,1776506399999
1776506400000,76599.89,76599.9,76132.32,76189.56,624.93038,1776509999999
1776510000000,76189.55,76189.56,75763.76,76039.05,809.07399,1776513599999
1776513600000,76039.06,76300.0,76039.05,76206.97,492.57948,1776517199999
1776517200000,76206.98,76212.7,75797.53,76122.87,456.87331,1776520799999
1776520800000,76122.88,76288.4,75959.68,76249.99,461.97289,1776524399999
1776524400000,76250.0,76363.75,76003.97,76167.34,261.12334,1776527999999
1776528000000,76167.33,76211.57,75691.03,75943.35,522.36094,1776531599999
1776531600000,75943.34,75958.23,75778.69,75828.51,256.05723,1776535199999
1776535200000,75828.51,75844.66,75445.16,75651.78,591.47146,1776538799999
1776538800000,75651.78,75796.32,75574.22,75649.85,194.3187,1776542399999
1776542400000,75649.86,75834.3,75608.44,75754.78,484.97143,1776545999999
1776546000000,75754.77,75839.1,75599.64,75821.34,197.94348,1776549599999
1776549600000,75821.35,75873.1,75608.89,75813.53,155.69572,1776553199999
1776553200000,75813.53,75891.64,75685.69,75691.76,141.95985,1776556799999
1776556800000,75691.76,75847.42,75551.73,75693.01,297.06433,1776560399999
1776560400000,75693.0,75798.47,75457.11,75621.95,321.53516,1776563999999
1776564000000,75621.96,75722.21,75407.84,75496.0,212.48934,1776567599999
1776567600000,75496.01,75637.44,75357.0,75515.77,175.28804,1776571199999
1776571200000,75515.76,75782.63,75424.4,75664.62,294.60425,1776574799999
1776574800000,75664.62,75687.04,75516.39,75545.6,174.63786,1776578399999
1776578400000,75545.6,75545.6,75280.92,75400.09,385.31594,1776581999999
1776582000000,75400.09,75400.09,74867.72,75252.34,771.61495,1776585599999
1776585600000,75252.33,75299.99,75071.58,75257.6,333.58261,1776589199999
1776589200000,75257.59,75265.0,74921.74,75015.0,313.21615,1776592799999
1776592800000,75015.0,75243.02,74933.87,75222.45,323.18472,1776596399999
1776596400000,75222.46,75641.99,75216.96,75604.11,418.71675,1776599999999
1776600000000,75604.11,75700.0,75432.07,75571.6,439.48255,1776603599999
1776603600000,75571.61,76240.66,75552.44,75921.75,760.39543,1776607199999
1776607200000,75921.75,76147.01,75674.55,76024.01,621.24056,1776610799999
1776610800000,76024.02,76155.3,75401.44,75846.63,1097.76631,1776614399999
1776614400000,75846.63,75853.26,75311.11,75382.86,403.71917,1776617999999
1776618000000,75382.87,75382.87,74638.31,74791.26,795.68148,1776621599999
1776621600000,74791.27,74908.62,74608.0,74770.11,531.16281,1776625199999
1776625200000,74770.11,75071.61,74770.11,74965.47,306.83274,1776628799999
1776628800000,74965.46,74965.47,74427.53,74630.0,452.71123,1776632399999
1776632400000,74630.01,74810.0,74368.6,74425.15,383.54881,1776635999999
1776636000000,74425.16,74425.16,73762.9,74047.34,1140.3898,1776639599999
1776639600000,74047.34,74054.22,73790.0,73801.79,415.64133,1776643199999
1776643200000,73801.8,74360.43,73724.31,74280.01,787.93368,1776646799999
1776646800000,74280.01,74746.93,74214.67,74595.13,689.61016,1776650399999
1776650400000,74595.12,74627.99,74304.84,74410.01,739.68976,1776653999999
1776654000000,74410.01,74640.65,74359.04,74634.0,281.2031,1776657599999
1776657600000,74634.01,74637.43,74435.19,74567.64,333.76794,1776661199999
1776661200000,74567.63,74567.63,74095.18,74264.15,529.73957,1776664799999
1776664800000,74264.16,74894.11,74250.0,74786.59,441.3007,1776668399999
1776668400000,74786.59,75572.0,74670.86,74837.17,1175.74482,1776671999999
1776672000000,74837.18,74998.83,74619.41,74728.91,538.52852,1776675599999
1776675600000,74728.92,75233.0,74706.87,75062.77,502.56404,1776679199999
1776679200000,75062.77,75404.63,75003.63,75027.26,321.321,1776682799999
1776682800000,75027.26,75287.88,74957.51,75192.71,284.12016,1776686399999
1776686400000,75192.72,75650.0,75043.86,75289.9,698.85484,1776689999999
1776690000000,75289.91,75434.41,74859.11,75269.38,774.09093,1776693599999
1776693600000,75269.37,75766.74,74921.42,75034.79,1047.20928,1776697199999
1776697200000,75034.79,75772.72,74702.0,75716.77,1196.9526,1776700799999
1776700800000,75716.78,75723.99,75299.26,75338.74,630.71705,1776704399999
1776704400000,75338.75,75991.47,75289.92,75898.14,642.61045,1776707999999
1776708000000,75898.14,76453.19,75898.14,76423.69,1544.76303,1776711599999
1776711600000,76423.69,76486.67,76154.49,76296.96,1368.12243,1776715199999
1776715200000,76296.97,76558.62,76113.07,76276.17,1418.8575,1776718799999
1776718800000,76276.18,76357.2,75784.05,75954.71,523.28232,1776722399999
1776722400000,75954.72,76143.71,75904.39,75974.24,220.6417,1776725999999
1776726000000,75974.24,75974.24,75617.6,75840.97,301.78476,1776729599999
1776729600000,75840.97,76099.19,75700.0,76092.45,428.95831,1776733199999
1776733200000,76092.46,76263.4,75866.01,75927.59,391.13593,1776736799999
1776736800000,75927.58,75932.7,75580.0,75581.33,536.09341,1776740399999
1776740400000,75581.33,75721.12,75474.77,75710.3,256.2515,1776743999999
1776744000000,75710.31,75823.49,75600.0,75813.81,259.64273,1776747599999
1776747600000,75813.8,75981.1,75782.75,75802.0,321.53858,1776751199999
1776751200000,75802.0,76129.95,75703.85,75974.11,408.87339,1776754799999
1776754800000,75974.12,76300.0,75814.26,76084.34,1236.72448,1776758399999
1776758400000,76084.34,76927.57,76063.98,76507.21,915.23783,1776761999999
1776762000000,76507.21,76587.82,76155.0,76362.77,582.67237,1776765599999
1776765600000,76362.78,76866.55,76349.59,76746.41,536.34243,1776769199999
1776769200000,76746.41,76750.68,76342.0,76452.94,624.94284,1776772799999
1776772800000,76452.94,76528.11,75709.03,76009.46,1039.78515,1776776399999
1776776400000,76009.46,76179.75,75736.33,75899.98,686.08493,1776779999999
1776780000000,75899.98,76595.3,75625.28,75675.05,949.21411,1776783599999
1776783600000,75675.04,75979.78,75430.62,75834.65,923.86151,1776787199999
1776787200000,75834.66,76190.72,75760.0,75781.18,496.33064,1776790799999
1776790800000,75781.19,75912.98,75052.64,75545.62,995.0846,1776794399999
1776794400000,75545.62,75668.24,75310.88,75610.21,456.47055,1776797999999
1776798000000,75610.21,75919.5,74821.57,75023.43,954.2676,1776801599999
1776801600000,75023.43,75859.56,74967.58,75698.51,797.25703,1776805199999
1776805200000,75698.51,75777.38,75431.62,75549.99,249.37655,1776808799999
1776808800000,75549.99,75650.04,75302.01,75650.04,389.29388,1776812399999
1776812400000,75650.03,76425.37,75622.0,76336.15,477.13097,1776815999999
1776816000000,76336.14,76500.0,76220.4,76370.45,496.92701,1776819599999
1776819600000,76370.46,76416.24,76132.95,76297.99,351.48706,1776823199999
1776823200000,76297.99,77645.35,76223.9,77604.71,1622.85639,1776826799999
1776826800000,77604.7,77733.11,77397.88,77521.48,956.6528,1776830399999
1776830400000,77521.47,77700.0,77364.25,77523.0,547.1578,1776833999999
1776834000000,77523.01,78452.18,77450.0,77994.93,2386.48879,1776837599999
1776837600000,77994.92,78042.84,77900.0,78010.72,576.88586,1776841199999
1776841200000,78010.73,78111.0,77825.0,78012.79,880.5264,1776844799999
1776844800000,78012.78,78219.41,77941.59,78010.92,987.44812,1776848399999
1776848400000,78010.92,78184.7,77956.76,78001.95,415.39605,1776851999999
1776852000000,78001.96,78180.0,77951.17,78157.41,352.72131,1776855599999
1776855600000,78157.41,78399.0,78102.0,78300.0,560.88264,1776859199999
1776859200000,78300.0,78508.18,78114.04,78236.05,952.94008,1776862799999
1776862800000,78236.05,78850.0,78162.64,78840.94,1253.18724,1776866399999
1776866400000,78840.94,79174.68,78577.86,79045.75,1847.69509,1776869999999
1776870000000,79045.75,79400.0,78837.66,79272.9,1412.004,1776873599999
1776873600000,79272.91,79472.82,78632.37,78743.59,1010.97362,1776877199999
1776877200000,78743.6,79034.73,78705.71,78900.0,502.31388,1776880799999
1776880800000,78900.01,79163.66,78828.76,79022.39,322.94022,1776884399999
1776884400000,79022.4,79067.6,78706.81,78846.62,557.30668,1776887999999
1776888000000,78846.62,78915.84,78410.0,78436.68,436.66543,1776891599999
1776891600000,78436.69,78821.86,78425.0,78762.69,299.34545,1776895199999
1776895200000,78762.68,78824.0,78456.15,78607.95,294.6414,1776898799999
1776898800000,78607.95,78607.95,78155.83,78178.23,712.06893,1776902399999
1776902400000,78178.22,78574.44,77582.17,78424.29,1778.58027,1776905999999
1776906000000,78424.3,78472.95,78057.5,78359.23,586.8685,1776909599999
1776909600000,78359.71,78359.72,77761.2,77939.92,508.32327,1776913199999
1776913200000,77939.91,78025.99,77453.43,77746.46,609.2036,1776916799999
1776916800000,77746.47,77949.09,77675.8,77920.09,305.0499,1776920399999
1776920400000,77920.09,78110.01,77750.0,78033.87,680.89298,1776923999999
1776924000000,78034.0,78339.35,78034.0,78211.43,433.12959,1776927599999
1776927600000,78211.43,78248.39,77981.88,78048.62,292.35484,1776931199999
1776931200000,78048.61,78175.52,77714.86,77858.35,1135.26875,1776934799999
1776934800000,77858.34,77860.8,77440.85,77655.34,772.05261,1776938399999
1776938400000,77655.35,77709.16,77174.01,77403.63,1129.48909,1776941999999
1776942000000,77403.63,77757.31,77365.57,77704.62,525.42671,1776945599999
1776945600000,77704.61,77870.54,77491.18,77870.53,636.21566,1776949199999
1776949200000,77870.54,77904.37,77379.92,77532.23,592.70115,1776952799999
1776952800000,77532.23,78201.53,77414.0,78180.77,926.52082,1776956399999
1776956400000,78180.78,78662.5,77983.25,78376.76,1008.45262,1776959999999
1776960000000,78376.77,78509.82,78030.0,78103.72,661.93618,1776963599999
1776963600000,78103.72,78184.85,76960.0,77769.21,1724.53866,1776967199999
1776967200000,77769.2,78146.75,77678.65,77678.65,731.06838,1776970799999
1776970800000,77678.65,77886.88,77592.92,77727.26,830.20485,1776974399999
1776974400000,77727.25,78050.0,77637.5,77886.97,391.74493,1776977999999
1776978000000,77886.97,78070.0,77800.0,77864.83,211.37751,1776981599999
1776981600000,77864.84,78331.0,77864.83,78235.3,271.3302,1776985199999
1776985200000,78235.29,78298.01,78030.0,78257.48,228.06394,1776988799999
1776988800000,78257.48,78490.83,78172.01,78417.22,451.37457,1776992399999
1776992400000,78417.22,78450.0,77952.16,78429.73,533.84795,1776995999999
1776996000000,78429.73,78581.93,78067.17,78125.65,425.56297,1776999599999
1776999600000,78125.65,78178.4,77555.0,77737.85,639.95986,1777003199999
1777003200000,77737.84,77854.57,77482.49,77670.0,605.14416,1777006799999
1777006800000,77670.01,78057.65,77457.0,77953.48,423.6718,1777010399999
1777010400000,77953.48,77979.54,77761.2,77789.75,280.75336,1777013999999
1777014000000,77789.75,77855.67,77543.52,77644.6,696.90666,1777017599999
1777017600000,77644.59,78000.0,77550.73,77785.71,731.67499,1777021199999
1777021200000,77785.7,77804.23,77402.01,77527.69,621.09775,1777024799999
1777024800000,77527.7,77784.0,77444.95,77752.36,379.99202,1777028399999
1777028400000,77752.37,78372.58,77752.37,78240.26,1186.36064,1777031999999
1777032000000,78240.27,78345.15,78016.51,78275.66,579.40035,1777035599999
1777035600000,78275.65,78479.37,77913.27,78093.79,852.96848,1777039199999
1777039200000,78093.8,78093.8,77681.74,78037.64,755.72516,1777042799999
1777042800000,78037.65,78233.18,77577.22,78038.62,662.02033,1777046399999
1777046400000,78038.63,78060.29,77586.86,77777.28,525.06319,1777049999999
1777050000000,77776.76,77829.17,77489.6,77681.71,537.36482,1777053599999
1777053600000,77681.72,77717.08,77363.63,77618.24,321.31558,1777057199999
1777057200000,77618.25,77748.66,77532.46,77628.85,250.57895,1777060799999
1777060800000,77628.84,77757.14,77458.0,77718.31,376.29595,1777064399999
1777064400000,77718.31,77756.15,77536.48,77536.48,322.69633,1777067999999
1777068000000,77536.49,77616.78,77264.08,77328.91,278.27896,1777071599999
1777071600000,77328.92,77456.87,77328.92,77437.13,237.08832,1777075199999
1777075200000,77437.13,77502.99,77309.92,77456.88,429.63681,1777078799999
1777078800000,77456.88,77620.52,77440.8,77541.63,200.07888,1777082399999
1777082400000,77541.63,77644.04,77504.43,77607.8,171.0703,1777085999999
1777086000000,77607.8,77711.87,77550.27,77679.07,142.22205,1777089599999
1777089600000,77679.08,77691.23,77596.37,77619.05,275.21191,1777093199999
1777093200000,77619.05,77619.05,77485.51,77510.28,174.55862,1777096799999
1777096800000,77510.27,77582.28,77489.35,77503.63,269.54814,1777100399999
1777100400000,77503.63,77566.26,77450.0,77501.19,174.69907,1777103999999
1777104000000,77501.19,77654.41,77491.36,77643.37,116.50084,1777107599999
1777107600000,77643.38,77779.65,77587.1,77714.55,144.65626,1777111199999
1777111200000,77714.56,77885.35,77714.55,77787.77,306.44644,1777114799999
1777114800000,77787.76,77787.77,77607.03,77682.3,185.59351,1777118399999
1777118400000,77682.29,77717.95,77550.61,77557.14,161.82067,1777121999999
1777122000000,77557.14,77710.91,77557.14,77691.69,161.65796,1777125599999
1777125600000,77691.7,77752.54,77638.0,77656.75,202.75966,1777129199999
1777129200000,77656.74,77722.7,77299.89,77330.26,480.35839,1777132799999
1777132800000,77330.25,77454.31,77140.23,77397.27,471.60364,1777136399999
1777136400000,77397.27,77407.03,77210.96,77245.77,151.09691,1777139999999
1777140000000,77245.78,77389.01,77216.29,77313.0,331.13304,1777143599999
1777143600000,77313.0,77343.81,77193.79,77330.01,293.84127,1777147199999
1777147200000,77330.0,77481.7,77311.05,77479.13,85.63447,1777150799999
1777150800000,77479.14,77530.0,77415.2,77525.84,150.55151,1777154399999
1777154400000,77525.83,77634.77,77498.81,77557.01,242.12513,1777157999999
1777158000000,77557.01,77650.0,77530.0,77625.0,362.30872,1777161599999
1777161600000,77625.0,77642.43,77445.94,77502.4,307.91239,1777165199999
1777165200000,77502.39,77572.81,77451.16,77461.16,130.56583,1777168799999
1777168800000,77461.16,77590.97,77452.07,77512.67,85.92459,1777172399999
1777172400000,77512.67,77541.96,77326.51,77400.21,146.77411,1777175999999
1777176000000,77400.21,77814.43,77383.46,77774.29,227.07196,1777179599999
1777179600000,77774.29,78200.0,77719.77,77983.31,797.06637,1777183199999
1777183200000,77983.31,78045.0,77899.45,77999.04,206.01822,1777186799999
1777186800000,77999.04,78121.45,77968.36,78102.53,175.6113,1777190399999
1777190400000,78102.53,78210.0,78019.65,78032.59,265.96473,1777193999999
1777194000000,78032.59,78058.45,77926.59,77999.99,168.80014,1777197599999
1777197600000,78000.0,78050.19,77954.0,78002.43,153.3474,1777201199999
1777201200000,78002.43,78149.99,78002.42,78101.44,133.58626,1777204799999
1777204800000,78101.43,78101.5,77770.0,77833.08,296.93614,1777208399999
1777208400000,77833.08,77996.69,77797.13,77977.79,254.46962,1777211999999
1777212000000,77977.79,78173.15,77871.85,78095.66,401.66239,1777215599999
1777215600000,78095.65,78121.92,77988.89,78049.0,177.4742,1777219199999
1777219200000,78049.0,78086.47,77919.42,77919.43,198.96678,1777222799999
1777222800000,77919.43,78050.0,77850.0,78018.57,373.25532,1777226399999
1777226400000,78018.57,78346.89,77988.11,78283.96,421.27794,1777229999999
1777230000000,78283.97,78500.0,78013.76,78221.16,511.56,1777233599999
1777233600000,78221.17,78377.77,78158.04,78194.22,172.13709,1777237199999
1777237200000,78194.21,78961.0,77843.75,78417.41,977.34524,1777240799999
1777240800000,78417.41,78850.3,77953.26,78313.52,710.63176,1777244399999
1777244400000,78313.52,78901.63,78041.05,78657.55,669.20184,1777247999999
1777248000000,78657.55,79392.4,78400.03,79308.6,1271.22649,1777251599999
1777251600000,79309.0,79485.66,78730.71,79283.66,993.09217,1777255199999
1777255200000,79283.65,79304.0,79030.91,79130.01,381.22923,1777258799999
1777258800000,79130.01,79316.5,79077.81,79105.49,397.44839,1777262399999
1777262400000,79105.5,79160.0,78872.42,78924.22,417.67922,1777265999999
1777266000000,78924.21,78938.0,77562.63,77785.54,1805.78745,1777269599999
1777269600000,77785.55,77871.9,77465.05,77700.12,641.73182,1777273199999
1777273200000,77700.12,77734.79,77562.08,77606.6,743.19766,1777276799999
1777276800000,77606.59,77816.18,77553.23,77804.34,465.54163,1777280399999
1777280400000,77804.34,77980.0,77700.0,77900.01,578.50773,1777283999999
1777284000000,77900.01,77935.66,77792.46,77850.01,311.10764,1777287599999
1777287600000,77850.01,77885.46,77740.39,77844.26,252.77882,1777291199999
1777291200000,77844.25,77867.33,77620.0,77667.36,415.46743,1777294799999
1777294800000,77667.36,77966.8,77571.79,77746.74,762.7167,1777298399999
1777298400000,77746.74,78265.34,77680.0,77815.25,744.42829,1777301999999
1777302000000,77815.26,77827.17,76564.33,76793.09,1882.17067,1777305599999
1777305600000,76793.1,76868.01,76546.0,76618.59,809.46498,1777309199999
1777309200000,76618.59,76990.43,76618.59,76743.24,874.80558,1777312799999
1777312800000,76743.23,76890.99,76668.52,76834.06,361.97331,1777316399999
1777316400000,76834.05,76894.7,76459.64,76878.07,598.68003,1777319999999
1777320000000,76878.23,77067.8,76844.16,76960.43,310.80766,1777323599999
1777323600000,76960.43,76981.53,76786.8,76786.81,223.94467,1777327199999
1777327200000,76786.81,77082.78,76763.71,77066.42,364.86359,1777330799999
1777330800000,77066.42,77450.0,77018.56,77371.32,438.27302,1777334399999
1777334400000,77371.32,77478.0,77210.92,77379.62,327.26244,1777337999999
1777338000000,77379.62,77394.1,77038.1,77084.68,404.77602,1777341599999
1777341600000,77084.69,77227.03,76672.56,76890.93,437.7548,1777345199999
1777345200000,76890.92,76890.92,76672.0,76815.18,278.47081,1777348799999
1777348800000,76815.18,76950.0,76701.35,76888.08,274.86374,1777352399999
1777352400000,76888.08,77154.0,76811.01,76885.98,510.80129,1777355999999
1777356000000,76885.97,77027.91,76588.0,76720.0,465.05641,1777359599999
1777359600000,76720.01,76922.22,76424.9,76879.28,1631.99051,1777363199999
1777363200000,76879.28,77013.63,76741.12,76858.59,1043.07562,1777366799999
1777366800000,76858.59,76863.54,76495.91,76598.0,361.69239,1777370399999
1777370400000,76597.99,76692.19,76484.7,76618.35,418.24563,1777373999999
1777374000000,76618.35,76649.86,76130.1,76229.0,1019.71842,1777377599999
1777377600000,76228.99,76421.94,76168.84,76372.05,652.01316,1777381199999
1777381200000,76372.04,76411.72,75924.98,76189.84,1288.525,1777384799999
1777384800000,76189.85,76199.99,75666.6,75949.99,1264.2758,1777388399999
1777388400000,75950.0,76085.42,75836.88,76066.38,571.95819,1777391999999
1777392000000,76066.37,76218.06,75881.28,76125.04,447.54534,1777395599999
1777395600000,76125.04,76262.63,75959.05,76187.3,337.12149,1777399199999
1777399200000,76187.3,76280.91,76137.86,76242.18,337.48355,1777402799999
1777402800000,76242.17,76380.83,76066.35,76330.97,259.65416,1777406399999
1777406400000,76330.97,76480.0,76323.71,76463.95,259.71578,1777409999999
1777410000000,76463.95,76481.3,76267.61,76357.15,281.17357,1777413599999
1777413600000,76357.15,76446.26,76218.0,76242.17,157.60986,1777417199999
1777417200000,76242.17,76370.0,76197.02,76342.77,179.93985,1777420799999
1777420800000,76342.78,76557.97,76276.0,76512.0,636.88517,1777424399999
1777424400000,76511.99,76668.02,76187.75,76571.0,371.48818,1777427999999
1777428000000,76571.0,76666.82,76402.72,76531.29,315.29662,1777431599999
1777431600000,76531.29,77127.62,76519.94,76994.78,568.25927,1777435199999
1777435200000,76994.77,77455.71,76880.0,77269.76,655.24397,1777438799999
1777438800000,77269.76,77329.31,77198.07,77288.38,412.95649,1777442399999
1777442400000,77288.39,77337.57,76907.07,77031.06,974.38933,1777445999999
1777446000000,77031.07,77182.91,77031.06,77053.64,931.98531,1777449599999
1777449600000,77053.65,77148.79,76972.32,77046.32,539.09721,1777453199999
1777453200000,77046.31,77800.0,76972.32,77642.0,835.54071,1777456799999
1777456800000,77642.0,77904.93,77559.19,77619.61,790.81622,1777460399999
1777460400000,77619.62,77694.61,77485.81,77590.03,531.7514,1777463999999
1777464000000,77590.04,77596.39,76850.0,77143.68,1776.35149,1777467599999
1777467600000,77143.68,77240.0,76425.62,76783.43,1000.6949,1777471199999
1777471200000,76783.42,76927.69,76489.99,76570.0,1353.72071,1777474799999
1777474800000,76570.0,76634.61,75705.32,75924.25,1132.75734,1777478399999
1777478400000,75924.24,76125.47,75696.13,75803.54,1021.10079,1777481999999
1777482000000,75803.55,76184.01,75803.55,76184.01,549.93434,1777485599999
1777485600000,76184.0,76274.8,74937.52,75513.91,1926.88309,1777489199999
1777489200000,75513.92,75591.83,75302.31,75563.86,464.5754,1777492799999
1777492800000,75563.87,75857.32,75497.43,75676.79,575.31173,1777496399999
1777496400000,75676.79,76088.9,75607.7,75933.93,363.06477,1777499999999
1777500000000,75933.94,76004.14,75818.14,75927.38,272.33397,1777503599999
1777503600000,75927.38,75990.06,75692.33,75780.0,279.49181,1777507199999
1777507200000,75780.0,76344.61,75656.03,76248.74,562.71461,1777510799999
1777510800000,76248.76,76473.26,76178.73,76232.8,331.53653,1777514399999
1777514400000,76232.81,76351.04,75494.7,75704.74,537.06765,1777517999999
1777518000000,75704.74,75994.26,75659.85,75928.1,182.12647,1777521599999
1777521600000,75928.09,75963.92,75414.57,75497.0,426.96926,1777525199999
1777525200000,75497.01,75750.0,75323.65,75600.09,491.70915,1777528799999
1777528800000,75600.09,75867.9,75569.99,75753.53,372.15072,1777532399999
1777532400000,75753.54,76179.91,75718.5,76161.67,516.75183,1777535999999
1777536000000,76161.67,76208.92,76019.57,76058.17,350.94571,1777539599999
1777539600000,76058.17,76339.38,76012.6,76097.19,445.01057,1777543199999
1777543200000,76097.19,76163.52,75974.93,76028.66,365.18719,1777546799999
1777546800000,76028.66,76244.36,75876.29,76059.43,550.88667,1777550399999
1777550400000,76059.42,76511.22,76042.75,76308.48,1520.57994,1777553999999
1777554000000,76308.48,76669.14,76116.2,76420.44,927.16622,1777557599999
1777557600000,76420.45,76597.51,76093.81,76301.24,683.75312,1777561199999
1777561200000,76301.25,76653.6,76163.16,76473.6,374.70038,1777564799999
1777564800000,76473.6,76484.6,76228.27,76261.03,165.45041,1777568399999
1777568400000,76261.04,76328.71,76111.0,76250.01,273.82279,1777571999999
1777572000000,76250.0,76468.84,76204.4,76350.0,184.15567,1777575599999
1777575600000,76350.0,76514.8,76308.33,76412.8,307.53776,1777579199999
1777579200000,76412.8,76568.9,76318.31,76492.46,287.06721,1777582799999
1777582800000,76492.45,76535.42,76240.78,76241.78,183.08169,1777586399999
1777586400000,76241.77,76449.16,76206.02,76237.06,158.56535,1777589999999
1777590000000,76237.07,76380.2,76217.96,76346.57,182.87917,1777593599999
1777593600000,76346.58,76591.0,76320.42,76458.05,502.88844,1777597199999
1777597200000,76458.06,76776.21,76449.5,76686.13,486.84554,1777600799999
1777600800000,76686.12,76744.6,76533.74,76592.54,204.45438,1777604399999
1777604400000,76592.54,77453.74,76555.06,77131.08,1056.19913,1777607999999
1777608000000,77131.08,77206.38,76653.6,77042.44,995.75921,1777611599999
1777611600000,77042.44,77184.96,77033.91,77165.98,283.75111,1777615199999
1777615200000,77165.99,77179.53,76882.0,76993.48,439.15205,1777618799999
1777618800000,76993.49,77140.36,76957.04,77130.54,633.7325,1777622399999
1777622400000,77130.54,77500.0,77048.0,77377.47,697.73561,1777625999999
1777626000000,77377.48,77391.99,77200.15,77268.55,355.16559,1777629599999
1777629600000,77268.56,77433.72,77146.48,77304.34,330.99244,1777633199999
1777633200000,77303.8,77600.0,77263.66,77463.98,584.3796,1777636799999
1777636800000,77463.98,78170.2,77408.73,77896.01,1392.97654,1777640399999
1777640400000,77896.01,78914.12,77896.0,78737.25,2354.33999,1777643999999
1777644000000,78737.26,78871.8,78051.86,78358.75,1970.70152,1777647599999
1777647600000,78358.74,78735.92,78176.06,78445.89,1013.17746,1777651199999
1777651200000,78445.88,78683.23,78167.53,78214.36,704.68666,1777654799999
1777654800000,78214.36,78584.61,78131.02,78552.94,489.31938,1777658399999
1777658400000,78552.93,78623.37,78375.53,78423.9,487.76487,1777661999999
1777662000000,78423.91,78540.0,78313.16,78360.0,512.65483,1777665599999
1777665600000,78360.01,78422.81,77752.0,77880.18,827.52759,1777669199999
1777669200000,77880.18,78200.0,77857.97,78199.99,485.72824,1777672799999
1777672800000,78200.0,78411.13,78144.7,78153.38,331.97786,1777676399999
1777676400000,78153.37,78249.6,78043.28,78231.13,173.55448,1777679999999
1777680000000,78231.13,78393.39,78166.48,78341.75,211.29374,1777683599999
1777683600000,78341.75,78441.31,78294.19,78355.0,400.98852,1777687199999
1777687200000,78355.0,78513.7,78260.95,78353.93,283.69022,1777690799999
1777690800000,78353.93,78514.82,78237.25,78400.0,300.16391,1777694399999
1777694400000,78399.99,78448.99,78123.53,78175.5,411.85061,1777697999999
1777698000000,78175.5,78235.25,78040.0,78174.0,526.60294,1777701599999
1777701600000,78174.0,78363.21,78148.24,78327.8,366.5645,1777705199999
1777705200000,78327.8,78342.18,78207.2,78220.0,170.02066,1777708799999
1777708800000,78220.0,78356.51,78165.3,78315.37,204.83037,1777712399999
1777712400000,78315.36,78394.0,78220.0,78293.57,257.64077,1777715999999
1777716000000,78293.57,78311.97,78225.22,78249.3,136.41815,1777719599999
1777719600000,78249.31,78249.31,78094.43,78143.08,269.24301,1777723199999
1777723200000,78143.09,78262.37,78108.41,78211.24,182.77682,1777726799999
1777726800000,78211.24,78423.85,78211.24,78367.06,227.00487,1777730399999
1777730400000,78367.06,78484.42,78309.84,78423.98,190.15931,1777733999999
1777734000000,78423.98,78487.68,78365.96,78487.67,126.14054,1777737599999
1777737600000,78487.67,78596.61,78430.07,78455.02,194.42514,1777741199999
1777741200000,78455.02,78485.53,78368.24,78398.02,213.39843,1777744799999
1777744800000,78398.03,78493.31,78310.54,78466.62,118.15969,1777748399999
1777748400000,78466.63,78521.68,78440.11,78486.0,182.05466,1777751999999
1777752000000,78486.23,78491.26,78418.32,78451.38,61.92886,1777755599999
1777755600000,78451.37,79199.48,78439.51,78719.78,734.53837,1777759199999
1777759200000,78719.78,78872.39,78610.46,78832.98,266.49012,1777762799999
1777762800000,78832.98,78832.98,78631.9,78686.85,114.49221,1777766399999
1777766400000,78686.84,78754.55,78490.61,78542.32,233.96416,1777769999999
1777770000000,78542.33,78542.33,78152.25,78240.83,391.01401,1777773599999
1777773600000,78240.84,78309.09,78108.75,78171.85,222.42918,1777777199999
1777777200000,78171.86,78217.59,78109.94,78203.08,200.3559,1777780799999
1777780800000,78203.07,78236.45,78120.0,78163.19,89.71363,1777784399999
1777784400000,78163.19,78260.75,78163.17,78249.42,98.09285,1777787999999
1777788000000,78249.41,78337.26,78084.08,78288.3,306.94233,1777791599999
1777791600000,78288.3,78483.67,78288.29,78363.25,299.42086,1777795199999
1777795200000,78363.24,78505.92,78363.24,78387.86,102.01693,1777798799999
1777798800000,78387.87,78604.67,78354.53,78529.57,293.1321,1777802399999
1777802400000,78529.57,78534.4,78406.97,78408.01,140.79481,1777805999999
1777806000000,78408.01,78849.22,78380.0,78656.01,412.8313,1777809599999
1777809600000,78656.01,78878.77,78656.0,78747.09,294.28187,1777813199999
1777813200000,78747.09,78769.63,78586.99,78670.01,196.40341,1777816799999
1777816800000,78670.01,78786.57,78608.7,78741.0,409.96615,1777820399999
1777820400000,78741.0,78815.19,78633.4,78668.36,237.20487,1777823999999
1777824000000,78668.36,78784.56,78600.0,78654.0,167.53902,1777827599999
1777827600000,78654.01,78822.83,78558.65,78725.76,357.9255,1777831199999
1777831200000,78725.76,78763.57,78631.61,78739.67,138.18974,1777834799999
1777834800000,78739.68,78853.32,78676.67,78760.32,252.60944,1777838399999
1777838400000,78760.32,79268.0,78732.04,78915.99,645.7979,1777841999999
1777842000000,78915.99,79056.59,78650.0,78831.59,357.48617,1777845599999
1777845600000,78831.6,79447.0,78831.6,79177.29,934.95879,1777849199999
1777849200000,79177.29,79287.82,78484.42,78568.57,642.72198,1777852799999
1777852800000,78568.58,78572.57,78288.88,78547.14,434.86007,1777856399999
1777856400000,78547.15,79848.84,78412.49,79769.43,1366.42153,1777859999999
1777860000000,79769.43,80420.9,79540.05,80173.3,2278.14954,1777863599999
1777863600000,80173.3,80458.0,79926.9,80316.31,1012.18218,1777867199999
1777867200000,80316.3,80635.51,80233.04,80332.06,1362.02834,1777870799999
1777870800000,80332.06,80395.96,79956.25,80027.26,746.81318,1777874399999
1777874400000,80027.26,80048.64,79500.0,79877.9,1103.73906,1777877999999
1777878000000,79877.91,79946.33,79672.0,79696.75,419.83178,1777881599999
1777881600000,79696.75,79800.0,79602.32,79708.3,435.36516,1777885199999
1777885200000,79708.3,79930.0,79647.87,79838.48,473.40316,1777888799999
1777888800000,79838.49,79880.0,78202.0,78940.26,4380.72428,1777892399999
1777892400000,78940.27,79124.83,78708.87,78793.67,699.54546,1777895999999
1777896000000,78793.67,79020.0,78718.55,78857.18,426.01688,1777899599999
1777899600000,78857.18,79124.83,78581.74,78790.0,725.07004,1777903199999
1777903200000,78790.01,80545.17,78500.0,80216.16,2308.42012,1777906799999
1777906800000,80216.15,80367.93,79320.28,80028.85,2458.63305,1777910399999
1777910400000,80028.85,80395.68,79619.33,80025.03,1492.78417,1777913999999
1777914000000,80025.03,80776.99,80021.5,80390.81,1080.11249,1777917599999
1777917600000,80390.8,80439.18,80035.32,80114.91,663.99913,1777921199999
1777921200000,80114.91,80138.0,79900.0,80053.31,505.59924,1777924799999
1777924800000,80053.31,80154.12,79901.0,79936.7,459.51864,1777928399999
1777928400000,79936.7,80383.15,79936.7,80259.17,343.30642,1777931999999
1777932000000,80259.18,80397.19,80042.84,80067.23,272.35375,1777935599999
1777935600000,80067.22,80067.22,79744.91,79861.01,594.08368,1777939199999
1777939200000,79861.01,80183.33,79808.72,80170.66,425.73287,1777942799999
1777942800000,80170.66,80385.06,80080.76,80352.0,530.02962,1777946399999
1777946400000,80351.99,80900.0,80300.0,80554.68,768.44478,1777949999999
1777950000000,80554.69,81083.98,80457.93,80893.08,677.93372,1777953599999
1777953600000,80893.08,80982.59,80725.0,80902.44,528.94138,1777957199999
1777957200000,80902.44,81323.52,80830.06,80970.0,1011.38606,1777960799999
1777960800000,80969.99,81016.42,80800.0,80976.0,389.83367,1777964399999
1777964400000,80976.0,81136.59,80826.0,80855.59,1044.4323,1777967999999
1777968000000,80855.59,80895.5,80723.2,80815.24,474.4579,1777971599999
1777971600000,80815.24,80815.24,80527.76,80586.02,865.34761,1777975199999
1777975200000,80586.02,80831.87,80530.82,80823.61,521.10422,1777978799999
1777978800000,80823.61,81095.48,80780.0,81014.05,623.66253,1777982399999
1777982400000,81014.05,81329.61,80932.54,81279.41,607.82057,1777985999999
1777986000000,81279.4,81712.32,81196.0,81330.0,1771.4169,1777989599999
1777989600000,81330.0,81500.0,80939.87,81336.59,1282.91373,1777993199999
1777993200000,81336.59,81689.2,81235.0,81525.19,899.04049,1777996799999
1777996800000,81525.19,81615.33,81050.04,81285.75,707.45267,1778000399999
1778000400000,81285.75,81458.26,81185.02,81270.6,280.80669,1778003999999
1778004000000,81270.61,81599.0,81270.61,81515.0,427.56223,1778007599999
1778007600000,81515.0,81680.0,81407.58,81606.35,364.63717,1778011199999
1778011200000,81606.35,81770.0,81510.13,81646.38,724.67261,1778014799999
1778014800000,81646.39,81791.48,81305.27,81407.11,618.58873,1778018399999
1778018400000,81407.11,81600.0,80817.72,81111.27,921.88572,1778021999999
1778022000000,81111.27,81222.03,80790.0,80905.52,479.07578,1778025599999
1778025600000,80905.53,81262.28,80731.14,81030.01,876.19915,1778029199999
1778029200000,81030.0,81534.23,80996.0,81439.34,803.82574,1778032799999
1778032800000,81439.34,81449.04,81047.01,81363.54,621.19491,1778036399999
1778036400000,81363.54,81760.84,81358.17,81581.69,710.52364,1778039999999
1778040000000,81581.7,81649.99,81270.0,81331.1,575.6413,1778043599999
1778043600000,81331.1,81360.3,81060.0,81333.0,592.1865,1778047199999
1778047200000,81333.0,81516.9,81211.34,81476.71,524.1354,1778050799999
1778050800000,81476.71,81611.0,81307.81,81359.82,608.74333,1778054399999
1778054400000,81359.82,81986.0,81328.68,81945.66,1353.41416,1778057999999
1778058000000,81945.66,82060.0,81682.7,81997.0,1096.7335,1778061599999
1778061600000,81997.0,82390.0,81953.25,82290.04,1302.85091,1778065199999
1778065200000,82290.03,82850.0,82261.6,82522.89,1435.93329,1778068799999
1778068800000,82522.88,82539.33,82164.61,82220.47,820.9281,1778072399999
1778072400000,82220.47,82220.47,81600.0,81670.89,1247.90169,1778075999999
1778076000000,81670.9,81980.72,81136.0,81526.73,1615.07708,1778079599999
1778079600000,81526.74,81823.0,81316.28,81704.25,824.75333,1778083199999
1778083200000,81704.25,81907.51,81431.16,81630.94,983.55485,1778086799999
1778086800000,81630.94,81709.32,81394.0,81452.63,417.39237,1778090399999
1778090400000,81452.63,81559.17,81271.06,81353.14,451.84587,1778093999999
1778094000000,81353.15,81522.41,81200.0,81464.87,517.12437,1778097599999
1778097600000,81464.86,81700.0,81302.35,81427.52,436.46876,1778101199999
1778101200000,81427.52,81618.77,81294.64,81539.16,310.38464,1778104799999
1778104800000,81539.16,81540.91,81240.0,81342.39,229.58883,1778108399999
1778108400000,81342.39,81447.3,81000.0,81447.01,442.37224,1778111999999
1778112000000,81447.01,81490.03,80980.0,81016.96,407.52958,1778115599999
1778115600000,81016.96,81284.67,80830.23,81167.8,565.39571,1778119199999
1778119200000,81167.79,81180.74,80883.54,81113.34,749.95215,1778122799999
1778122800000,81113.35,81113.35,80834.61,80834.91,345.29566,1778126399999
1778126400000,80834.92,80989.59,80725.09,80979.19,387.82747,1778129999999
1778130000000,80979.19,81172.27,80974.06,81088.0,355.34634,1778133599999
1778133600000,81088.0,81443.21,80874.41,81438.61,613.68575,1778137199999
1778137200000,81438.62,81708.32,81390.3,81518.58,681.98013,1778140799999
1778140800000,81518.57,81590.0,81194.74,81231.24,647.38206,1778144399999
1778144400000,81231.25,81231.25,80852.33,80929.0,659.04219,1778147999999
1778148000000,80929.0,80997.0,80572.4,80850.75,690.56353,1778151599999
1778151600000,80850.76,81041.15,80786.5,80866.65,367.10915,1778155199999
1778155200000,80866.65,81180.0,80846.87,81162.01,429.19223,1778158799999
1778158800000,81162.0,81162.01,80260.98,80503.68,1211.56578,1778162399999
1778162400000,80503.69,80685.7,80046.0,80171.38,1538.09475,1778165999999
1778166000000,80171.37,80271.42,79699.52,79890.63,1647.8103,1778169599999
1778169600000,79890.0,80020.0,79646.79,79801.08,1424.92395,1778173199999
1778173200000,79801.08,80135.17,79500.0,80094.52,919.74045,1778176799999
1778176800000,80094.52,80269.06,80004.4,80200.59,527.27769,1778180399999
1778180400000,80200.6,80224.0,79934.3,80146.11,443.20216,1778183999999
1778184000000,80146.77,80371.23,79859.51,79879.99,400.51449,1778187599999
1778187600000,79880.0,79934.92,79660.0,79735.01,401.75461,1778191199999
1778191200000,79735.0,79990.0,79582.95,79919.01,495.14556,1778194799999
1778194800000,79919.0,80068.03,79871.98,80006.0,244.47169,1778198399999
1778198400000,80006.0,80142.84,79729.72,79831.99,958.06006,1778201999999
1778202000000,79831.98,79900.11,79612.63,79740.01,539.33838,1778205599999
1778205600000,79740.01,79761.61,79316.99,79488.46,1066.54641,1778209199999
1778209200000,79488.47,79666.66,79181.48,79578.85,529.79179,1778212799999
1778212800000,79578.84,79748.0,79551.26,79655.23,317.73705,1778216399999
1778216400000,79655.22,79778.95,79600.0,79600.01,307.79364,1778219999999
1778220000000,79600.01,79654.0,79411.0,79525.76,792.09671,1778223599999
1778223600000,79525.77,79727.0,79248.58,79682.4,992.93778,1778227199999
1778227200000,79682.4,79987.27,79666.05,79886.01,628.59636,1778230799999
1778230800000,79886.0,80061.17,79794.88,79872.72,481.81051,1778234399999
1778234400000,79872.72,80278.92,79788.01,80212.56,650.80764,1778237999999
1778238000000,80212.55,80340.94,80127.54,80231.22,586.98252,1778241599999
1778241600000,80231.22,80500.0,79966.14,80025.82,831.54339,1778245199999
1778245200000,80025.81,80095.99,79549.54,79647.8,1091.58342,1778248799999
1778248800000,79647.81,80441.79,79647.8,80150.97,1005.3745,1778252399999
1778252400000,80150.97,80200.0,79625.0,80142.14,812.90032,1778255999999
1778256000000,80142.13,80182.18,79741.3,79802.34,665.763,1778259599999
1778259600000,79802.35,80261.87,79738.75,80060.0,1502.98426,1778263199999
1778263200000,80060.0,80299.99,80059.99,80078.4,470.37331,1778266799999
1778266800000,80078.39,80181.66,79954.54,80179.94,408.77976,1778270399999
1778270400000,80180.0,80299.93,80089.76,80133.09,330.63666,1778273999999
1778274000000,80133.08,80264.0,80116.32,80263.99,269.62208,1778277599999
1778277600000,80264.0,80409.09,80238.42,80262.0,318.15524,1778281199999
1778281200000,80262.0,80299.27,80111.02,80193.17,441.0953,1778284799999
1778284800000,80193.18,80240.87,80129.85,80238.76,206.53644,1778288399999
1778288400000,80238.75,80446.58,80217.46,80327.75,266.81337,1778291999999
1778292000000,80327.75,80477.47,80327.75,80417.87,231.63268,1778295599999
1778295600000,80417.88,80550.67,80307.76,80383.95,388.12699,1778299199999
1778299200000,80383.96,80666.66,80373.55,80379.9,404.43634,1778302799999
1778302800000,80379.9,80480.49,80343.0,80379.49,360.73513,1778306399999
1778306400000,80379.5,80428.01,80201.6,80263.92,270.37474,1778309999999
1778310000000,80263.93,80309.05,80135.0,80228.89,445.94164,1778313599999
1778313600000,80228.88,80452.44,80220.0,80407.12,297.06841,1778317199999
1778317200000,80407.12,80415.83,80214.0,80242.53,211.41081,1778320799999
1778320800000,80242.54,80346.94,80166.26,80264.02,234.54075,1778324399999
1778324400000,80264.01,80366.07,80256.95,80345.46,266.71827,1778327999999
1778328000000,80345.47,80416.21,80274.03,80397.97,357.45715,1778331599999
1778331600000,80397.97,80422.0,80318.7,80391.18,341.73909,1778335199999
1778335200000,80391.18,80426.9,80254.71,80332.22,322.24573,1778338799999
1778338800000,80332.23,80600.0,80234.0,80527.92,418.47876,1778342399999
1778342400000,80527.92,80777.0,80487.4,80625.01,546.55445,1778345999999
1778346000000,80625.0,80928.56,80625.0,80812.7,430.13867,1778349599999
1778349600000,80812.69,81080.0,80787.39,80907.65,339.35386,1778353199999
1778353200000,80907.66,80958.0,80776.99,80938.53,217.80867,1778356799999
1778356800000,80938.53,80938.53,80744.98,80805.5,144.14004,1778360399999
1778360400000,80805.51,80896.0,80744.98,80780.83,149.85415,1778363999999
1778364000000,80780.83,80823.24,80670.01,80782.38,199.54802,1778367599999
1778367600000,80782.38,80850.0,80621.88,80678.4,496.76761,1778371199999
1778371200000,80678.41,80770.51,80610.64,80680.04,346.27712,1778374799999
1778374800000,80680.03,80690.73,80572.77,80685.56,410.62072,1778378399999
1778378400000,80685.55,80790.0,80611.0,80777.42,290.59888,1778381999999
1778382000000,80777.42,80887.15,80709.59,80775.0,284.77121,1778385599999
1778385600000,80774.99,80840.0,80722.78,80759.93,253.45188,1778389199999
1778389200000,80759.93,80816.52,80682.0,80700.77,372.73913,1778392799999
1778392800000,80700.76,80753.04,80658.97,80733.75,211.5502,1778396399999
1778396400000,80733.75,80827.14,80720.1,80736.03,400.67517,1778399999999
1778400000000,80736.03,80909.65,80715.33,80830.33,252.36808,1778403599999
1778403600000,80830.34,80913.8,80756.53,80807.96,237.31778,1778407199999
1778407200000,80807.95,80883.48,80691.0,80873.79,279.49023,1778410799999
1778410800000,80873.8,80975.4,80750.0,80821.21,339.53296,1778414399999
1778414400000,80821.21,80950.0,80784.2,80927.72,235.68491,1778417999999
1778418000000,80927.71,81000.01,80865.44,80971.67,254.25083,1778421599999
1778421600000,80971.66,80999.36,80816.22,80990.11,372.4586,1778425199999
1778425200000,80990.11,81442.81,80936.0,81418.01,780.28503,1778428799999
1778428800000,81418.01,81500.0,81200.0,81378.25,595.22707,1778432399999
1778432400000,81378.25,81583.11,81220.0,81476.18,599.74468,1778435999999
1778436000000,81476.18,81493.11,81231.14,81271.96,268.90805,1778439599999
1778439600000,81271.96,81481.92,81148.0,81437.83,334.34752,1778443199999
1778443200000,81437.83,81459.66,80279.77,80734.88,1021.73969,1778446799999
1778446800000,80734.88,80944.44,80571.97,80720.47,691.73163,1778450399999
1778450400000,80720.47,82171.96,80666.66,82044.49,1804.86462,1778453999999
1778454000000,82044.49,82479.32,82044.49,82210.07,1395.68283,1778457599999
1778457600000,82210.07,82380.0,81280.0,81471.13,1294.00066,1778461199999
1778461200000,81471.13,81744.85,81291.23,81501.72,495.92379,1778464799999
1778464800000,81501.73,81572.4,81117.64,81169.08,491.97068,1778468399999
1778468400000,81169.09,81188.97,80525.0,80736.01,857.95581,1778471999999
1778472000000,80736.0,80879.12,80639.99,80824.61,378.47076,1778475599999
1778475600000,80824.61,80981.8,80761.73,80832.33,423.68877,1778479199999
1778479200000,80832.34,81049.51,80762.0,80822.86,296.00491,1778482799999
1778482800000,80822.86,80840.3,80663.11,80740.4,496.93812,1778486399999
1778486400000,80740.4,80863.42,80621.87,80767.97,463.92135,1778489999999
1778490000000,80767.97,80997.63,80758.3,80966.57,330.83757,1778493599999
1778493600000,80966.58,81200.0,80940.0,80940.0,488.26383,1778497199999
1778497200000,80940.0,81196.95,80900.0,81196.94,356.37085,1778500799999
1778500800000,81196.95,81356.46,81029.77,81054.65,485.8963,1778504399999
1778504400000,81054.65,81332.29,80739.63,81072.0,767.39683,1778507999999
1778508000000,81072.01,81252.72,80462.97,80953.38,767.64104,1778511599999
1778511600000,80953.39,81458.0,80826.02,81445.9,647.30001,1778515199999
1778515200000,81445.89,81910.35,81344.72,81575.85,1113.46844,1778518799999
1778518800000,81575.84,82071.77,81369.42,81941.09,565.28919,1778522399999
1778522400000,81941.09,82137.26,81836.15,81858.96,536.09834,1778525999999
1778526000000,81858.97,82091.11,81739.09,81961.99,458.6097,1778529599999
1778529600000,81961.99,82078.91,81758.5,81821.02,322.40099,1778533199999
1778533200000,81821.03,81906.35,81600.0,81821.18,268.82965,1778536799999
1778536800000,81821.18,81969.99,81729.99,81833.92,366.43361,1778540399999
1778540400000,81833.92,81833.92,81596.31,81745.65,278.04936,1778543999999
1778544000000,81745.66,81788.0,81478.75,81545.2,419.66559,1778547599999
1778547600000,81545.2,81615.67,80714.28,81199.18,866.00547,1778551199999
1778551200000,81199.18,81332.29,81087.63,81249.93,386.77691,1778554799999
1778554800000,81249.93,81294.42,81024.41,81058.8,187.87319,1778558399999
1778558400000,81058.79,81303.99,81000.0,81240.01,398.28206,1778561999999
1778562000000,81240.01,81305.24,81181.56,81224.03,329.93857,1778565599999
1778565600000,81224.04,81300.0,81010.01,81022.44,448.36294,1778569199999
1778569200000,81022.44,81137.27,80800.77,80865.4,603.31882,1778572799999
1778572800000,80865.4,80964.13,80760.53,80843.31,478.61372,1778576399999
1778576400000,80843.3,80963.35,80720.0,80837.15,506.71585,1778579999999
1778580000000,80837.15,80848.27,80601.27,80666.37,487.71377,1778583599999
1778583600000,80666.38,80785.38,80496.57,80784.87,500.02112,1778587199999
1778587200000,80784.86,80999.0,80619.19,80881.26,585.87948,1778590799999
1778590800000,80881.25,80928.26,80397.07,80466.91,795.94705,1778594399999
1778594400000,80466.91,80888.01,80397.88,80540.0,865.59094,1778597999999
1778598000000,80540.0,80676.78,80188.65,80336.01,958.32005,1778601599999
1778601600000,80336.01,80435.99,79843.59,80000.01,1473.4545,1778605199999
1778605200000,80000.01,80593.06,79951.05,80527.69,486.64257,1778608799999
1778608800000,80527.69,80763.81,80430.0,80679.12,367.3581,1778612399999
1778612400000,80679.11,80874.42,80679.11,80834.64,346.22158,1778615999999
1778616000000,80835.3,80896.25,80642.85,80696.87,292.49967,1778619599999
1778619600000,80696.87,80738.0,80497.0,80587.44,202.53849,1778623199999
1778623200000,80587.45,80791.94,80587.45,80656.43,151.10909,1778626799999
1778626800000,80656.44,80714.0,80439.91,80504.47,247.40723,1778630399999
1778630400000,80504.47,80768.95,80412.15,80718.0,230.81443,1778633999999
1778634000000,80718.0,81195.69,80683.12,81006.0,633.76198,1778637599999
1778637600000,81005.99,81281.66,80934.69,81050.0,333.93602,1778641199999
1778641200000,81050.0,81299.99,80976.27,81249.99,377.40594,1778644799999
1778644800000,81249.99,81281.07,81124.87,81231.96,253.70329,1778648399999
1778648400000,81231.96,81247.22,80999.99,81019.99,266.87053,1778651999999
1778652000000,81020.0,81160.36,80972.94,80980.05,499.1653,1778655599999
1778655600000,80980.06,81049.01,80889.12,81026.92,476.02435,1778659199999
1778659200000,81026.92,81200.0,80943.63,81196.57,372.92514,1778662799999
1778662800000,81196.57,81324.64,81137.77,81291.38,435.50222,1778666399999
1778666400000,81291.37,81298.5,80809.01,80809.01,364.76288,1778669999999
1778670000000,80809.01,80843.87,80494.98,80501.22,668.09274,1778673599999
1778673600000,80501.22,80592.65,79852.0,80202.78,1194.36751,1778677199999
1778677200000,80202.78,80345.45,79576.47,79656.01,1205.27854,1778680799999
1778680800000,79656.01,79898.0,79481.56,79756.01,942.38578,1778684399999
1778684400000,79756.02,79856.08,78807.22,78827.21,1731.43058,1778687999999
1778688000000,78827.21,79222.22,78754.65,79108.39,1522.11383,1778691599999
1778691600000,79108.39,79556.36,79100.0,79514.97,611.40519,1778695199999
1778695200000,79514.97,79800.0,79514.97,79598.15,747.58594,1778698799999
1778698800000,79598.15,79646.29,79400.0,79642.41,463.49581,1778702399999
1778702400000,79642.41,79760.0,79622.7,79698.95,225.22286,1778705999999
1778706000000,79698.95,79705.73,79340.39,79398.54,418.00056,1778709599999
1778709600000,79398.54,79470.0,79228.0,79428.46,338.28664,1778713199999
1778713200000,79428.46,79499.01,79233.83,79313.61,497.51837,1778716799999
1778716800000,79313.61,79681.73,79308.0,79580.0,443.66772,1778720399999
1778720400000,79580.0,79681.73,79409.42,79604.6,369.48629,1778723999999
1778724000000,79604.61,79676.11,79222.22,79370.24,684.03959,1778727599999
1778727600000,79370.24,79460.0,78922.0,79044.85,712.36112,1778731199999
1778731200000,79044.86,79474.41,78982.06,79451.63,437.35487,1778734799999
1778734800000,79451.62,79998.0,79359.49,79809.16,850.16622,1778738399999
1778738400000,79809.15,79953.35,79769.12,79804.71,301.13354,1778741999999
1778742000000,79804.72,79937.59,79702.05,79745.98,480.32483,1778745599999
1778745600000,79745.99,79936.98,79644.44,79821.56,652.77033,1778749199999
1778749200000,79821.55,79905.99,79569.81,79635.52,445.75367,1778752799999
1778752800000,79635.53,79756.98,79409.42,79570.01,384.95969,1778756399999
1778756400000,79570.01,79600.0,79234.0,79258.27,362.97846,1778759999999
1778760000000,79258.27,79775.02,79230.31,79767.11,526.41242,1778763599999
1778763600000,79767.1,80059.71,79670.88,79701.73,1000.54213,1778767199999
1778767200000,79701.73,81020.0,79561.52,80964.85,1882.78042,1778770799999
1778770800000,80964.84,81332.23,80816.08,81301.23,2292.36231,1778774399999
1778774400000,81301.22,81904.44,81080.25,81888.4,2732.81932,1778777999999
1778778000000,81888.4,82048.13,81271.0,81668.48,1967.47911,1778781599999
1778781600000,81668.49,81949.15,81440.38,81581.99,1012.7972,1778785199999
1778785200000,81582.0,81718.73,81330.12,81419.74,566.84044,1778788799999
1778788800000,81419.75,81590.19,81166.22,81412.04,471.62836,1778792399999
1778792400000,81412.05,81526.08,81268.38,81396.61,292.07185,1778795999999
1778796000000,81396.61,81559.71,81335.48,81456.0,322.84736,1778799599999
1778799600000,81456.0,81456.0,81059.93,81089.99,534.29082,1778803199999
1778803200000,81090.0,81664.45,81068.52,81518.67,578.5498,1778806799999
1778806800000,81518.66,81612.73,81106.2,81131.01,538.82284,1778810399999
1778810400000,81131.0,81350.0,80750.0,81299.14,829.4016,1778813999999
1778814000000,81299.14,81340.81,80930.82,81059.15,506.95135,1778817599999
1778817600000,81059.15,81100.0,80709.09,80724.71,367.57246,1778821199999
1778821200000,80724.71,80882.45,80314.0,80360.01,1029.21412,1778824799999
1778824800000,80360.01,80644.5,80314.01,80580.0,815.53271,1778828399999
1778828400000,80580.0,81003.37,80559.88,80814.88,878.78211,1778831999999
1778832000000,80814.88,80822.95,80415.84,80638.0,538.63644,1778835599999
1778835600000,80638.0,80670.51,80369.0,80489.8,471.66166,1778839199999
1778839200000,80489.81,80776.33,80407.6,80716.23,444.96934,1778842799999
1778842800000,80716.22,80750.56,80590.08,80628.53,250.99223,1778846399999
1778846400000,80628.52,80635.44,80340.83,80385.11,535.00082,1778849999999
1778850000000,80385.1,80385.11,78698.69,78758.59,3101.88518,1778853599999
1778853600000,78758.59,79353.32,78659.0,79150.37,1965.21031,1778857199999
1778857200000,79150.36,79369.36,79013.81,79150.27,606.4731,1778860799999
1778860800000,79150.26,79382.3,79131.01,79294.31,514.78679,1778864399999
1778864400000,79294.31,79504.83,79224.0,79460.0,478.80422,1778867999999
1778868000000,79460.0,79561.94,79170.47,79284.0,544.01093,1778871599999
1778871600000,79284.01,79290.0,79051.0,79146.5,421.75884,1778875199999
1778875200000,79146.5,79217.07,79000.0,79123.12,224.44355,1778878799999
1778878800000,79123.13,79200.0,78911.42,78973.5,682.32127,1778882399999
1778882400000,78973.5,79145.44,78973.49,79107.38,347.86808,1778885999999
1778886000000,79107.38,79161.86,79077.96,79113.21,677.62104,1778889599999
1778889600000,79113.2,79227.77,79075.09,79111.92,314.0124,1778893199999
1778893200000,79111.92,79186.05,79010.0,79168.0,357.20294,1778896799999
1778896800000,79168.0,79211.77,79080.1,79155.54,208.30505,1778900399999
1778900400000,79155.55,79187.71,79059.77,79083.18,368.66241,1778903999999
1778904000000,79083.19,79129.71,78860.0,79035.26,321.76822,1778907599999
1778907600000,79035.25,79039.49,78933.63,79027.37,183.05543,1778911199999
1778911200000,79027.36,79047.94,78459.87,78648.0,632.26156,1778914799999
1778914800000,78648.0,78651.63,78066.0,78369.77,1267.74437,1778918399999
1778918400000,78369.78,78530.52,78334.21,78426.56,379.04319,1778921999999
1778922000000,78426.55,78440.81,77906.1,78083.48,1104.4311,1778925599999
1778925600000,78083.47,78101.43,77640.0,77960.0,1759.70594,1778929199999
1778929200000,77959.99,78193.88,77959.99,78081.71,602.9198,1778932799999
1778932800000,78080.46,78133.38,77918.62,78007.23,791.53177,1778936399999
1778936400000,78007.24,78014.6,77833.4,78014.6,830.86287,1778939999999
1778940000000,78014.6,78346.0,77895.2,78130.55,729.04785,1778943599999
1778943600000,78130.55,78285.0,78078.22,78238.67,332.91477,1778947199999
1778947200000,78238.68,78364.65,78119.72,78205.96,328.10255,1778950799999
1778950800000,78205.96,78320.41,78199.0,78201.5,350.20669,1778954399999
1778954400000,78201.5,78327.75,78142.99,78229.81,310.63405,1778957999999
1778958000000,78229.82,78314.69,78204.22,78259.66,271.10252,1778961599999
1778961600000,78259.67,78318.94,78201.42,78261.0,194.3429,1778965199999
1778965200000,78261.0,78308.33,78206.85,78265.73,237.27188,1778968799999
1778968800000,78265.73,78279.28,78171.02,78186.25,128.79242,1778972399999
1778972400000,78186.25,78267.46,78125.32,78148.05,128.93924,1778975999999
1778976000000,78148.05,78243.19,77812.0,77945.85,311.59646,1778979599999
1778979600000,77945.85,78114.0,77721.19,77725.71,516.53667,1778983199999
1778983200000,77725.72,77938.0,77725.71,77895.51,256.64293,1778986799999
1778986800000,77895.5,78079.3,77888.0,78028.88,200.15322,1778990399999
1778990400000,78028.88,78203.93,78003.35,78158.09,375.99093,1778993999999
1778994000000,78158.08,78323.96,78102.42,78121.41,258.98839,1778997599999
1778997600000,78121.41,78204.01,78017.0,78104.8,136.86954,1779001199999
1779001200000,78104.79,78208.69,78053.79,78180.01,180.24659,1779004799999
1779004800000,78180.0,78200.91,78033.01,78089.8,117.37418,1779008399999
1779008400000,78089.8,78293.97,78073.52,78249.33,196.43485,1779011999999
1779012000000,78249.33,78599.99,78249.03,78465.99,564.92985,1779015599999
1779015600000,78465.99,78473.82,78289.0,78415.99,257.4445,1779019199999
1779019200000,78415.99,78550.0,78333.8,78364.83,254.43689,1779022799999
1779022800000,78364.83,78364.83,78173.15,78202.91,260.27625,1779026399999
1779026400000,78202.91,78217.33,77850.0,78051.51,397.56893,1779029999999
1779030000000,78051.51,78119.42,77920.76,78051.41,203.63392,1779033599999
1779033600000,78051.42,78193.66,78025.23,78034.36,142.87987,1779037199999
1779037200000,78034.37,78092.44,77856.69,78089.98,296.4389,1779040799999
1779040800000,78089.99,78271.59,78014.33,78268.05,172.43416,1779044399999
1779044400000,78268.04,78468.46,78209.96,78415.3,225.32283,1779047999999
1779048000000,78415.29,78435.32,78248.8,78277.36,205.39109,1779051599999
1779051600000,78277.36,78485.36,78243.5,78405.72,293.90051,1779055199999
1779055200000,78405.72,78414.16,77830.0,77997.24,585.78673,1779058799999
1779058800000,77997.24,78008.18,76735.16,77457.67,2031.42401,1779062399999
1779062400000,77457.67,77477.99,76916.6,77209.95,1062.83033,1779065999999
1779066000000,77209.95,77291.54,76744.95,77109.22,771.47833,1779069599999
1779069600000,77109.21,77222.03,76707.61,76835.41,544.67309,1779073199999
1779073200000,76835.41,77030.42,76817.14,76924.65,509.0298,1779076799999
1779076800000,76924.66,77069.77,76772.01,77038.49,354.48166,1779080399999
1779080400000,77038.49,77080.93,76884.33,76931.4,586.83852,1779083999999
1779084000000,76931.4,76967.8,76583.33,76912.52,621.71728,1779087599999
1779087600000,76912.53,77089.29,76771.53,77073.69,1139.6298,1779091199999
1779091200000,77073.69,77181.88,76890.34,77040.42,562.21651,1779094799999
1779094800000,77040.43,77048.14,76877.17,76933.16,365.74952,1779098399999
1779098400000,76933.17,76957.35,76716.99,76764.74,432.20236,1779101999999
1779102000000,76764.75,77403.48,76668.58,77285.83,692.38548,1779105599999
1779105600000,77285.83,77800.0,77275.96,77639.98,980.76582,1779109199999
1779109200000,77639.99,77639.99,76695.31,76937.7,1116.5633,1779112799999
1779112800000,76937.7,76954.25,76230.02,76393.65,2158.59337,1779116399999
1779116400000,76393.66,76485.29,76051.0,76409.46,1960.17489,1779119999999
1779120000000,76409.46,76665.68,76218.0,76410.01,1252.9383,1779123599999
1779123600000,76410.0,76757.21,76366.13,76706.39,450.87486,1779127199999
1779127200000,76706.38,76706.38,76144.24,76252.5,779.57136,1779130799999
1779130800000,76252.01,76995.0,76235.0,76928.0,812.47229,1779134399999
1779134400000,76928.0,77182.14,76874.73,76909.92,463.85785,1779137999999
1779138000000,76909.92,77174.23,76800.0,77103.05,491.7356,1779141599999
1779141600000,77103.04,77222.79,76937.19,77078.22,359.68174,1779145199999
1779145200000,77078.22,77160.79,76948.8,77001.87,275.05472,1779148799999
1779148800000,77001.88,77414.62,76955.99,77140.87,556.43712,1779152399999
1779152400000,77140.86,77156.2,76667.0,76667.01,769.46148,1779155999999
1779156000000,76667.01,76997.33,76487.83,76617.47,469.02583,1779159599999
1779159600000,76617.46,76867.23,76586.11,76787.11,211.83571,1779163199999
1779163200000,76787.1,76943.75,76700.0,76927.25,239.72033,1779166799999
1779166800000,76927.25,77000.0,76644.98,76911.24,392.43215,1779170399999
1779170400000,76911.25,77108.68,76886.13,77029.4,386.11356,1779173999999
1779174000000,77029.41,77278.57,76974.72,77233.69,490.1935,1779177599999
1779177600000,77233.68,77317.02,76972.96,77048.71,465.92336,1779181199999
1779181200000,77048.72,77074.05,76709.29,76818.8,385.08727,1779184799999
1779184800000,76818.8,77103.97,76704.0,77041.87,464.38738,1779188399999
1779188400000,77041.87,77076.53,76633.83,76714.62,430.29111,1779191999999
1779192000000,76714.61,76982.89,76650.06,76940.21,257.11004,1779195599999
1779195600000,76940.2,77048.72,76596.0,76872.75,906.63403,1779199199999
1779199200000,76872.74,77023.75,76144.71,76392.43,1426.24149,1779202799999
1779202800000,76392.43,76675.76,76337.97,76521.23,773.78391,1779206399999
1779206400000,76521.24,76911.0,76407.72,76894.59,568.91388,1779209999999
1779210000000,76894.59,77015.41,76759.39,76856.76,442.15826,1779213599999
1779213600000,76856.76,76947.2,76744.8,76803.28,282.19478,1779217199999
1779217200000,76803.28,77065.8,76765.14,76818.74,341.73224,1779220799999
1779220800000,76818.73,77040.24,76818.73,77022.23,147.68289,1779224399999
1779224400000,77022.22,77040.83,76973.76,76982.34,185.29058,1779227999999
1779228000000,76982.34,76982.34,76642.95,76712.21,233.07768,1779231599999
1779231600000,76712.22,76980.07,76670.52,76834.36,199.1312,1779235199999
1779235200000,76834.36,76896.5,76516.74,76788.83,236.25061,1779238799999
1779238800000,76788.83,76922.46,76536.59,76820.98,358.53384,1779242399999
1779242400000,76820.98,76909.62,76600.0,76690.42,293.25018,1779245999999
1779246000000,76690.42,76829.61,76604.99,76723.54,673.76637,1779249599999
1779249600000,76723.55,76836.82,76692.0,76780.37,365.31048,1779253199999
1779253200000,76780.37,77320.0,76780.37,77196.99,973.23466,1779256799999
1779256800000,77196.99,77422.0,77179.93,77414.11,528.12463,1779260399999
1779260400000,77414.1,77472.21,77241.13,77282.64,351.42212,1779263999999
1779264000000,77282.65,77635.52,77210.33,77458.04,548.89961,1779267599999
1779267600000,77458.05,77543.59,77365.94,77485.13,360.90275,1779271199999
1779271200000,77485.14,77663.0,77485.14,77517.45,409.79863,1779274799999
1779274800000,77517.46,77569.1,77328.2,77382.49,362.81092,1779278399999
1779278400000,77382.5,77748.05,77365.52,77617.26,377.41047,1779281999999
1779282000000,77617.26,77650.62,76968.05,77204.61,682.21238,1779285599999
1779285600000,77204.61,77574.29,76891.61,77446.08,1202.39421,1779289199999
1779289200000,77446.01,77853.04,77300.0,77455.46,777.75101,1779292799999
1779292800000,77455.45,77557.0,77018.38,77338.6,407.4641,1779296399999
1779296400000,77338.6,77713.66,77230.86,77568.95,501.34929,1779299999999
1779300000000,77568.95,77634.52,77398.63,77415.09,414.50917,1779303599999
1779303600000,77415.09,77709.68,77350.71,77667.49,388.96569,1779307199999
1779307200000,77667.49,77760.0,77476.19,77720.01,357.7103,1779310799999
1779310800000,77720.01,77766.6,77500.0,77500.01,158.00627,1779314399999
1779314400000,77500.01,77504.69,77226.61,77504.69,367.95652,1779317999999
1779318000000,77504.69,77559.34,77386.93,77552.23,198.22886,1779321599999
1779321600000,77552.24,78071.42,77525.0,77967.09,547.83434,1779325199999
1779325200000,77967.09,78173.15,77800.0,77863.85,453.71737,1779328799999
1779328800000,77863.85,78100.0,77820.1,77955.78,820.7986,1779332399999
1779332400000,77955.78,78098.85,77908.0,78078.72,441.60659,1779335999999
1779336000000,78078.72,78180.01,77965.36,78035.8,365.79347,1779339599999
1779339600000,78035.8,78147.07,77714.94,77828.0,390.37362,1779343199999
1779343200000,77828.0,77873.15,77533.45,77622.14,317.41875,1779346799999
1779346800000,77622.14,77901.06,77521.0,77889.01,380.5065,1779350399999
1779350400000,77889.01,78200.0,77885.53,77924.63,493.4737,1779353999999
1779354000000,77924.63,77977.53,77633.02,77633.02,277.92731,1779357599999
1779357600000,77633.03,77678.01,77190.09,77198.08,783.43483,1779361199999
1779361200000,77198.09,77372.0,77147.15,77189.1,380.03818,1779364799999
1779364800000,77189.1,77363.32,77080.72,77278.53,382.67307,1779368399999
1779368400000,77278.52,77358.05,76719.47,77122.68,862.17497,1779371999999
1779372000000,77122.67,77240.82,76788.8,76984.61,697.95187,1779375599999
1779375600000,76984.61,77402.12,76900.0,77259.46,411.10449,1779379199999
1779379200000,77259.45,77344.01,77008.75,77207.93,404.33559,1779382799999
1779382800000,77207.92,78098.16,77181.83,77869.38,1291.96294,1779386399999
1779386400000,77869.38,77922.01,77230.0,77387.74,559.91554,1779389999999
1779390000000,77387.74,77802.51,77365.97,77690.56,437.10444,1779393599999
1779393600000,77690.56,77804.75,77647.75,77705.81,144.76199,1779397199999
1779397200000,77705.8,77813.35,77645.4,77672.29,182.97007,1779400799999
1779400800000,77672.3,77750.61,77555.33,77628.0,130.38276,1779404399999
1779404400000,77628.01,77745.39,77534.43,77615.52,159.99742,1779407999999
1779408000000,77615.52,77628.38,77369.49,77373.57,228.62269,1779411599999
1779411600000,77373.57,77673.5,77327.28,77616.0,252.86608,1779415199999
1779415200000,77616.0,77728.01,77593.16,77673.36,244.81122,1779418799999
1779418800000,77673.37,77817.8,77673.36,77779.98,158.00162,1779422399999
1779422400000,77779.98,77900.0,77637.99,77655.42,475.76681,1779425999999
1779426000000,77655.43,77726.0,77454.56,77489.0,344.3172,1779429599999
1779429600000,77489.0,77525.85,77370.4,77423.41,542.83384,1779433199999
1779433200000,77423.41,77543.38,77288.77,77408.06,393.92568,1779436799999
1779436800000,77408.07,77535.0,77216.0,77267.38,509.65577,1779440399999
1779440400000,77267.39,77360.0,77200.0,77307.11,276.32946,1779443999999
1779444000000,77307.12,77363.01,77261.73,77312.0,275.0182,1779447599999
1779447600000,77311.99,77430.55,77184.45,77428.84,375.5311,1779451199999
1779451200000,77428.83,77584.94,77395.45,77533.9,317.41573,1779454799999
1779454800000,77533.91,77547.56,77130.99,77290.01,419.18989,1779458399999
1779458400000,77290.0,77290.0,76751.0,76774.23,1004.6619,1779461999999
1779462000000,76774.23,77030.64,76570.0,76790.59,872.56913,1779465599999
1779465600000,76790.6,77006.69,76767.0,76950.68,481.05047,1779469199999
1779469200000,76950.67,77093.72,76750.0,76750.0,322.37426,1779472799999
1779472800000,76750.01,76898.0,76101.0,76537.47,809.74159,1779476399999
1779476400000,76537.47,76590.68,75668.76,75860.44,1201.88912,1779479999999
1779480000000,75860.44,76080.95,75826.0,75984.47,415.32736,1779483599999
1779483600000,75984.47,76087.85,75926.2,75978.83,349.85112,1779487199999
1779487200000,75978.83,75978.84,75558.28,75737.52,473.52886,1779490799999
1779490800000,75737.53,75881.18,75359.18,75539.5,527.08224,1779494399999
1779494400000,75539.5,75635.59,75220.0,75352.64,828.38332,1779497999999
1779498000000,75352.64,75500.0,75350.0,75489.84,466.00374,1779501599999
1779501600000,75489.83,75581.27,75417.56,75572.07,334.42834,1779505199999
1779505200000,75572.07,75664.62,75563.33,75635.22,267.29386,1779508799999
1779508800000,75635.22,75650.63,75507.01,75539.77,198.6031,1779512399999
1779512400000,75539.77,75562.4,75469.89,75482.68,267.20559,1779515999999
1779516000000,75482.68,75501.09,75394.54,75398.33,189.47214,1779519599999
1779519600000,75398.33,75443.44,74289.6,74609.36,2035.70931,1779523199999
1779523200000,74609.37,74746.67,74303.56,74684.3,963.9472,1779526799999
1779526800000,74684.29,74752.45,74624.5,74656.91,431.5071,1779530399999
1779530400000,74656.91,74797.01,74656.91,74705.0,625.72233,1779533999999
1779534000000,74705.0,74873.55,74704.99,74789.99,487.9196,1779537599999
1779537600000,74789.99,74798.41,74660.05,74753.93,570.81814,1779541199999
1779541200000,74753.94,75262.86,74753.93,75213.9,815.89889,1779544799999
1779544800000,75213.9,75726.3,75108.15,75537.72,922.06012,1779548399999
1779548400000,75537.73,75676.0,75405.4,75520.0,634.72295,1779551999999
1779552000000,75519.99,75638.62,75415.17,75444.7,411.95204,1779555599999
1779555600000,75444.71,75522.0,75371.72,75488.18,566.20129,1779559199999
1779559200000,75488.17,75986.24,75472.04,75845.82,429.21806,1779562799999
1779562800000,75845.82,76012.22,75780.9,75983.45,364.9012,1779566399999
1779566400000,75983.45,77300.0,75953.94,77287.58,1242.58285,1779569999999
1779570000000,77286.08,77404.18,76538.04,76804.99,1147.59506,1779573599999
1779573600000,76805.0,76885.0,76396.06,76584.45,464.30329,1779577199999
1779577200000,76584.45,76822.0,76538.36,76752.01,420.43862,1779580799999
1779580800000,76752.0,76930.65,76629.02,76835.16,392.54327,1779584399999
1779584400000,76835.16,76921.45,76754.53,76890.04,225.24128,1779587999999
1779588000000,76890.04,76968.04,76704.32,76830.0,185.87406,1779591599999
1779591600000,76830.01,77011.62,76738.5,76750.0,248.04543,1779595199999
1779595200000,76750.01,76858.26,76730.0,76786.5,163.64327,1779598799999
1779598800000,76786.5,76861.78,76651.59,76822.23,202.16815,1779602399999
1779602400000,76822.23,77065.94,76716.02,76987.58,257.8917,1779605999999
1779606000000,76987.58,77014.24,76786.2,76799.99,193.96514,1779609599999
1779609600000,76799.99,76861.77,76734.42,76830.69,226.94949,1779613199999
1779613200000,76830.69,77046.67,76821.86,77020.53,369.92973,1779616799999
1779616800000,77020.54,77543.15,76927.04,77190.74,863.69953,1779620399999
1779620400000,77190.73,77356.62,77190.73,77320.06,285.66801,1779623999999
1779624000000,77320.06,77325.72,77044.73,77118.73,271.94108,1779627599999
1779627600000,77118.72,77127.54,76688.89,76802.23,474.39799,1779631199999
1779631200000,76802.23,76840.01,76195.36,76465.16,837.87651,1779634799999
1779634800000,76465.15,76539.38,76362.78,76371.59,398.04105,1779638399999
1779638400000,76371.59,76734.3,76371.59,76671.7,359.46109,1779641999999
1779642000000,76671.69,76799.99,76566.15,76693.34,249.31214,1779645599999
1779645600000,76693.34,76788.01,76596.0,76665.73,148.14196,1779649199999
1779649200000,76665.72,76783.51,76611.17,76773.34,125.12918,1779652799999
1779652800000,76773.33,76796.18,76596.37,76668.4,560.38206,1779656399999
1779656400000,76668.41,76748.12,76108.0,76151.14,497.80071,1779659999999
1779660000000,76151.14,77012.01,76132.0,76803.99,543.11534,1779663599999
1779663600000,76803.99,77225.97,76803.99,77064.96,316.78339,1779667199999
1779667200000,77064.96,77288.0,77064.95,77153.01,281.30951,1779670799999
1779670800000,77153.01,77245.67,76914.25,76945.27,574.42489,1779674399999
1779674400000,76945.28,77485.0,76945.28,77108.77,313.96478,1779677999999
1779678000000,77108.77,77169.88,77002.3,77026.67,198.70522,1779681599999
1779681600000,77026.68,77450.0,76990.78,77391.07,251.77406,1779685199999
1779685200000,77391.07,77498.0,77324.0,77407.0,306.77798,1779688799999
1779688800000,77406.99,77650.0,77222.22,77419.87,413.85927,1779692399999
1779692400000,77419.87,77520.0,77184.62,77401.12,376.11814,1779695999999
1779696000000,77401.11,77469.64,77280.32,77456.94,352.6298,1779699599999
1779699600000,77456.94,77699.97,77425.17,77604.56,369.10396,1779703199999
1779703200000,77604.56,77681.37,77490.37,77545.65,283.53522,1779706799999
1779706800000,77545.65,77545.65,77333.33,77357.5,209.17805,1779710399999
1779710400000,77357.5,77440.46,77286.5,77367.98,261.28583,1779713999999
1779714000000,77367.98,77450.0,77286.5,77341.05,199.52985,1779717599999
1779717600000,77341.05,77773.69,77304.84,77714.0,603.07815,1779721199999
1779721200000,77713.99,77905.52,77557.0,77628.82,499.50313,1779724799999
1779724800000,77628.82,77807.29,77508.88,77735.69,342.64397,1779728399999
1779728400000,77735.69,77804.48,77550.39,77564.01,278.21782,1779731999999
1779732000000,77564.0,77658.01,77543.38,77543.39,204.7646,1779735599999
1779735600000,77543.39,77543.39,77343.61,77441.86,295.53937,1779739199999
1779739200000,77441.85,77500.0,77220.0,77273.06,314.11527,1779742799999
1779742800000,77273.06,77396.08,77273.05,77367.03,183.92616,1779746399999
1779746400000,77367.03,77449.94,77019.82,77116.21,395.72227,1779749999999
1779750000000,77116.21,77367.44,77072.36,77322.01,162.61467,1779753599999
1779753600000,77322.01,77345.0,76575.49,76792.71,686.17714,1779757199999
1779757200000,76792.24,76888.01,76590.9,76756.98,342.05131,1779760799999
1779760800000,76756.98,76810.0,76512.98,76660.0,721.43857,1779764399999
1779764400000,76660.0,76705.71,76475.59,76664.01,396.14567,1779767999999
1779768000000,76664.0,76817.28,76606.79,76749.5,392.59093,1779771599999
1779771600000,76749.51,76989.23,76704.8,76930.01,556.0432,1779775199999
1779775200000,76930.0,77059.74,76775.0,76908.01,658.30833,1779778799999
1779778800000,76908.0,76924.55,76603.73,76730.84,436.26184,1779782399999
1779782400000,76730.84,76852.01,76693.21,76726.37,246.06951,1779785999999
1779786000000,76726.37,76804.0,76649.79,76672.19,350.5237,1779789599999
1779789600000,76672.2,77621.75,76586.94,77430.0,897.13516,1779793199999
1779793200000,77430.0,77516.93,77174.94,77183.55,403.26795,1779796799999
1779796800000,77183.56,77232.52,76877.94,77132.5,402.68245,1779800399999
1779800400000,77132.51,77464.01,76691.88,77231.56,659.9668,1779803999999
1779804000000,77231.56,78080.0,76724.63,76908.01,2020.17697,1779807599999
1779807600000,76908.01,77012.0,76272.63,76518.1,1751.25838,1779811199999
1779811200000,76518.1,76710.01,76209.58,76558.0,2070.02098,1779814799999
1779814800000,76558.0,76649.91,75850.0,75935.08,1190.65802,1779818399999
1779818400000,75935.09,76273.66,75779.3,75840.55,846.30902,1779821999999
1779822000000,75840.55,76104.49,75805.23,76052.0,581.71052,1779825599999
1779825600000,76052.0,76180.0,75982.64,76106.86,324.41575,1779829199999
1779829200000,76106.86,76117.31,75850.0,75890.0,275.58323,1779832799999
1779832800000,75890.0,75998.94,75677.97,75749.02,428.12169,1779836399999
1779836400000,75749.02,75986.45,75749.02,75930.01,316.55917,1779839999999
1779840000000,75930.01,76089.7,75872.71,76085.01,780.41682,1779843599999
1779843600000,76085.0,76104.02,75824.0,75877.44,573.72878,1779847199999
1779847200000,75877.44,75890.59,75682.99,75879.0,437.25803,1779850799999
1779850800000,75879.01,75966.91,75607.62,75683.0,612.84746,1779854399999
1779854400000,75683.0,75706.77,75310.9,75579.01,817.05359,1779857999999
1779858000000,75579.01,75739.36,75579.0,75697.99,490.56114,1779861599999
1779861600000,75697.99,75900.0,75690.01,75838.65,482.86494,1779865199999
1779865200000,75838.65,75980.0,75764.0,75977.17,433.92885,1779868799999
1779868800000,75977.16,76071.41,75843.02,75873.24,308.77238,1779872399999
1779872400000,75873.25,75978.01,75710.76,75912.6,294.26595,1779875999999
1779876000000,75912.61,76043.94,75880.0,75909.82,372.61961,1779879599999
1779879600000,75909.82,76029.24,75754.1,75769.18,316.01081,1779883199999
1779883200000,75769.18,76174.15,75575.75,75688.0,621.24106,1779886799999
1779886800000,75688.01,75760.0,74866.18,75073.4,2200.23684,1779890399999
1779890400000,75073.4,75274.11,74758.33,75031.92,1567.20208,1779893999999
1779894000000,75031.92,75502.29,74983.77,75326.01,797.5234,1779897599999
1779897600000,75326.02,75408.01,75000.0,75304.01,632.49097,1779901199999
1779901200000,75304.01,75344.01,74685.58,74860.42,1103.99219,1779904799999
1779904800000,74860.42,75032.01,74663.45,75026.67,549.25309,1779908399999
1779908400000,75026.67,75105.17,74952.36,75066.08,879.80197,1779911999999
1779912000000,75066.09,75415.81,75056.25,75274.58,389.41476,1779915599999
1779915600000,75274.58,75274.58,74341.76,74473.01,653.21971,1779919199999
1779919200000,74473.01,74775.5,74260.91,74418.13,624.64107,1779922799999
1779922800000,74418.12,74572.0,74243.99,74449.3,938.42933,1779926399999
1779926400000,74449.31,74580.0,74366.89,74570.66,476.29695,1779929999999
1779930000000,74570.67,74590.77,74156.0,74344.08,653.98384,1779933599999
1779933600000,74344.07,74400.0,74127.57,74287.42,717.91596,1779937199999
1779937200000,74287.43,74380.39,73060.59,73258.01,3879.74728,1779940799999
1779940800000,73258.0,73260.01,72728.85,73181.95,1588.42564,1779944399999
1779944400000,73181.95,73181.95,72908.67,72990.87,850.50171,1779947999999
1779948000000,72990.87,73213.11,72761.11,73202.7,1248.76931,1779951599999
1779951600000,73202.71,73512.14,73158.0,73498.0,1111.91354,1779955199999
1779955200000,73498.0,73500.0,73193.13,73325.88,567.79073,1779958799999
1779958800000,73325.88,73560.0,73261.6,73541.24,547.18862,1779962399999
1779962400000,73541.25,73616.0,73349.91,73400.01,495.53335,1779965999999
1779966000000,73400.01,73532.01,73319.36,73505.66,383.87102,1779969599999
1779969600000,73505.65,73580.75,73245.56,73518.01,454.53291,1779973199999
1779973200000,73518.01,73574.6,72771.64,73022.02,1277.58759,1779976799999
1779976800000,73022.01,73573.21,72582.82,73033.06,2189.6201,1779980399999
1779980400000,73033.06,73180.01,72700.0,72928.73,710.64433,1779983999999
1779984000000,72928.73,73440.67,72741.4,73440.67,821.59668,1779987599999
1779987600000,73440.66,73734.72,73316.31,73554.82,737.45631,1779991199999
1779991200000,73554.81,73749.69,73514.57,73652.88,517.48323,1779994799999
1779994800000,73652.87,73652.88,73381.81,73419.32,447.75042,1779998399999
1779998400000,73419.31,73721.45,73241.48,73579.99,441.85746,1780001999999
1780002000000,73580.0,73926.22,73560.45,73817.31,386.07817,1780005599999
1780005600000,73817.31,73949.22,73448.55,73464.8,445.66881,1780009199999
1780009200000,73464.8,73714.9,73464.79,73617.51,321.8063,1780012799999
1780012800000,73617.52,73854.77,73617.51,73716.37,592.13944,1780016399999
1780016400000,73716.37,73868.33,73463.52,73586.83,543.44041,1780019999999
1780020000000,73586.83,73646.68,73189.11,73225.06,716.13416,1780023599999
1780023600000,73225.07,73456.63,73225.07,73301.52,271.59006,1780027199999
1780027200000,73301.53,73508.97,73210.21,73507.69,462.74907,1780030799999
1780030800000,73507.68,73719.39,73500.0,73706.0,814.3098,1780034399999
1780034400000,73706.0,73939.19,73641.05,73786.32,283.07172,1780037999999
1780038000000,73786.32,73830.01,73373.37,73528.56,1081.6764,1780041599999
1780041600000,73528.55,73835.58,73524.0,73653.4,690.03943,1780045199999
1780045200000,73653.4,73902.85,73649.58,73744.96,506.90617,1780048799999
1780048800000,73744.96,73749.53,73588.13,73634.64,583.75086,1780052399999
1780052400000,73634.64,73700.41,73341.85,73487.98,417.09649,1780055999999
1780056000000,73487.98,73487.98,73202.0,73295.73,419.42757,1780059599999
1780059600000,73295.73,73346.04,72900.46,73135.7,883.40251,1780063199999
1780063200000,73135.7,73198.17,72512.49,73096.85,1512.76179,1780066799999
1780066800000,73096.84,74200.0,73008.98,73808.26,1809.3402,1780070399999
1780070400000,73808.25,74124.73,73565.73,74056.5,1160.72957,1780073999999
1780074000000,74056.49,74514.1,73925.33,73980.94,2917.46541,1780077599999
1780077600000,73980.94,74065.29,73187.25,73374.52,1065.50146,1780081199999
1780081200000,73374.51,73727.95,73239.36,73520.28,453.16949,1780084799999
1780084800000,73520.29,73760.0,73514.0,73673.61,155.12213,1780088399999
1780088400000,73673.62,73844.0,73408.8,73409.27,412.83689,1780091999999
1780092000000,73409.27,73571.81,73379.79,73483.52,662.8477,1780095599999
1780095600000,73483.51,73510.0,73320.0,73460.78,271.23268,1780099199999
1780099200000,73460.78,73579.82,73408.62,73498.8,545.20652,1780102799999
1780102800000,73498.8,73663.08,73472.8,73657.9,386.87772,1780106399999
1780106400000,73657.9,73786.7,73613.85,73786.69,268.52358,1780109999999
1780110000000,73786.7,73796.43,73524.01,73524.01,339.03494,1780113599999
1780113600000,73524.01,73575.0,73216.0,73402.84,466.81865,1780117199999
1780117200000,73402.85,73635.0,73346.85,73604.99,464.14797,1780120799999
1780120800000,73604.99,73709.91,73530.0,73584.99,331.33867,1780124399999
1780124400000,73584.99,73588.2,73486.0,73548.6,225.56478,1780127999999
1780128000000,73548.6,73567.59,73500.02,73530.07,274.14087,1780131599999
1780131600000,73530.07,73615.47,73503.07,73615.46,201.26346,1780135199999
1780135200000,73615.46,73680.75,73592.57,73655.85,283.9706,1780138799999
1780138800000,73655.85,73655.86,73564.62,73602.02,317.1037,1780142399999
1780142400000,73602.01,73717.07,73594.4,73698.18,369.235,1780145999999
1780146000000,73698.17,73837.06,73676.1,73829.31,249.39427,1780149599999
1780149600000,73829.31,74100.0,73820.91,73929.11,565.07041,1780153199999
1780153200000,73929.11,74042.88,73836.7,73930.14,301.39896,1780156799999
1780156800000,73930.13,73985.84,73880.1,73934.99,193.46997,1780160399999
1780160400000,73935.0,74047.26,73811.3,74020.07,308.74992,1780163999999
1780164000000,74020.06,74143.76,73945.0,74043.38,188.56655,1780167599999
1780167600000,74043.39,74072.0,73971.3,74016.65,145.42131,1780171199999
1780171200000,74016.64,74016.65,73926.68,73979.84,104.9948,1780174799999
1780174800000,73979.85,74054.0,73929.07,73981.99,224.4707,1780178399999
1780178400000,73981.99,73982.0,73796.01,73883.3,391.66756,1780181999999
1780182000000,73883.3,73995.98,73781.3,73884.38,368.97818,1780185599999
1780185600000,73884.38,74041.72,73858.56,74038.2,241.35407,1780189199999
1780189200000,74038.2,74275.66,74028.64,74058.01,363.47802,1780192799999
1780192800000,74058.01,74243.94,73890.49,74090.84,304.8567,1780196399999
1780196400000,74090.84,74226.78,74074.05,74150.64,189.87382,1780199999999
1780200000000,74150.64,74221.33,74109.0,74178.4,194.38913,1780203599999
1780203600000,74178.41,74207.2,74055.16,74055.98,231.70947,1780207199999
1780207200000,74055.99,74109.39,73985.34,74054.87,141.21825,1780210799999
1780210800000,74054.86,74054.87,73836.0,73871.24,302.07421,1780214399999
1780214400000,73871.25,73980.0,73850.05,73937.61,348.32905,1780217999999
1780218000000,73937.62,74024.0,73813.44,73841.79,323.04158,1780221599999
1780221600000,73841.79,73900.0,73699.2,73900.0,400.29833,1780225199999
1780225200000,73900.0,73972.0,73899.99,73937.79,178.9239,1780228799999
1780228800000,73937.63,73995.88,73874.0,73920.0,222.22652,1780232399999
1780232400000,73920.0,74023.99,73807.43,73872.8,178.44734,1780235999999
1780236000000,73872.8,73872.8,73483.05,73602.17,681.72491,1780239599999
1780239600000,73602.18,73775.79,73588.8,73655.21,266.93299,1780243199999
1780243200000,73655.2,73730.0,73400.0,73526.14,319.75425,1780246799999
1780246800000,73526.15,73734.0,73466.67,73709.44,195.46974,1780250399999
1780250400000,73709.43,73713.34,73585.49,73603.69,214.37074,1780253999999
1780254000000,73603.68,73649.93,73456.48,73563.42,255.80848,1780257599999
1780257600000,73563.41,73760.0,73563.41,73739.66,381.5641,1780261199999
1780261200000,73739.67,73924.0,73626.67,73892.52,391.01047,1780264799999
1780264800000,73892.52,73997.56,73686.0,73944.62,284.29172,1780268399999
1780268400000,73944.62,74198.0,73500.0,73674.39,375.30928,1780271999999
1780272000000,73674.39,74092.0,73654.06,73885.0,366.4897,1780275599999
1780275600000,73885.01,73916.01,73278.02,73292.92,464.54265,1780279199999
1780279200000,73292.92,73892.52,73222.0,73790.0,506.50025,1780282799999
1780282800000,73789.99,74019.58,73735.47,73769.06,460.44243,1780286399999
1780286400000,73769.06,73841.37,73348.74,73536.01,335.64727,1780289999999
1780290000000,73536.01,73541.48,73328.32,73350.0,404.19791,1780293599999
1780293600000,73349.99,73368.0,72950.01,73135.74,740.28999,1780297199999
1780297200000,73135.75,73203.85,72704.0,72818.0,833.64063,1780300799999
1780300800000,72818.0,72921.38,72610.03,72902.65,751.49608,1780304399999
1780304400000,72902.64,73095.64,72600.0,72880.0,2061.2162,1780307999999
1780308000000,72880.0,72900.73,72592.27,72748.88,482.4874,1780311599999
1780311600000,72748.88,72768.11,72290.0,72479.99,769.61036,1780315199999
1780315200000,72480.0,72610.0,71902.98,72221.73,1854.73885,1780318799999
1780318800000,72221.74,72243.52,71389.88,71711.89,3036.53496,1780322399999
1780322400000,71711.89,71887.6,71363.43,71567.91,2060.71568,1780325999999
1780326000000,71567.91,71677.55,71066.33,71129.62,1656.46415,1780329599999
1780329600000,71129.62,71599.95,70686.68,71564.01,2820.57409,1780333199999
1780333200000,71564.01,71800.73,71469.64,71646.01,999.45739,1780336799999
1780336800000,71646.0,71687.28,71382.0,71498.64,667.35668,1780340399999
1780340400000,71498.64,71666.0,71386.0,71595.24,432.84579,1780343999999
1780344000000,71595.24,71690.0,71419.64,71446.0,273.2723,1780347599999
1780347600000,71445.99,71449.98,70941.95,71038.01,573.85796,1780351199999
1780351200000,71038.01,71460.0,70840.9,71408.0,770.63523,1780354799999
1780354800000,71407.99,71583.29,71225.29,71408.9,598.07789,1780358399999
1780358400000,71408.9,71408.9,71100.0,71289.23,677.70318,1780361999999
1780362000000,71289.24,71372.0,70607.57,70652.47,1034.85247,1780365599999
1780365600000,70652.47,70880.63,70111.0,70846.49,1320.1444,1780369199999
1780369200000,70846.48,71041.04,70806.0,70953.69,492.94753,1780372799999
1780372800000,70953.7,71048.0,70713.54,70810.0,489.36754,1780376399999
1780376400000,70810.0,70847.66,70267.79,70268.96,832.11781,1780379999999
1780380000000,70268.97,70442.0,69958.49,70106.31,1507.14949,1780383599999
1780383600000,70106.31,70275.86,69733.0,70118.42,1388.79813,1780387199999
1780387200000,70118.42,70172.0,69705.3,69821.99,944.6499,1780390799999
1780390800000,69822.0,69849.0,69324.65,69426.01,1499.21853,1780394399999
1780394400000,69426.01,69756.0,69336.98,69652.19,904.86792,1780397999999
1780398000000,69652.18,69659.47,69397.83,69461.72,417.59402,1780401599999
1780401600000,69461.73,69548.13,68989.61,69010.42,1382.26152,1780405199999
1780405200000,69010.41,69180.0,68757.03,68811.91,1762.82906,1780408799999
1780408800000,68809.93,68836.0,67617.85,68019.3,3845.79627,1780412399999
1780412400000,68019.3,68094.6,67076.0,67304.28,2543.79469,1780415999999
1780416000000,67304.29,68146.3,67228.45,67413.44,1789.92962,1780419599999
1780419600000,67413.44,67837.53,67378.0,67492.34,905.8915,1780423199999
1780423200000,67492.34,67661.7,67124.2,67341.99,926.14597,1780426799999
1780426800000,67341.99,67498.0,66432.0,67315.14,2333.17121,1780430399999
1780430400000,67315.14,67689.65,66911.2,67587.77,1637.61606,1780433999999
1780434000000,67587.78,67923.24,67412.0,67566.01,765.53933,1780437599999
1780437600000,67566.01,67566.01,66244.02,66385.2,1856.41667,1780441199999
1780441200000,66385.2,66868.62,66193.0,66760.83,1599.39304,1780444799999
1780444800000,66760.84,67204.15,66654.0,66938.01,1238.50805,1780448399999
1780448400000,66938.01,67050.0,66472.65,66920.0,973.29949,1780451999999
1780452000000,66920.0,66920.01,66586.17,66620.01,773.38787,1780455599999
1780455600000,66620.0,66653.67,65426.34,65849.9,2891.72624,1780459199999
1780459200000,65849.9,66623.44,65834.0,66465.98,1263.85794,1780462799999
1780462800000,66465.99,67398.28,66465.99,67330.01,1773.95829,1780466399999
1780466400000,67330.0,67516.0,66962.95,66983.27,1658.04956,1780469999999
1780470000000,66983.27,67334.4,66872.01,67220.03,1003.46306,1780473599999
1780473600000,67220.03,67264.34,66974.0,67028.0,1273.47385,1780477199999
1780477200000,67028.01,67322.0,66656.48,67075.17,1438.06157,1780480799999
1780480800000,67075.18,67476.69,67068.51,67294.52,639.46259,1780484399999
1780484400000,67294.51,67366.82,67056.58,67067.37,489.69833,1780487999999
1780488000000,67067.37,67163.82,66782.65,67078.72,856.74966,1780491599999
1780491600000,67078.72,67244.62,66635.0,66906.01,1223.17247,1780495199999
1780495200000,66906.0,66990.66,66643.96,66864.95,936.44379,1780498799999
1780498800000,66864.95,66898.0,66076.0,66076.01,1521.34921,1780502399999
1780502400000,66076.01,66373.18,65555.0,66061.83,1633.14277,1780505999999
1780506000000,66061.83,66189.8,65704.8,65964.08,810.29365,1780509599999
1780509600000,65964.08,66161.24,65744.01,66036.57,600.59221,1780513199999
1780513200000,66036.56,66054.0,65251.0,65462.0,1198.70968,1780516799999
1780516800000,65461.99,65614.74,64766.0,65007.27,1892.05101,1780520399999
1780520400000,65007.27,65860.0,64960.87,65768.88,1254.10382,1780523999999
1780524000000,65768.89,65841.23,64778.15,64912.98,974.52056,1780527599999
1780527600000,64912.97,64979.99,64092.49,64142.75,1820.23083,1780531199999
1780531200000,64142.75,64428.0,63000.0,63344.97,3512.79677,1780534799999
1780534800000,63344.98,63500.0,62100.01,62178.1,4759.0413,1780538399999
1780538400000,62178.1,63622.7,61383.56,63231.99,6283.29826,1780541999999
1780542000000,63232.0,64540.3,63218.48,64363.49,2402.09774,1780545599999
1780545600000,64363.49,64764.32,64265.73,64399.99,1421.62502,1780549199999
1780549200000,64399.99,64400.0,63648.01,63955.47,1272.84935,1780552799999
1780552800000,63955.48,64481.22,63892.0,64027.99,802.33437,1780556399999
1780556400000,64027.99,64062.81,63492.89,63603.15,1503.87893,1780559999999
1780560000000,63603.15,63904.63,63245.9,63629.99,1570.23316,1780563599999
1780563600000,63629.99,63644.0,62703.33,63266.0,2329.3282,1780567199999
1780567200000,63266.01,63276.0,62301.21,62420.0,3046.35677,1780570799999
1780570800000,62420.01,62833.82,62205.0,62545.99,1649.57305,1780574399999
1780574400000,62546.0,63966.48,62392.0,63766.82,1740.31399,1780577999999
1780578000000,63766.82,64244.0,63068.41,64230.0,2087.69891,1780581599999
1780581600000,64230.0,64494.92,63785.33,63958.97,1314.7717,1780585199999
1780585200000,63958.97,64404.0,63691.7,63896.17,1043.20477,1780588799999
1780588800000,63896.16,63920.0,63456.0,63563.51,778.5809,1780592399999
1780592400000,63563.51,63722.0,62944.91,63540.97,1048.08269,1780595999999
1780596000000,63540.96,64110.28,63149.76,63819.62,1198.01807,1780599599999
1780599600000,63819.62,64163.93,63544.0,63629.38,699.04403,1780603199999
1780603200000,63629.38,63653.2,63182.84,63638.4,753.64631,1780606799999
1780606800000,63638.4,63876.0,63106.04,63286.21,982.36997,1780610399999
1780610400000,63286.21,63772.0,63194.0,63735.43,816.54763,1780613999999
1780614000000,63735.42,63918.0,63376.0,63885.99,561.48382,1780617599999
1780617600000,63885.99,63978.0,63396.57,63426.72,799.55012,1780621199999
1780621200000,63426.73,63566.0,63052.0,63374.67,974.10885,1780624799999
1780624800000,63374.67,63436.0,62588.77,62617.72,1167.70132,1780628399999
1780628400000,62617.72,62888.0,62339.0,62730.0,1221.6378,1780631999999
1780632000000,62730.0,63646.0,62487.24,63615.23,1133.49083,1780635599999
1780635600000,63615.22,63688.0,62278.0,62329.35,1503.31179,1780639199999
1780639200000,62329.36,62634.53,61126.01,61946.57,5277.47749,1780642799999
1780642800000,61946.57,63116.0,61378.38,63115.99,2819.14343,1780646399999
1780646400000,63115.99,63120.98,62288.88,62454.64,1381.33567,1780649999999
1780650000000,62454.64,63259.9,62442.0,62860.09,970.2531,1780653599999
1780653600000,62860.09,62931.81,62375.0,62536.87,753.84533,1780657199999
1780657200000,62536.87,62644.48,61964.98,61964.99,1191.72996,1780660799999
1780660800000,61964.99,62457.86,61620.47,61959.73,1931.26312,1780664399999
1780664400000,61959.72,62326.0,60732.35,60732.36,3644.72891,1780667999999
1780668000000,60732.36,61227.98,60334.97,60868.97,4753.25938,1780671599999
1780671600000,60868.98,61126.0,60000.0,60438.01,4471.76201,1780675199999
1780675200000,60438.0,61547.24,59786.0,61394.39,5595.70288,1780678799999
1780678800000,61394.38,61508.85,60660.0,60813.99,1735.74281,1780682399999
1780682400000,60814.0,60950.0,59141.0,59395.99,3853.37743,1780685999999
1780686000000,59396.0,60459.41,59130.91,60300.24,2562.76919,1780689599999
1780689600000,60300.24,61787.01,59940.01,61620.01,2519.32621,1780693199999
1780693200000,61620.01,62000.0,61444.2,61670.38,1754.60125,1780696799999
1780696800000,61670.38,61966.0,61207.82,61584.49,1799.61028,1780700399999
1780700400000,61584.49,61776.0,60518.0,61056.47,1211.55891,1780703999999
1780704000000,61056.47,61530.05,61045.01,61273.29,769.28059,1780707599999
1780707600000,61273.29,61380.0,60954.36,61058.95,701.07746,1780711199999
1780711200000,61058.95,61176.0,60678.0,60951.64,778.33004,1780714799999
1780714800000,60951.63,60966.86,60520.0,60687.04,696.39105,1780718399999
1780718400000,60687.05,60866.0,59500.0,60101.27,2161.93035,1780721999999
1780722000000,60101.28,61062.0,59621.22,60942.38,2141.23088,1780725599999
1780725600000,60942.37,61276.95,60681.0,60786.96,2095.10137,1780729199999
1780729200000,60786.96,61229.17,60733.14,61004.95,664.31126,1780732799999
1780732800000,61004.95,61500.0,60884.0,61264.0,724.69988,1780736399999
1780736400000,61264.0,61322.0,60875.55,60981.24,580.05282,1780739999999
1780740000000,60981.24,60981.24,60198.0,60593.0,1404.76206,1780743599999
1780743600000,60593.0,60968.0,60552.95,60802.91,764.0429,1780747199999
1780747200000,60802.9,61185.26,60641.2,61030.63,669.86406,1780750799999
1780750800000,61030.63,61100.0,60701.41,60801.2,565.41708,1780754399999
1780754400000,60801.2,61016.0,60768.0,60791.05,409.85585,1780757999999
1780758000000,60791.06,60929.2,60396.0,60784.0,646.3582,1780761599999
1780761600000,60784.01,60971.24,60466.56,60774.0,524.00441,1780765199999
1780765200000,60774.0,60844.0,60501.0,60576.2,599.85374,1780768799999
1780768800000,60576.19,60754.74,60393.96,60637.21,975.00187,1780772399999
1780772400000,60637.2,60786.0,60536.0,60600.01,348.13504,1780775999999
1780776000000,60600.0,60756.0,60522.0,60711.69,328.01265,1780779599999
1780779600000,60711.69,61000.0,60707.93,60751.21,311.33205,1780783199999
1780783200000,60751.22,60818.0,60429.09,60543.53,374.15284,1780786799999
1780786800000,60543.52,60942.75,60543.52,60884.62,562.39032,1780790399999
1780790400000,60884.62,60987.99,60746.0,60782.01,680.4546,1780793999999
1780794000000,60782.0,61664.13,60758.0,61479.75,1285.5692,1780797599999
1780797600000,61479.75,61568.0,61184.0,61506.74,523.36778,1780801199999
1780801200000,61506.73,61778.33,61416.1,61701.07,469.79753,1780804799999
1780804800000,61701.06,61907.07,61482.46,61890.92,486.27163,1780808399999
1780808400000,61890.92,62159.0,61647.0,61748.1,1139.66042,1780811999999
1780812000000,61748.11,62272.0,61619.4,62101.0,1749.1221,1780815599999
1780815600000,62101.01,62416.26,61983.46,62404.73,1528.1498,1780819199999
1780819200000,62404.72,62960.0,62259.37,62855.01,2005.84536,1780822799999
1780822800000,62855.0,62900.0,62374.63,62530.0,1248.753,1780826399999
1780826400000,62530.0,62570.31,62298.39,62370.52,674.16526,1780829999999
1780830000000,62370.53,62754.45,62359.44,62621.96,794.29873,1780833599999
1780833600000,62621.97,62643.97,61577.12,61900.67,1957.0674,1780837199999
1780837200000,61900.66,61907.64,61649.12,61700.13,1146.18923,1780840799999
1780840800000,61700.14,62312.67,61696.98,61905.49,923.54392,1780844399999
1780844400000,61905.49,62219.92,61674.51,62093.99,527.33835,1780847999999
1780848000000,62093.99,62332.0,61966.0,62083.64,482.9603,1780851599999
1780851600000,62083.64,62330.0,62046.62,62160.01,573.97699,1780855199999
1780855200000,62160.01,62296.0,62022.0,62030.14,373.61361,1780858799999
1780858800000,62030.15,62036.78,61184.0,61328.0,1046.65633,1780862399999
1780862400000,61327.99,61962.47,61217.17,61878.01,569.10903,1780865999999
1780866000000,61878.0,62017.71,61652.01,61778.41,374.19369,1780869599999
1780869600000,61778.42,64234.68,61728.11,62865.87,4892.75492,1780873199999
1780873200000,62865.87,63444.11,62803.42,63332.01,1159.24525,1780876799999
1780876800000,63332.01,63863.06,63138.37,63631.42,1255.61981,1780880399999
1780880400000,63631.43,63643.99,62720.86,63211.41,1129.10442,1780883999999
1780884000000,63211.41,63260.0,62918.0,63129.93,502.88284,1780887599999
1780887600000,63129.94,63458.0,62978.36,63130.12,427.85473,1780891199999
1780891200000,63130.12,63171.1,62657.07,62684.61,553.63898,1780894799999
1780894800000,62684.61,62825.27,62408.0,62764.0,674.10723,1780898399999
1780898400000,62763.99,63144.0,62734.0,62988.03,629.53051,1780901999999
1780902000000,62988.58,63350.0,62812.0,63283.99,976.9078,1780905599999
1780905600000,63284.0,63284.0,62992.01,63132.83,490.75057,1780909199999
1780909200000,63132.84,63577.86,63128.47,63502.0,706.93226,1780912799999
1780912800000,63501.99,63568.19,63096.88,63172.3,982.6729,1780916399999
1780916400000,63172.3,63873.08,63058.0,63479.61,1572.11873,1780919999999
1780920000000,63479.62,63933.18,62718.3,63872.0,2589.09295,1780923599999
1780923600000,63872.0,63943.56,63362.1,63758.0,1304.57724,1780927199999
1780927200000,63758.0,64077.57,63560.68,63964.08,1937.84618,1780930799999
1780930800000,63964.07,64200.0,63711.0,63774.48,2295.29096,1780934399999
1780934400000,63774.48,64046.86,63472.0,63532.01,873.93622,1780937999999
1780938000000,63532.01,63646.0,63268.01,63550.0,1044.76064,1780941599999
1780941600000,63549.99,63690.0,63339.98,63466.83,414.77155,1780945199999
1780945200000,63466.83,63596.0,63356.0,63372.01,379.67287,1780948799999
1780948800000,63372.01,63485.49,63160.31,63485.49,793.95609,1780952399999
1780952400000,63485.49,63850.0,63483.41,63728.96,413.19539,1780955999999
1780956000000,63728.96,63728.96,63210.0,63440.01,571.04903,1780959599999
1780959600000,63440.0,63594.0,62978.66,63085.99,533.11634,1780963199999
1780963200000,63086.0,63184.0,62423.07,62562.0,1868.43384,1780966799999
1780966800000,62562.0,62879.1,62546.62,62764.01,752.22836,1780970399999
1780970400000,62764.0,62874.0,62544.11,62868.0,357.79841,1780973999999
1780974000000,62867.99,62979.94,62702.0,62875.17,780.82683,1780977599999
1780977600000,62875.18,63424.0,62748.0,63242.36,1115.32376,1780981199999
1780981200000,63242.36,63526.01,63120.24,63338.68,946.88593,1780984799999
1780984800000,63338.69,63506.0,63230.0,63300.0,975.96129,1780988399999
1780988400000,63300.0,63443.6,63012.0,63198.44,669.83742,1780991999999
1780992000000,63198.44,63208.86,62769.52,62849.75,844.01531,1780995599999
1780995600000,62849.75,62944.43,62590.0,62715.37,709.2584,1780999199999
1780999200000,62715.37,62835.37,62596.0,62786.01,503.06926,1781002799999
1781002800000,62786.0,62818.0,62498.75,62711.12,472.29218,1781006399999
1781006400000,62711.12,62895.18,62421.24,62645.15,693.6037,1781009999999
1781010000000,62645.14,62738.0,62140.0,62273.61,1172.01624,1781013599999
1781013600000,62273.62,62395.01,61148.07,61541.95,2741.42922,1781017199999
1781017200000,61541.95,61706.86,61037.0,61131.84,1576.3984,1781020799999
1781020800000,61131.85,61484.67,60780.0,61390.51,2117.17514,1781024399999
1781024400000,61390.51,61889.0,61390.51,61692.01,925.52892,1781027999999
1781028000000,61692.01,61964.0,61602.0,61792.01,528.51144,1781031599999
1781031600000,61792.0,62103.39,61722.0,62098.09,436.3094,1781035199999
1781035200000,62098.09,62272.0,61954.39,62160.0,406.81988,1781038799999
1781038800000,62159.99,62176.86,61698.0,61761.2,425.20913,1781042399999
1781042400000,61761.21,61976.0,61666.66,61717.5,276.69194,1781045999999
1781046000000,61717.5,61878.0,61556.0,61730.0,340.59519,1781049599999
1781049600000,61730.0,61930.0,61440.0,61923.16,538.2675,1781053199999
1781053200000,61923.16,61974.7,61590.0,61714.0,336.41204,1781056799999
1781056800000,61714.0,61837.67,61235.29,61302.36,512.06602,1781060399999
1781060400000,61302.37,61594.0,61286.0,61549.64,334.76343,1781063999999
1781064000000,61549.64,61560.0,61182.65,61295.99,306.03442,1781067599999
1781067600000,61296.0,61400.01,61080.0,61361.17,464.90737,1781071199999
1781071200000,61361.17,61521.99,61145.5,61472.89,511.66925,1781074799999
1781074800000,61472.89,61813.34,61440.0,61687.56,937.80783,1781078399999
1781078400000,61687.56,61736.0,61168.0,61261.55,739.92297,1781081999999
1781082000000,61261.56,61421.46,60755.0,61334.94,906.84186,1781085599999
1781085600000,61334.95,61456.0,61151.4,61386.09,340.43647,1781089199999
1781089200000,61386.09,61430.0,60867.19,61034.04,826.04256,1781092799999
1781092800000,61034.04,61950.0,60960.0,61564.01,1340.16125,1781096399999
1781096400000,61564.0,62446.0,61444.87,62146.42,1199.64944,1781099999999
1781100000000,62146.43,62258.01,61814.79,62195.99,902.47236,1781103599999
1781103600000,62195.99,62857.99,61852.0,62639.23,1341.51604,1781107199999
1781107200000,62639.23,62646.0,61930.0,62219.33,748.11357,1781110799999
1781110800000,62219.33,62360.0,61654.54,61969.99,885.28682,1781114399999
1781114400000,61969.99,62162.9,61588.8,61882.0,641.1773,1781117999999
1781118000000,61881.99,62062.98,61673.79,61942.44,400.79146,1781121599999
1781121600000,61942.45,61949.21,61688.0,61805.51,307.34434,1781125199999
1781125200000,61805.5,61805.51,61179.19,61356.18,571.34637,1781128799999
1781128800000,61356.18,61574.0,61104.24,61381.46,578.03926,1781132399999
1781132400000,61381.46,61604.0,61166.0,61510.99,327.64659,1781135999999
1781136000000,61510.99,61974.7,61510.99,61812.0,597.44488,1781139599999
1781139600000,61812.0,62378.0,61812.0,62206.01,839.43174,1781143199999
1781143200000,62206.01,62304.0,61944.19,62148.0,429.18601,1781146799999
1781146800000,62148.01,62848.0,62012.0,62689.48,986.08995,1781150399999
1781150400000,62689.47,62854.0,62546.34,62726.86,589.32674,1781153999999
1781154000000,62726.85,62726.86,62556.84,62610.0,295.46093,1781157599999
1781157600000,62610.0,62997.53,62544.89,62772.0,1198.75098,1781161199999
1781161200000,62772.01,62842.92,62612.01,62719.39,399.47563,1781164799999
1781164800000,62719.39,63050.0,62719.38,62957.99,546.92925,1781168399999
1781168400000,62958.0,62989.97,62790.0,62927.49,401.22464,1781171999999
1781172000000,62927.49,63214.97,62789.62,63148.0,666.36315,1781175599999
1781175600000,63148.0,63257.21,63040.01,63108.0,563.58106,1781179199999
1781179200000,63108.01,63190.0,62500.0,63010.01,1835.01045,1781182799999
1781182800000,63010.0,63239.43,62677.84,63077.57,1087.23984,1781186399999
1781186400000,63077.71,63100.0,62732.6,62734.02,782.87001,1781189999999
1781190000000,62734.02,62887.88,62518.1,62749.44,633.18968,1781193599999
1781193600000,62749.44,62842.0,62548.79,62582.45,564.46406,1781197199999
1781197200000,62582.45,63655.83,62348.0,63644.19,1821.97042,1781200799999
1781200800000,63644.18,63788.0,63324.35,63461.12,793.20489,1781204399999
1781204400000,63461.12,63933.02,63390.0,63605.68,946.18552,1781207999999
1781208000000,63605.69,63663.4,63270.0,63393.67,556.54606,1781211599999
1781211600000,63393.67,63599.99,63393.66,63519.99,269.29173,1781215199999
1781215200000,63519.99,63670.0,63462.0,63500.01,226.24918,1781218799999
1781218800000,63500.0,63700.0,63362.0,63625.99,351.45962,1781222399999
1781222400000,63626.0,63810.01,63520.86,63648.8,1229.6005,1781225999999
1781226000000,63648.8,63648.8,63301.53,63426.2,745.50942,1781229599999
1781229600000,63426.21,63779.11,63426.2,63624.07,398.45121,1781233199999
1781233200000,63624.07,63649.99,63357.7,63524.82,280.54894,1781236799999
1781236800000,63524.81,63863.98,63426.48,63700.0,742.01132,1781240399999
1781240400000,63700.0,63721.31,63310.0,63358.2,603.70673,1781243999999
1781244000000,63358.2,63411.5,62829.81,62980.45,1027.41759,1781247599999
1781247600000,62980.46,63211.74,62956.0,63100.8,852.55681,1781251199999
1781251200000,63100.8,63615.84,63100.8,63470.81,600.81984,1781254799999
1781254800000,63470.81,63953.84,63438.0,63752.93,524.52211,1781258399999
1781258400000,63752.93,63852.0,63588.34,63702.01,872.53513,1781261999999
1781262000000,63702.01,63884.49,63684.44,63766.01,380.80932,1781265599999
1781265600000,63766.01,63775.0,63378.0,63465.51,515.59574,1781269199999
1781269200000,63465.52,63532.59,63045.29,63229.1,851.49099,1781272799999
1781272800000,63229.1,64000.0,63190.0,63999.99,1065.08825,1781276399999
1781276400000,63999.99,64394.44,63551.9,63593.02,1669.96199,1781279999999
1781280000000,63593.02,63996.0,63510.16,63982.48,776.01025,1781283599999
1781283600000,63982.48,64111.1,63745.99,63865.44,456.29271,1781287199999
1781287200000,63865.45,63934.34,63686.0,63694.0,561.84193,1781290799999
1781290800000,63694.01,63830.93,63589.27,63589.27,462.65176,1781294399999
1781294400000,63589.28,63696.41,63400.0,63449.0,328.72463,1781297999999
1781298000000,63449.01,63624.62,63440.01,63472.0,330.50626,1781301599999
1781301600000,63471.99,63658.0,63471.99,63502.0,711.15075,1781305199999
1781305200000,63502.0,63580.01,63426.83,63580.01,409.24822,1781308799999
1781308800000,63580.0,63652.11,63507.39,63600.01,578.94188,1781312399999
1781312400000,63600.01,63840.0,63600.01,63837.89,509.63359,1781315999999
1781316000000,63837.88,63837.89,63558.0,63646.01,450.79285,1781319599999
1781319600000,63646.01,63720.88,63418.66,63532.0,268.55023,1781323199999
1781323200000,63532.0,63663.91,63484.0,63512.01,144.15296,1781326799999
1781326800000,63512.01,63596.0,63493.16,63584.03,658.62782,1781330399999
1781330400000,63584.03,63740.0,63550.51,63735.74,299.54013,1781333999999
1781334000000,63736.0,63883.47,63674.98,63846.0,436.97737,1781337599999
1781337600000,63845.99,63910.0,63766.18,63806.0,227.43934,1781341199999
1781341200000,63806.0,63867.65,63742.57,63743.12,301.95833,1781344799999
1781344800000,63743.13,63908.48,63726.57,63843.01,188.76787,1781348399999
1781348400000,63843.01,63984.53,63843.01,63971.28,479.05156,1781351999999
1781352000000,63971.28,64214.0,63921.33,64133.12,878.04841,1781355599999
1781355600000,64133.12,64245.88,64060.0,64102.69,499.73169,1781359199999
1781359200000,64102.61,64233.73,64090.09,64220.97,206.46033,1781362799999
1781362800000,64220.96,64350.0,64186.97,64296.15,584.92205,1781366399999
1781366400000,64296.15,64307.52,63920.05,64029.17,720.7481,1781369999999
1781370000000,64029.17,64120.0,63944.0,63971.19,301.75645,1781373599999
1781373600000,63971.2,64282.19,63971.19,64161.46,278.72154,1781377199999
1781377200000,64161.46,64333.62,64152.0,64296.59,308.7181,1781380799999
1781380800000,64296.59,64296.6,64226.83,64278.31,179.3189,1781384399999
1781384400000,64278.31,64762.77,64226.38,64471.04,552.39519,1781387999999
1781388000000,64471.04,64556.0,64383.61,64456.47,316.2712,1781391599999
1781391600000,64456.46,64596.99,64382.42,64458.01,589.21574,1781395199999
1781395200000,64458.01,64579.03,64380.7,64565.0,595.05205,1781398799999
1781398800000,64565.01,64710.0,64507.25,64563.0,821.19702,1781402399999
1781402400000,64563.0,64636.0,64476.01,64490.01,260.23317,1781405999999
1781406000000,64490.01,64545.4,64466.0,64545.3,155.67419,1781409599999
1781409600000,64545.3,64563.48,64325.61,64339.07,253.74802,1781413199999
1781413200000,64339.07,64411.2,64293.41,64338.0,429.46847,1781416799999
1781416800000,64338.0,64487.8,64232.12,64286.1,839.75348,1781420399999
1781420400000,64286.1,64445.95,64214.0,64429.39,256.82492,1781423999999
1781424000000,64429.39,64513.82,64392.0,64456.33,192.66954,1781427599999
1781427600000,64456.33,64617.99,64321.18,64616.0,237.3813,1781431199999
1781431200000,64616.0,64664.0,64498.01,64521.13,184.13016,1781434799999
1781434800000,64521.13,64641.9,64460.0,64546.0,228.11339,1781438399999
1781438400000,64546.01,64560.66,64295.06,64327.53,334.09454,1781441999999
1781442000000,64327.54,64398.14,64244.0,64317.99,308.61157,1781445599999
1781445600000,64318.0,64341.43,63866.66,63983.55,781.47067,1781449199999
1781449200000,63983.56,64153.75,63980.35,64025.07,366.74561,1781452799999
1781452800000,64025.06,64208.92,63936.0,63942.63,256.58722,1781456399999
1781456400000,63942.63,64019.38,63694.11,63732.64,617.57994,1781459999999
1781460000000,63732.65,63813.3,63678.83,63813.3,258.88821,1781463599999
1781463600000,63813.3,63861.86,63734.71,63802.0,107.594,1781467199999
1781467200000,63801.99,64092.4,63794.09,64008.64,243.2036,1781470799999
1781470800000,64008.64,65666.0,64007.24,65311.59,2955.01268,1781474399999
1781474400000,65311.59,65580.0,64946.12,65426.78,1554.15469,1781477999999
1781478000000,65426.78,65800.0,65256.21,65746.45,964.84531,1781481599999
1781481600000,65746.45,65923.0,65480.69,65625.99,1043.52596,1781485199999
1781485200000,65626.0,65734.87,65354.0,65525.0,855.38843,1781488799999
1781488800000,65525.01,65775.15,65415.02,65472.01,587.73145,1781492399999
1781492400000,65472.01,65995.0,65422.83,65927.1,767.65798,1781495999999
1781496000000,65927.11,65927.11,65633.28,65644.01,564.25779,1781499599999
1781499600000,65644.0,65872.0,65611.01,65858.01,477.26671,1781503199999
1781503200000,65858.0,65967.27,65775.45,65812.01,365.24859,1781506799999
1781506800000,65812.01,66000.0,65628.45,65674.76,574.31747,1781510399999
1781510400000,65674.76,65800.0,65620.0,65662.01,363.0048,1781513999999
1781514000000,65662.0,65779.5,65512.0,65596.86,344.30264,1781517599999
1781517600000,65596.86,65973.15,65584.37,65917.37,544.78922,1781521199999
1781521200000,65917.37,66385.12,65832.78,66233.9,1293.72734,1781524799999
1781524800000,66233.89,66600.91,66106.0,66563.49,987.26981,1781528399999
1781528400000,66563.48,66949.22,66412.0,66447.05,1919.26303,1781531999999
1781532000000,66447.06,66675.83,66251.58,66591.55,940.8464,1781535599999
1781535600000,66591.54,67292.15,66580.42,67292.14,1466.9579,1781539199999
1781539200000,67292.15,67292.15,67088.83,67157.99,1096.95936,1781542799999
1781542800000,67158.0,67158.0,66585.26,66851.79,1340.24388,1781546399999
1781546400000,66851.8,66933.86,66715.61,66766.12,590.69175,1781549999999
1781550000000,66766.13,66889.85,66348.0,66614.35,780.39583,1781553599999
1781553600000,66615.98,66681.3,66489.86,66519.98,339.47285,1781557199999
1781557200000,66519.99,66567.38,66314.34,66368.15,347.81382,1781560799999
1781560800000,66368.15,66476.64,66076.56,66206.34,520.15584,1781564399999
1781564400000,66206.34,66368.0,66116.59,66328.74,448.51217,1781567999999
1781568000000,66328.74,66463.26,66242.0,66250.0,457.62239,1781571599999
1781571600000,66250.0,66418.01,66248.93,66346.52,456.63949,1781575199999
1781575200000,66346.51,66367.69,65678.14,65741.99,964.73227,1781578799999
1781578800000,65742.0,66166.61,65650.0,66165.21,802.10485,1781582399999
1781582400000,66165.21,66301.83,65802.0,65840.09,694.50218,1781585999999
1781586000000,65840.1,66150.22,65840.09,66045.0,739.41945,1781589599999
1781589600000,66044.99,66572.99,66044.99,66446.0,556.56171,1781593199999
1781593200000,66446.01,66527.23,66300.1,66372.0,385.79165,1781596799999
1781596800000,66372.0,66992.0,66345.06,66899.61,688.96018,1781600399999
1781600400000,66899.61,66923.99,66474.74,66510.0,600.75927,1781603999999
1781604000000,66510.01,66778.0,66486.38,66514.0,387.22813,1781607599999
1781607600000,66514.01,66643.23,66368.36,66481.73,467.239,1781611199999
1781611200000,66481.73,66818.0,66368.0,66429.83,562.31913,1781614799999
1781614800000,66429.84,66463.13,65928.16,66052.0,1347.85119,1781618399999
1781618400000,66052.01,66265.8,65360.92,65654.9,1491.76291,1781621999999
1781622000000,65654.9,65999.78,65614.3,65859.76,788.81576,1781625599999
1781625600000,65859.76,65953.97,65706.0,65758.07,338.72091,1781629199999
1781629200000,65758.07,66011.47,65710.34,65978.79,383.38742,1781632799999
1781632800000,65978.78,66248.69,65802.0,65847.99,522.72648,1781636399999
1781636400000,65848.0,65848.0,65560.0,65675.88,617.37667,1781639999999
1781640000000,65675.89,65865.92,65592.0,65854.0,261.11445,1781643599999
1781643600000,65854.0,65938.0,65654.9,65776.97,351.42219,1781647199999
1781647200000,65776.97,65882.0,65680.0,65780.0,228.62751,1781650799999
1781650800000,65780.01,65834.19,65626.9,65675.01,206.37282,1781654399999
1781654400000,65675.02,65848.0,65675.02,65700.0,332.30374,1781657999999
1781658000000,65700.0,65956.56,65477.5,65940.0,549.42502,1781661599999
1781661600000,65940.0,66200.0,65788.0,65904.0,974.93815,1781665199999
1781665200000,65903.99,65904.0,65703.45,65851.99,563.57309,1781668799999
1781668800000,65852.0,66048.19,65788.31,65892.0,473.33682,1781672399999
1781672400000,65892.01,65978.0,65746.51,65836.3,536.04504,1781675999999
1781676000000,65836.3,65896.45,65582.63,65624.0,378.80773,1781679599999
1781679600000,65624.01,65710.0,65251.0,65539.5,697.28548,1781683199999
1781683200000,65539.51,65574.0,64833.07,64926.02,992.25057,1781686799999
1781686800000,64926.02,65076.76,64842.01,64909.44,859.97592,1781690399999
1781690400000,64909.44,64993.97,64768.0,64798.0,597.7384,1781693999999
1781694000000,64798.0,64868.21,64565.0,64810.01,641.24645,1781697599999
1781697600000,64810.01,65108.0,64590.53,65040.88,557.73466,1781701199999
1781701200000,65040.88,65369.53,64850.0,65278.0,961.56723,1781704799999
1781704800000,65278.0,65461.38,64772.72,65101.45,799.61288,1781708399999
1781708400000,65101.45,65855.66,64987.74,65752.0,1172.17515,1781711999999
1781712000000,65751.99,66445.93,65722.0,65864.12,1421.90632,1781715599999
1781715600000,65864.13,66191.98,65800.0,66104.08,377.59846,1781719199999
1781719200000,66107.99,66107.99,64800.0,65516.0,2242.57142,1781722799999
1781722800000,65516.0,65666.0,63998.35,64301.85,2173.5643,1781726399999
1781726400000,64301.85,64488.96,64181.33,64434.36,504.85432,1781729999999
1781730000000,64434.36,64452.0,64142.0,64257.77,458.08471,1781733599999
1781733600000,64257.77,64434.84,63915.77,64300.01,492.23769,1781737199999
1781737200000,64300.01,64529.2,64248.0,64509.4,289.82054,1781740799999
1781740800000,64509.4,64702.0,64457.67,64468.01,396.7915,1781744399999
1781744400000,64468.01,64806.0,64466.3,64548.74,382.95414,1781747999999
1781748000000,64548.75,64776.66,64488.0,64689.5,323.93999,1781751599999
1781751600000,64689.5,64689.5,64267.86,64282.82,548.57792,1781755199999
1781755200000,64282.82,64347.09,63826.93,63883.41,831.20199,1781758799999
1781758800000,63883.26,64020.0,63696.29,63994.0,597.91477,1781762399999
1781762400000,63994.0,64134.33,63850.0,64083.41,767.55142,1781765999999
1781766000000,64084.0,64510.5,64015.42,64510.44,524.85633,1781769599999
1781769600000,64510.45,64646.75,64378.25,64399.92,714.20438,1781773199999
1781773200000,64399.93,64478.0,64196.14,64199.53,300.31875,1781776799999
1781776800000,64199.53,64223.79,63910.0,64078.61,445.57306,1781780399999
1781780400000,64078.61,64196.0,63878.14,63974.4,378.00473,1781783999999
1781784000000,63974.4,64402.01,63922.0,64378.07,417.60478,1781787599999
1781787600000,64378.06,64445.19,63800.0,63984.0,984.80789,1781791199999
1781791200000,63983.99,64203.66,63587.3,63816.61,998.41474,1781794799999
1781794800000,63816.61,63825.99,62293.76,62369.44,2793.66043,1781798399999
1781798400000,62369.43,62814.0,62349.42,62688.0,1271.71361,1781801999999
1781802000000,62688.0,62750.0,62272.07,62606.0,1003.68212,1781805599999
1781805600000,62606.0,62959.75,62580.01,62708.92,727.06223,1781809199999
1781809200000,62708.93,63008.33,62636.0,62950.79,577.63764,1781812799999
1781812800000,62950.79,63274.19,62950.79,63086.0,684.93429,1781816399999
1781816400000,63086.0,63121.81,62870.39,62971.32,466.34172,1781819999999
1781820000000,62971.32,62990.0,62742.0,62885.85,290.36064,1781823599999
1781823600000,62885.84,62985.12,62756.6,62958.01,507.48754,1781827199999
1781827200000,62958.01,63086.0,62840.0,63020.0,786.22825,1781830799999
1781830800000,63020.0,63100.0,62852.01,63021.86,542.43308,1781834399999
1781834400000,63021.86,63110.29,62893.71,63006.0,304.818,1781837999999
1781838000000,63006.01,63029.64,62386.9,62773.51,835.4402,1781841599999
1781841600000,62773.52,62916.66,62409.55,62452.01,390.96231,1781845199999
1781845200000,62452.01,62744.92,62452.0,62739.2,361.83315,1781848799999
1781848800000,62739.2,62914.73,62728.0,62894.08,252.94439,1781852399999
1781852400000,62894.09,62917.32,62504.27,62629.99,636.21109,1781855999999
1781856000000,62630.0,62782.0,62533.33,62603.99,431.84041,1781859599999
1781859600000,62604.0,62654.0,62316.44,62390.0,921.6732,1781863199999
1781863200000,62390.01,62587.27,62383.76,62533.25,761.99981,1781866799999
1781866800000,62533.24,62684.0,62452.52,62626.0,1001.15104,1781870399999
1781870400000,62626.0,62872.99,62353.0,62830.01,630.52118,1781873999999
1781874000000,62830.01,63415.0,62666.0,63210.0,1078.35943,1781877599999
1781877600000,63210.0,63419.27,63010.0,63203.53,665.42698,1781881199999
1781881200000,63203.54,63283.86,63019.26,63214.01,527.206,1781884799999
1781884800000,63214.01,63387.8,62918.98,62971.99,1021.4111,1781888399999
1781888400000,62972.0,63263.49,62866.99,63198.01,840.75861,1781891999999
1781892000000,63198.0,63201.95,62991.37,63110.01,341.96414,1781895599999
1781895600000,63110.01,63140.0,62942.0,63021.6,283.46164,1781899199999
1781899200000,63021.6,63274.0,62958.59,63250.01,217.92541,1781902799999
1781902800000,63250.01,63275.64,63060.0,63075.98,181.69443,1781906399999
1781906400000,63075.99,63369.48,63048.0,63315.28,541.93138,1781909999999
1781910000000,63315.29,63666.0,63276.0,63543.91,689.22877,1781913599999
1781913600000,63543.9,63777.0,63470.0,63530.01,640.14667,1781917199999
1781917200000,63530.01,63616.23,63404.0,63586.28,348.64849,1781920799999
1781920800000,63586.27,63586.27,63336.01,63340.57,358.87789,1781924399999
1781924400000,63340.58,63510.0,63320.14,63476.79,268.88477,1781927999999
1781928000000,63476.79,63613.59,63402.0,63583.53,228.62975,1781931599999
1781931600000,63583.53,63907.07,63543.46,63678.07,477.24749,1781935199999
1781935200000,63678.07,63761.99,63640.36,63744.61,191.88822,1781938799999
1781938800000,63744.61,63800.0,63594.37,63655.21,448.4829,1781942399999
1781942400000,63655.21,63664.39,63392.41,63417.97,547.04803,1781945999999
1781946000000,63417.98,63787.74,63417.98,63741.16,349.02093,1781949599999
1781949600000,63741.16,63777.5,63592.44,63674.7,270.1692,1781953199999
1781953200000,63674.71,63798.76,63620.74,63688.0,315.13807,1781956799999
1781956800000,63688.0,63785.76,63537.99,63655.09,292.10361,1781960399999
1781960400000,63655.1,63655.1,63278.0,63397.78,412.69589,1781963999999
1781964000000,63397.77,64150.0,63184.21,63949.9,1101.98952,1781967599999
1781967600000,63949.9,64388.0,63836.0,64160.04,916.57166,1781971199999
1781971200000,64160.04,64167.26,63902.58,64034.31,403.42996,1781974799999
1781974800000,64034.31,64041.07,63730.21,63834.7,482.18112,1781978399999
1781978400000,63834.7,63928.4,63788.0,63805.89,119.99479,1781981999999
1781982000000,63805.9,63968.0,63798.0,63936.0,173.41555,1781985599999
1781985600000,63935.99,63981.09,63853.31,63925.99,210.00109,1781989199999
1781989200000,63926.0,64092.91,63918.29,64012.4,272.00511,1781992799999
1781992800000,64012.39,64350.0,63978.12,64272.01,446.43904,1781996399999
1781996400000,64272.0,64336.91,64250.02,64298.01,247.09349,1781999999999
1782000000000,64298.01,64322.91,64237.31,64294.0,425.19081,1782003599999
1782003600000,64294.0,64323.68,64206.17,64248.0,486.06931,1782007199999
1782007200000,64248.0,64275.12,64216.05,64241.25,230.0633,1782010799999
1782010800000,64241.26,64472.99,64234.0,64426.0,409.22163,1782014399999
1782014400000,64426.0,64588.0,64269.45,64276.12,379.39058,1782017999999
1782018000000,64276.12,64365.43,64225.6,64256.55,166.55047,1782021599999
1782021600000,64256.56,64323.99,64200.0,64303.46,142.55901,1782025199999
1782025200000,64303.47,64303.47,64173.08,64191.07,302.97907,1782028799999
1782028800000,64191.06,64228.0,63900.17,64014.0,328.07237,1782032399999
1782032400000,64014.0,64246.0,63961.28,64209.16,221.03822,1782035999999
1782036000000,64209.16,64408.0,64204.0,64365.99,286.23088,1782039599999
1782039600000,64366.0,64483.95,64112.01,64176.0,438.27788,1782043199999
1782043200000,64176.0,64235.13,63952.0,64200.0,359.32606,1782046799999
1782046800000,64200.0,64200.0,64020.01,64146.0,161.65202,1782050399999
1782050400000,64146.0,64154.0,64004.0,64145.97,189.32902,1782053999999
1782054000000,64145.97,64355.88,64120.0,64224.0,390.79222,1782057599999
1782057600000,64224.0,64254.38,64046.0,64145.31,236.79134,1782061199999
1782061200000,64145.32,64221.44,64080.0,64151.46,205.04149,1782064799999
1782064800000,64151.47,64240.0,63933.47,64213.81,270.92869,1782068399999
1782068400000,64213.82,64298.84,64168.73,64207.12,189.28721,1782071999999
1782072000000,64207.13,64271.21,63700.0,63848.0,420.72845,1782075599999
1782075600000,63848.0,63969.59,63510.0,63808.01,752.88497,1782079199999
1782079200000,63808.0,63864.0,63575.04,63801.59,437.50041,1782082799999
1782082800000,63801.6,63801.6,63270.0,63311.99,604.75792,1782086399999
1782086400000,63312.0,64094.0,63312.0,63896.01,709.82748,1782089999999
1782090000000,63896.0,64823.52,63850.8,64606.0,1331.90666,1782093599999
1782093600000,64606.0,64663.99,64250.0,64257.99,370.38632,1782097199999
1782097200000,64258.0,64459.44,63894.98,63974.01,796.48727,1782100799999
1782100800000,63974.01,64116.44,63868.41,64100.02,327.45142,1782104399999
1782104400000,64100.01,64344.17,64088.64,64247.74,1091.63692,1782107999999
1782108000000,64247.74,64326.0,63946.0,63989.95,416.9007,1782111599999
1782111600000,63989.96,64397.57,63968.23,64211.19,352.4108,1782115199999
1782115200000,64211.2,64350.58,64044.0,64165.99,368.11506,1782118799999
1782118800000,64166.0,64256.2,64052.17,64145.39,200.06309,1782122399999
1782122400000,64145.4,64272.0,64065.18,64139.21,240.0862,1782125999999
1782126000000,64139.21,64768.46,64097.08,64657.22,1063.60877,1782129599999
1782129600000,64657.22,65222.45,64579.08,65149.57,1156.05989,1782133199999
1782133200000,65149.58,65589.76,64945.53,65578.0,1368.64481,1782136799999
1782136800000,65577.99,65622.83,64835.0,64980.39,1096.28772,1782140399999
1782140400000,64980.39,65146.0,64757.11,64836.95,593.12998,1782143999999
1782144000000,64836.95,64862.0,64519.0,64719.77,680.43904,1782147599999
1782147600000,64719.77,64769.98,64388.16,64602.0,523.74444,1782151199999
1782151200000,64602.0,64730.15,64311.0,64334.01,548.78709,1782154799999
1782154800000,64334.01,64499.28,64276.0,64472.0,579.92511,1782158399999
1782158400000,64472.51,64659.43,64356.95,64433.8,399.51938,1782161999999
1782162000000,64433.8,64480.0,64134.39,64320.57,263.4342,1782165599999
1782165600000,64320.57,64396.45,63804.59,63971.12,510.07647,1782169199999
1782169200000,63971.13,64053.33,63877.61,64020.01,434.17969,1782172799999
1782172800000,64020.01,64162.02,63828.93,64154.99,679.20038,1782176399999
1782176400000,64154.99,64273.09,63893.33,64156.0,540.18098,1782179999999
1782180000000,64156.0,64275.38,64042.01,64204.01,319.7542,1782183599999
1782183600000,64204.01,64204.01,63968.42,64065.35,236.76285,1782187199999
1782187200000,64065.34,64095.55,63612.62,63623.02,408.1299,1782190799999
1782190800000,63623.03,63728.0,63342.34,63400.0,850.99416,1782194399999
1782194400000,63400.0,63400.0,62568.9,62936.01,1620.65692,1782197999999
1782198000000,62936.01,63095.0,62872.0,62886.03,1074.96381,1782201599999
1782201600000,62886.04,62945.08,61938.0,62385.99,4988.90507,1782205199999
1782205200000,62386.0,62528.13,62350.44,62386.0,613.23414,1782208799999
1782208800000,62386.0,62586.0,62247.2,62328.01,387.47153,1782212399999
1782212400000,62328.01,62643.99,62328.0,62507.06,456.80185,1782215999999
1782216000000,62507.05,62558.0,62189.42,62256.6,873.94501,1782219599999
1782219600000,62256.61,62538.72,61960.0,62475.99,1294.09387,1782223199999
1782223200000,62476.0,62855.98,62406.25,62493.63,1302.27666,1782226799999
1782226800000,62493.63,62507.99,62198.0,62487.79,630.16435,1782230399999
1782230400000,62487.79,62846.0,62428.01,62558.0,728.22737,1782233999999
1782234000000,62558.0,62693.48,62327.95,62358.02,533.28034,1782237599999
1782237600000,62358.03,62445.21,62104.7,62241.99,492.79838,1782241199999
1782241200000,62242.0,62480.0,62230.0,62388.49,707.45732,1782244799999
1782244800000,62388.49,62531.27,62380.25,62470.7,373.02429,1782248399999
1782248400000,62470.7,62658.93,62470.7,62599.77,367.76027,1782251999999
1782252000000,62599.77,62779.82,62526.0,62590.0,430.92568,1782255599999
1782255600000,62590.0,62799.99,62480.39,62734.57,311.98359,1782259199999
1782259200000,62734.57,63024.4,62733.29,63014.0,799.18478,1782262799999
1782262800000,63014.0,63119.45,62772.15,62932.19,599.06927,1782266399999
1782266400000,62932.19,63013.12,62606.09,62630.0,593.50541,1782269999999
1782270000000,62630.01,62830.0,62461.87,62729.78,770.64134,1782273599999
1782273600000,62729.78,62799.62,62525.49,62744.42,650.06924,1782277199999
1782277200000,62744.41,63073.44,62706.0,62890.0,366.0273,1782280799999
1782280800000,62889.99,62909.98,62728.73,62780.0,219.5109,1782284399999
1782284400000,62780.01,62844.0,62610.11,62657.99,589.75592,1782287999999
1782288000000,62658.0,62807.46,62605.28,62800.0,475.30761,1782291599999
1782291600000,62800.0,62800.01,62637.08,62681.7,493.71643,1782295199999
1782295200000,62681.7,62681.7,62412.05,62445.99,530.71886,1782298799999
1782298800000,62445.99,63239.06,62318.88,62921.19,815.18681,1782302399999
1782302400000,62921.19,62973.2,62585.2,62618.31,517.25346,1782305999999
1782306000000,62618.31,62628.75,61255.74,61338.01,2775.24015,1782309599999
1782309600000,61338.0,61456.0,60888.0,61113.1,2839.40106,1782313199999
1782313200000,61113.1,61150.13,60249.82,60250.0,3237.99155,1782316799999
1782316800000,60250.0,60678.1,59622.0,59850.0,4274.39737,1782320399999
1782320400000,59850.0,60057.18,59102.7,59404.0,3790.1806,1782323999999
1782324000000,59404.0,59930.0,59310.85,59599.99,1583.51728,1782327599999
1782327600000,59600.0,60000.0,59530.0,59958.3,1195.52715,1782331199999
1782331200000,59958.3,61208.48,59854.0,60956.0,1821.39287,1782334799999
1782334800000,60956.0,61144.63,60665.75,61110.0,801.00882,1782338399999
1782338400000,61109.99,61276.0,60802.66,60873.99,523.65642,1782341999999
1782342000000,60874.0,61112.0,60830.01,61077.99,416.02483,1782345599999
1782345600000,61078.0,61163.16,60726.77,60832.0,766.62145,1782349199999
1782349200000,60832.0,60988.0,60720.23,60928.0,615.84376,1782352799999
1782352800000,60928.0,60966.0,60700.01,60799.08,580.03112,1782356399999
1782356400000,60799.08,60910.63,60684.94,60883.65,479.47033,1782359999999
1782360000000,60883.66,61410.0,60792.0,61357.63,536.03927,1782363599999
1782363600000,61357.63,61807.04,61280.0,61600.01,1223.4059,1782367199999
1782367200000,61600.02,61869.02,61600.01,61732.06,539.2877,1782370799999
1782370800000,61732.06,61962.4,61670.0,61911.04,937.71339,1782374399999
1782374400000,61911.03,61920.0,61684.87,61712.35,337.43778,1782377999999
1782378000000,61712.36,61792.0,61614.32,61739.29,327.48572,1782381599999
1782381600000,61739.29,61751.07,61257.79,61269.94,686.26895,1782385199999
1782385200000,61269.95,61422.52,61066.0,61282.01,605.95603,1782388799999
1782388800000,61282.0,61761.35,61080.0,61244.01,1124.99959,1782392399999
1782392400000,61244.01,61369.18,58115.01,58290.17,6396.00513,1782395999999
1782396000000,58291.7,60485.51,58291.7,59471.5,6002.27451,1782399599999
1782399600000,59471.49,59655.86,58874.85,59557.99,2456.01373,1782403199999
1782403200000,59557.99,60067.0,59157.63,59312.64,1765.10919,1782406799999
1782406800000,59312.64,59740.9,59139.96,59676.01,1062.87634,1782410399999
1782410400000,59676.0,59793.34,59364.0,59512.71,978.75101,1782413999999
1782414000000,59512.71,59516.0,59168.82,59320.0,917.28893,1782417599999
1782417600000,59319.99,59741.95,59319.99,59456.62,539.40098,1782421199999
1782421200000,59456.62,60273.81,59452.01,60211.87,617.22274,1782424799999
1782424800000,60211.86,60211.86,59740.0,59851.27,431.60976,1782428399999
1782428400000,59851.27,60191.55,59739.99,59794.0,458.89363,1782431999999
1782432000000,59794.64,59906.71,59642.77,59667.09,875.61527,1782435599999
1782435600000,59667.09,59789.07,59228.0,59431.5,833.71293,1782439199999
1782439200000,59431.49,59456.0,58358.77,58561.99,2633.6835,1782442799999
1782442800000,58562.0,60131.37,58337.0,60036.01,1886.07235,1782446399999
1782446400000,60036.0,60238.77,59836.17,59920.47,843.9784,1782449999999
1782450000000,59920.47,60047.68,59736.0,59953.3,883.13649,1782453599999
1782453600000,59953.3,60459.55,59702.0,60324.0,1504.97927,1782457199999
1782457200000,60324.0,60759.99,60283.08,60532.0,2153.07079,1782460799999
1782460800000,60532.0,60580.0,60150.56,60245.67,803.85464,1782464399999
1782464400000,60245.9,60259.37,59583.33,59736.01,832.22202,1782467999999
1782468000000,59736.01,59858.93,59239.78,59313.26,1050.97441,1782471599999
1782471600000,59313.26,59588.0,59259.78,59413.24,1048.3329,1782475199999
1782475200000,59413.24,60007.91,58969.9,59185.02,1710.35381,1782478799999
1782478800000,59185.02,60216.14,58500.1,60175.43,2730.33879,1782482399999
1782482400000,60175.42,60294.0,59390.0,59590.73,1745.27867,1782485999999
1782486000000,59590.73,60500.0,59584.01,60328.32,1582.87088,1782489599999
1782489600000,60328.18,60583.0,59970.0,60041.75,1128.46917,1782493199999
1782493200000,60041.76,60287.9,59952.0,60023.97,546.63522,1782496799999
1782496800000,60023.96,60158.0,59556.0,59668.01,504.21141,1782500399999
1782500400000,59668.01,60098.0,59617.37,59751.97,708.47753,1782503999999
1782504000000,59751.96,59994.0,59571.31,59718.0,454.05927,1782507599999
1782507600000,59717.99,60050.0,59678.0,59918.7,287.90036,1782511199999
1782511200000,59918.7,60080.0,59754.0,60048.0,335.92054,1782514799999
1782514800000,60048.0,60117.64,59923.27,60097.27,319.40861,1782518399999
1782518400000,60097.27,60197.0,59876.22,60059.07,360.77885,1782521999999
1782522000000,60059.09,60068.0,59936.07,59945.53,245.35114,1782525599999
1782525600000,59945.53,60378.23,59921.68,60290.01,695.38686,1782529199999
1782529200000,60290.01,60412.0,60159.91,60305.73,438.61125,1782532799999
1782532800000,60305.73,60482.0,60217.26,60239.99,303.30454,1782536399999
1782536400000,60240.0,60311.0,60136.0,60236.76,444.9193,1782539999999
1782540000000,60236.75,60500.0,60093.33,60370.62,581.81791,1782543599999
1782543600000,60370.63,60574.0,60300.0,60548.07,825.68653,1782547199999
1782547200000,60548.06,60548.74,60371.62,60456.0,470.55782,1782550799999
1782550800000,60456.0,60511.99,60289.55,60414.62,307.96541,1782554399999
1782554400000,60414.62,60487.31,60380.0,60420.28,137.8511,1782557999999
1782558000000,60420.28,60447.8,60198.94,60363.65,275.39332,1782561599999
1782561600000,60363.65,60430.01,60257.03,60430.0,349.0457,1782565199999
1782565200000,60430.0,60665.74,60394.0,60588.35,434.13389,1782568799999
1782568800000,60588.35,60728.0,60510.0,60611.5,306.64293,1782572399999
1782572400000,60611.49,60941.17,60570.0,60840.06,606.25294,1782575999999
1782576000000,60840.06,60855.03,60673.64,60807.99,239.6938,1782579599999
1782579600000,60808.0,60818.76,60413.15,60524.88,548.67896,1782583199999
1782583200000,60524.89,60576.03,60446.25,60570.86,229.00634,1782586799999
1782586800000,60570.86,60605.41,60085.88,60175.95,414.61342,1782590399999
1782590400000,60175.95,60306.0,60173.07,60300.0,220.12001,1782593999999
1782594000000,60300.0,60482.18,60142.0,60203.82,280.50282,1782597599999
1782597600000,60203.83,60256.56,59855.16,60228.95,377.17485,1782601199999
1782601200000,60228.96,60320.0,59952.0,60029.0,493.73947,1782604799999
1782604800000,60029.01,60190.0,60018.0,60146.0,462.24707,1782608399999
1782608400000,60146.0,60273.38,59986.0,60222.22,267.56528,1782611999999
1782612000000,60222.21,60339.99,60054.0,60150.45,403.64282,1782615599999
1782615600000,60150.46,60275.0,60150.45,60197.04,255.71231,1782619199999
1782619200000,60197.03,60231.83,60088.04,60133.0,191.50597,1782622799999
1782622800000,60133.01,60140.0,59753.48,59989.17,345.08439,1782626399999
1782626400000,59989.18,60030.0,59808.0,60002.82,217.95005,1782629999999
1782630000000,60002.82,60259.68,60000.0,60219.99,361.83587,1782633599999
1782633600000,60220.0,60545.01,60140.14,60370.0,491.6084,1782637199999
1782637200000,60370.01,60462.0,60250.81,60258.84,222.4062,1782640799999
1782640800000,60258.85,60292.48,60068.0,60166.71,181.18756,1782644399999
1782644400000,60166.71,60374.05,60100.0,60342.0,225.05378,1782647999999
1782648000000,60341.99,60457.02,60190.0,60293.51,212.9354,1782651599999
1782651600000,60293.5,60293.51,59963.86,60071.88,369.88204,1782655199999
1782655200000,60071.89,60250.0,60018.0,60033.0,318.13606,1782658799999
1782658800000,60033.01,60130.0,59817.28,59890.0,467.03244,1782662399999
1782662400000,59890.35,59943.9,59582.34,59690.62,567.70369,1782665999999
1782666000000,59690.62,59848.0,59403.77,59586.01,519.06441,1782669599999
1782669600000,59586.0,59700.0,59502.0,59614.46,272.01169,1782673199999
1782673200000,59614.46,59682.0,59270.26,59481.79,301.99561,1782676799999
1782676800000,59481.78,59765.9,59474.28,59660.0,227.14803,1782680399999
1782680400000,59660.0,59796.66,59333.33,59445.95,531.65984,1782683999999
1782684000000,59445.96,59906.0,58905.0,59067.01,983.67622,1782687599999
1782687600000,59067.0,59848.0,59011.99,59577.01,510.09283,1782691199999
1782691200000,59577.01,59700.0,59000.01,59667.01,549.31747,1782694799999
1782694800000,59667.0,59697.0,59206.0,59440.95,647.05387,1782698399999
1782698400000,59440.95,59812.0,58900.01,59757.46,1223.86338,1782701999999
1782702000000,59757.47,60233.0,59757.47,60049.46,780.88525,1782705599999
1782705600000,60049.45,60053.99,59746.0,59830.0,361.46912,1782709199999
1782709200000,59830.01,60102.8,59392.02,60102.8,496.75535,1782712799999
1782712800000,60102.8,60346.27,60050.67,60075.49,683.16036,1782716399999
1782716400000,60075.5,60186.94,59936.0,60026.0,536.94262,1782719999999
1782720000000,60026.01,60093.99,59745.46,59840.0,550.67382,1782723599999
1782723600000,59840.01,60104.0,59778.76,60057.0,747.08903,1782727199999
1782727200000,60057.0,60311.95,60056.99,60088.0,441.90219,1782730799999
1782730800000,60088.0,60216.0,59796.0,59956.05,515.67042,1782734399999
1782734400000,59956.05,60780.57,59595.09,59948.78,2600.10754,1782737999999
1782738000000,59948.79,60340.0,59319.9,59580.0,2144.2543,1782741599999
1782741600000,59580.0,59699.99,59011.0,59469.67,1999.07246,1782745199999
1782745200000,59469.45,59960.0,59097.58,59824.01,1368.0568,1782748799999
1782748800000,59824.01,60030.0,59584.48,59892.86,663.03532,1782752399999
1782752400000,59892.87,60683.84,59892.0,60413.99,1795.75633,1782755999999
1782756000000,60413.99,60520.0,60193.87,60295.0,525.48841,1782759599999
1782759600000,60295.0,60557.5,60153.35,60433.49,501.01522,1782763199999
1782763200000,60433.5,60553.06,60295.32,60296.0,312.86249,1782766799999
1782766800000,60296.01,60585.99,60261.89,60479.72,294.76243,1782770399999
1782770400000,60479.71,60516.0,60350.0,60352.31,211.76202,1782773999999
1782774000000,60352.31,60379.23,60194.01,60260.21,252.18558,1782777599999
1782777600000,60260.2,60276.54,59700.0,59838.01,709.83194,1782781199999
1782781200000,59838.01,60048.98,59771.0,59939.94,341.19535,1782784799999
1782784800000,59939.94,60042.54,59755.0,59948.24,424.27619,1782788399999
1782788400000,59948.24,60031.75,59600.0,59627.48,381.85931,1782791999999
1782792000000,59627.47,59700.0,59433.36,59492.01,774.8482,1782795599999
1782795600000,59492.01,59656.89,59360.0,59652.13,807.92024,1782799199999
1782799200000,59652.13,59712.88,59513.72,59592.0,708.76994,1782802799999
1782802800000,59592.0,59632.0,59444.0,59524.01,762.40668,1782806399999
1782806400000,59524.01,59551.03,59189.0,59311.92,879.64073,1782809999999
1782810000000,59311.26,59420.0,59252.0,59374.96,442.65865,1782813599999
1782813600000,59374.96,59420.0,59286.36,59334.01,300.40182,1782817199999
1782817200000,59334.01,59413.27,59123.01,59192.7,466.77156,1782820799999
1782820800000,59192.71,59192.71,58403.51,58412.0,2043.39825,1782824399999
1782824400000,58411.99,58802.66,58228.33,58737.18,2504.50868,1782827999999
1782828000000,58737.17,59276.6,58433.0,58482.81,1779.99006,1782831599999
1782831600000,58482.81,58796.0,58201.0,58381.99,1563.15031,1782835199999
1782835200000,58382.0,58632.0,58241.79,58497.65,1178.89718,1782838799999
1782838800000,58497.65,58618.65,58310.72,58417.99,632.53618,1782842399999
1782842400000,58417.99,58699.98,58351.56,58680.87,605.07781,1782845999999
1782846000000,58680.86,58839.16,58586.01,58818.05,678.6415,1782849599999
1782849600000,58818.0,58874.99,58648.26,58732.01,428.82351,1782853199999
1782853200000,58732.0,58770.0,58509.99,58639.99,398.14222,1782856799999
1782856800000,58639.99,58806.91,58513.8,58607.99,274.43078,1782860399999
1782860400000,58607.99,58664.0,58555.0,58624.71,551.65078,1782863999999
1782864000000,58624.71,58750.68,58310.0,58576.0,670.64661,1782867599999
1782867600000,58575.99,59022.81,57800.19,58770.57,2987.12539,1782871199999
1782871200000,58770.58,59171.63,58663.95,59085.0,692.74758,1782874799999
1782874800000,59085.0,59318.0,58850.0,59197.13,715.44075,1782878399999
1782878400000,59197.12,59457.0,59062.0,59339.99,480.11636,1782881999999
1782882000000,59339.99,59376.48,59126.42,59154.33,432.30487,1782885599999
1782885600000,59154.33,59156.0,58534.31,58755.8,794.13401,1782889199999
1782889200000,58755.8,58823.9,58600.0,58768.65,479.85852,1782892799999
1782892800000,58768.64,58984.0,58500.0,58973.99,381.93254,1782896399999
1782896400000,58973.99,59091.99,58825.61,58944.55,417.79405,1782899999999
1782900000000,58944.55,58948.47,58624.0,58659.98,405.70309,1782903599999
1782903600000,58659.97,58755.9,58550.0,58622.03,396.69177,1782907199999
1782907200000,58622.02,58676.0,58326.0,58538.01,1716.61119,1782910799999
1782910800000,58538.0,59508.0,58536.0,59498.03,2321.79547,1782914399999
1782914400000,59498.03,60092.0,59278.0,59542.0,3726.2091,1782917999999
1782918000000,59541.99,60536.55,59520.51,60147.15,2322.06211,1782921599999
1782921600000,60147.15,60267.17,59865.75,59920.0,862.80045,1782925199999
1782925200000,59920.0,60239.84,59787.35,60190.6,480.08928,1782928799999
1782928800000,60190.59,60298.0,60016.4,60171.16,343.31457,1782932399999
1782932400000,60171.16,60352.93,60000.0,60028.67,548.14825,1782935999999
1782936000000,60029.39,60198.0,59876.0,60126.0,313.10277,1782939599999
1782939600000,60126.0,60846.95,60124.89,60815.99,1153.57611,1782943199999
1782943200000,60815.99,61334.0,60339.0,60478.01,1877.61599,1782946799999
1782946800000,60478.0,60478.0,59984.86,60024.0,573.62579,1782950399999
1782950400000,60024.0,60028.0,59588.0,59761.73,857.93081,1782953999999
1782954000000,59761.74,60324.99,59715.8,60175.92,634.42084,1782957599999
1782957600000,60175.91,60495.24,60015.68,60423.1,520.9397,1782961199999
1782961200000,60423.11,61121.78,60300.02,61058.0,891.65369,1782964799999
1782964800000,61057.99,61058.0,60728.0,60787.98,793.20588,1782968399999
1782968400000,60787.98,60877.69,60488.0,60504.54,836.16486,1782971999999
1782972000000,60504.54,60652.74,60260.0,60274.01,838.53408,1782975599999
1782975600000,60274.01,60315.93,60104.0,60149.99,593.99067,1782979199999
1782979200000,60149.99,60555.06,60132.51,60511.99,573.38622,1782982799999
1782982800000,60512.0,61437.49,60376.13,61184.0,1895.63178,1782986399999
1782986400000,61184.0,61350.0,61051.07,61263.68,711.1086,1782989999999
1782990000000,61263.93,61388.0,61125.58,61358.01,823.29588,1782993599999
1782993600000,61358.0,61614.0,61147.23,61542.53,1476.64291,1782997199999
1782997200000,61542.53,62053.0,61506.0,61939.04,2503.04906,1783000799999
1783000800000,61939.04,62200.0,61394.49,61696.61,1834.43153,1783004399999
1783004400000,61696.61,61850.86,61427.39,61612.93,955.089,1783007999999
1783008000000,61612.93,61790.13,61108.99,61682.34,1526.68052,1783011599999
1783011600000,61682.34,61962.43,61619.69,61667.39,742.84693,1783015199999
1783015200000,61667.4,61900.29,61664.39,61761.36,457.24217,1783018799999
1783018800000,61761.36,61763.81,61424.0,61479.6,567.93379,1783022399999
1783022400000,61479.59,61596.0,61342.0,61584.78,435.70751,1783025999999
1783026000000,61584.77,61653.43,61516.0,61592.26,335.09994,1783029599999
1783029600000,61592.26,61596.62,61406.28,61465.26,313.41399,1783033199999
1783033200000,61465.26,61606.0,61350.02,61560.0,263.74127,1783036799999
1783036800000,61560.0,61578.0,61248.86,61308.75,803.35853,1783040399999
1783040400000,61308.75,61733.11,61286.0,61588.0,365.29608,1783043999999
1783044000000,61588.0,61664.62,61294.0,61440.01,718.15053,1783047599999
1783047600000,61440.01,61575.15,61324.0,61434.0,592.37701,1783051199999
1783051200000,61434.0,61524.01,61332.76,61448.0,597.68744,1783054799999
1783054800000,61448.0,61808.0,61430.0,61700.49,669.42027,1783058399999
1783058400000,61700.49,61850.0,61612.0,61710.01,821.5655,1783061999999
1783062000000,61710.01,61864.99,61659.32,61750.47,1075.23435,1783065599999
1783065600000,61750.47,61896.99,61554.07,61584.0,341.60269,1783069199999
1783069200000,61583.99,61783.89,61510.01,61718.68,336.50784,1783072799999
1783072800000,61718.69,62038.0,61663.98,61916.46,481.39402,1783076399999
1783076400000,61916.46,62103.1,61840.0,62024.02,549.87382,1783079999999
1783080000000,62024.01,62174.47,61871.66,61983.99,627.72129,1783083599999
1783083600000,61984.0,62282.0,61944.0,62116.01,790.28341,1783087199999
1783087200000,62116.0,62280.0,61700.0,62167.48,768.79968,1783090799999
1783090800000,62167.47,62400.0,61820.0,61922.72,627.67216,1783094399999
1783094400000,61922.71,62125.99,61911.65,62104.81,308.0973,1783097999999
1783098000000,62104.81,62292.51,62068.78,62194.0,345.47791,1783101599999
1783101600000,62193.99,62250.0,62118.0,62204.01,298.61687,1783105199999
1783105200000,62204.0,62317.64,62146.0,62210.0,345.20311,1783108799999
1783108800000,62210.0,62907.77,62186.01,62776.92,1103.81636,1783112399999
1783112400000,62776.91,62979.86,62518.72,62732.0,530.36622,1783115999999
1783116000000,62732.0,62748.01,62538.47,62578.0,461.77097,1783119599999
1783119600000,62578.0,62707.67,62529.03,62583.26,488.69291,1783123199999
1783123200000,62583.26,62946.0,62578.55,62756.29,451.82518,1783126799999
1783126800000,62756.29,62756.29,62404.25,62468.44,740.55394,1783130399999
1783130400000,62468.44,62576.0,62432.0,62538.96,288.40853,1783133999999
1783134000000,62538.96,62750.0,62484.01,62627.29,272.8732,1783137599999
1783137600000,62627.28,62749.97,62590.06,62700.0,372.06056,1783141199999
1783141200000,62700.0,62700.01,62441.29,62471.52,289.90978,1783144799999
1783144800000,62471.53,62559.43,62328.24,62500.01,328.21302,1783148399999
1783148400000,62500.01,62634.24,62470.0,62576.0,488.37245,1783151999999
1783152000000,62576.0,62674.47,62516.46,62553.78,325.39629,1783155599999
1783155600000,62553.78,62583.99,62415.87,62494.0,256.44372,1783159199999
1783159200000,62494.01,62545.02,62445.38,62513.0,261.05012,1783162799999
1783162800000,62512.99,62563.84,62456.24,62482.01,236.75332,1783166399999
1783166400000,62482.0,62696.78,62482.0,62664.01,160.12973,1783169999999
1783170000000,62664.01,62776.92,62542.0,62588.84,234.91268,1783173599999
1783173600000,62588.84,62738.28,62585.53,62693.99,214.12592,1783177199999
1783177200000,62693.99,63075.46,62687.89,62943.29,746.82104,1783180799999
1783180800000,62943.29,62968.29,62786.0,62927.29,446.2616,1783184399999
1783184400000,62927.3,63439.62,62803.0,63280.38,752.34234,1783187999999
1783188000000,63280.38,63346.0,63092.02,63172.78,347.58599,1783191599999
1783191600000,63172.79,63461.99,63123.49,63294.72,328.68996,1783195199999
1783195200000,63294.72,63392.0,63155.37,63233.78,287.12408,1783198799999
1783198800000,63233.79,63448.0,63202.0,63297.84,239.07967,1783202399999
1783202400000,63297.83,63310.0,63160.0,63184.99,486.87752,1783205999999
1783206000000,63185.0,63241.33,62927.98,63144.01,584.01676,1783209599999
1783209600000,63144.01,63144.01,62888.86,62991.29,348.66174,1783213199999
1783213200000,62991.3,63043.15,62800.0,62887.94,447.61772,1783216799999
1783216800000,62887.93,62926.0,62596.08,62693.56,307.64194,1783220399999
1783220400000,62693.57,62796.39,62658.0,62769.04,211.72564,1783223999999
1783224000000,62769.03,62952.93,62712.0,62815.99,288.42759,1783227599999
1783227600000,62815.99,62815.99,62659.65,62740.5,312.61219,1783231199999
1783231200000,62740.5,62819.91,62669.99,62782.18,269.63913,1783234799999
1783234800000,62782.18,63059.99,62718.31,63020.21,393.71695,1783238399999
1783238400000,63020.21,63104.0,62900.0,62915.0,337.45972,1783241999999
1783242000000,62915.0,62930.16,62436.59,62622.18,562.27226,1783245599999
1783245600000,62622.18,62756.25,62536.57,62756.12,183.32618,1783249199999
1783249200000,62756.12,62812.0,62600.03,62658.92,268.20384,1783252799999
1783252800000,62658.92,62772.0,62569.37,62745.01,294.54856,1783256399999
1783256400000,62745.0,62819.66,62644.12,62792.0,337.44331,1783259999999
1783260000000,62791.99,62818.37,62656.02,62812.25,219.35892,1783263599999
1783263600000,62812.25,62943.59,62679.76,62740.01,243.82359,1783267199999
1783267200000,62740.01,62772.86,62590.02,62637.48,344.55738,1783270799999
1783270800000,62637.48,62820.0,62594.38,62624.93,275.09476,1783274399999
1783274400000,62624.93,62880.0,62616.0,62820.33,372.13939,1783277999999
1783278000000,62820.33,62888.14,62714.98,62768.88,297.34041,1783281599999
1783281600000,62768.87,62836.01,62700.0,62730.61,164.5638,1783285199999
1783285200000,62730.61,63220.0,62609.47,63092.01,428.51084,1783288799999
1783288800000,63092.0,63964.48,63005.04,63736.0,1512.51245,1783292399999
1783292400000,63735.99,63999.0,63577.36,63650.0,750.87927,1783295999999
1783296000000,63650.01,63772.52,63350.0,63761.99,854.38324,1783299599999
1783299600000,63761.98,63920.0,63550.0,63576.0,432.9767,1783303199999
1783303200000,63576.0,63669.45,63373.13,63460.01,398.01222,1783306799999
1783306800000,63460.01,63495.14,63136.01,63294.0,420.90012,1783310399999
1783310400000,63294.0,63402.77,63187.98,63267.99,278.63053,1783313999999
1783314000000,63267.99,63268.0,62950.0,63114.0,702.75025,1783317599999
1783317600000,63113.99,63152.7,62972.0,62976.0,622.44998,1783321199999
1783321200000,62976.0,63120.0,62890.0,63089.42,529.35201,1783324799999
1783324800000,63089.42,63244.0,62800.13,62904.01,536.0688,1783328399999
1783328400000,62904.01,62914.0,62630.85,62664.77,432.26087,1783331999999
1783332000000,62664.77,63030.0,62664.76,62822.06,454.82776,1783335599999
1783335600000,62822.07,63000.0,62483.83,62483.84,610.79996,1783339199999
1783339200000,62483.84,62487.98,61668.2,61754.01,2426.65551,1783342799999
1783342800000,61754.01,62034.0,61306.84,61768.21,3623.91016,1783346399999
1783346400000,61768.2,62411.41,61712.54,62052.0,1203.78704,1783349999999
1783350000000,62052.0,63550.0,62052.0,63545.98,2153.37389,1783353599999
1783353600000,63545.98,63863.0,63386.01,63732.0,1748.98599,1783357199999
1783357200000,63732.0,63976.16,63570.16,63587.38,885.44922,1783360799999
1783360800000,63587.38,63886.0,63560.0,63696.4,345.76423,1783364399999
1783364400000,63696.4,63887.93,63652.42,63738.52,308.11427,1783367999999
1783368000000,63738.52,63892.65,63589.41,63828.0,314.93037,1783371599999
1783371600000,63828.0,64700.0,63810.0,64489.98,1489.51024,1783375199999
1783375200000,64489.97,64500.0,64151.01,64244.0,313.47871,1783378799999
1783378800000,64244.0,64340.76,64017.78,64042.02,347.9123,1783382399999
1783382400000,64042.93,64314.0,63997.5,64203.99,545.80462,1783385999999
1783386000000,64203.99,64204.0,63767.04,63840.0,600.7847,1783389599999
1783389600000,63840.0,63908.0,63288.01,63322.01,624.33941,1783393199999
1783393200000,63322.01,63414.0,63150.0,63191.01,378.30046,1783396799999
1783396800000,63191.01,63288.33,63064.0,63100.01,658.55856,1783400399999
1783400400000,63100.0,63278.99,62800.0,63128.01,725.48406,1783403999999
1783404000000,63128.0,63400.0,62984.42,63340.0,869.08707,1783407599999
1783407600000,63340.01,63445.7,63072.1,63083.18,615.24857,1783411199999
1783411200000,63083.19,63184.0,62984.58,63104.0,444.0167,1783414799999
1783414800000,63104.0,63348.73,63063.28,63256.0,320.22634,1783418399999
1783418400000,63256.01,63467.15,63228.17,63284.0,496.91971,1783421999999
1783422000000,63284.0,63452.0,63116.02,63406.0,399.36572,1783425599999
1783425600000,63405.99,63872.0,63396.58,63481.39,618.18499,1783429199999
1783429200000,63481.39,63482.5,63000.0,63056.0,1055.47861,1783432799999
1783432800000,63056.0,63634.0,62671.39,63562.05,1684.44273,1783436399999
1783436400000,63562.05,64105.0,63376.22,63930.51,2129.05569,1783439999999
1783440000000,63930.5,64243.75,63810.0,63983.27,825.1364,1783443599999
1783443600000,63983.28,64232.0,63896.21,64186.0,713.19138,1783447199999
1783447200000,64185.99,64188.0,63672.01,63679.99,804.35069,1783450799999
1783450800000,63679.99,63894.58,63379.69,63817.99,809.87318,1783454399999
1783454400000,63818.0,63901.75,63585.0,63697.99,461.15497,1783457999999
1783458000000,63698.0,63866.0,63313.1,63423.94,445.13714,1783461599999
1783461600000,63423.93,63660.0,63218.0,63551.02,344.82337,1783465199999
1783465200000,63551.02,63708.0,63320.0,63363.99,265.24316,1783468799999
1783468800000,63364.0,63761.99,63307.36,63612.77,656.59812,1783472399999
1783472400000,63612.78,63649.5,62921.78,63038.01,690.76172,1783475999999
1783476000000,63038.0,63066.0,62525.47,62979.99,1271.45366,1783479599999
1783479600000,62979.98,63094.0,62700.18,62766.0,326.19539,1783483199999
1783483200000,62766.0,62901.49,62676.0,62800.0,435.16461,1783486799999
1783486800000,62800.01,62876.95,62558.0,62637.88,716.63481,1783490399999
1783490400000,62637.88,62746.0,62477.04,62657.81,457.84929,1783493999999
1783494000000,62657.82,62894.89,62550.0,62888.35,483.7238,1783497599999
1783497600000,62888.34,62941.46,61855.26,62018.36,1707.6886,1783501199999
1783501200000,62018.36,62190.01,61743.83,62057.67,2058.44174,1783504799999
1783504800000,62057.68,62199.97,61903.45,62183.12,934.16537,1783508399999
1783508400000,62183.11,62392.04,62055.63,62299.99,576.86496,1783511999999
1783512000000,62300.0,62451.08,61953.58,61957.73,877.49143,1783515599999
1783515600000,61957.74,62090.0,61632.23,61945.49,1130.9924,1783519199999
1783519200000,61945.49,62173.56,61712.0,61889.83,1415.74086,1783522799999
1783522800000,61889.83,61922.0,61544.56,61704.01,1055.91275,1783526399999
1783526400000,61704.01,62164.6,61692.0,62113.03,762.49481,1783529999999
1783530000000,62113.02,62394.32,62032.0,62104.62,518.57431,1783533599999
1783533600000,62104.62,62351.97,62045.2,62185.32,301.10629,1783537199999
1783537200000,62185.33,62292.19,62068.0,62277.98,295.91802,1783540799999
1783540800000,62277.98,62306.54,62082.8,62099.61,601.65946,1783544399999
1783544400000,62099.62,62251.22,61956.0,62187.17,844.23046,1783547999999
1783548000000,62187.17,62350.63,62178.0,62330.4,268.9098,1783551599999
1783551600000,62330.4,62346.6,62174.0,62290.0,231.5253,1783555199999
1783555200000,62290.01,62309.88,62058.51,62129.99,419.84137,1783558799999
1783558800000,62129.99,62642.0,61837.1,61916.0,891.27709,1783562399999
1783562400000,61916.0,62121.21,61705.29,61788.8,588.18699,1783565999999
1783566000000,61788.79,62062.99,61730.0,61974.34,608.39784,1783569599999
1783569600000,61974.34,62456.29,61956.46,62453.74,475.51774,1783573199999
1783573200000,62453.74,62624.61,62236.0,62589.61,907.8536,1783576799999
1783576800000,62589.61,62980.0,62485.58,62959.96,790.33126,1783580399999
1783580400000,62959.96,63283.26,62788.06,63000.0,902.61366,1783583999999
1783584000000,62999.99,63100.1,62855.63,62903.65,872.78917,1783587599999
1783587600000,62903.66,63002.0,62786.82,62953.4,549.43771,1783591199999
1783591200000,62953.4,63056.98,62688.0,62786.04,490.23056,1783594799999
1783594800000,62786.05,62830.0,62614.66,62786.34,613.79257,1783598399999
1783598400000,62786.33,62952.0,62465.39,62614.02,2694.46367,1783601999999
1783602000000,62614.01,63240.15,62523.08,63028.35,732.96491,1783605599999
1783605600000,63028.36,63144.79,62666.66,63016.0,598.40365,1783609199999
1783609200000,63016.0,63261.0,62811.1,62868.05,857.13379,1783612799999
1783612800000,62868.06,62996.0,62559.59,62700.01,532.13757,1783616399999
1783616400000,62700.01,63165.12,62668.0,63142.79,730.95491,1783619999999
1783620000000,63142.79,63500.0,63080.0,63219.03,776.88222,1783623599999
1783623600000,63219.03,63375.73,63118.45,63248.1,606.23375,1783627199999
1783627200000,63248.09,63330.85,63177.36,63313.38,236.61262,1783630799999
1783630800000,63313.38,63397.94,63208.91,63274.59,261.44616,1783634399999
1783634400000,63274.6,63418.0,63218.77,63218.78,274.28375,1783637999999
1783638000000,63218.78,63325.0,63060.91,63230.0,331.02016,1783641599999
1783641600000,63230.01,63255.49,62926.01,63113.93,626.86453,1783645199999
1783645200000,63113.92,63999.99,62962.0,63749.86,1229.10229,1783648799999
1783648800000,63749.86,64050.23,63692.76,63961.99,1017.85326,1783652399999
1783652400000,63961.99,64050.0,63822.8,63947.2,410.93478,1783655999999
1783656000000,63947.2,64176.86,63857.64,64047.88,567.80609,1783659599999
1783659600000,64047.89,64200.0,63944.05,64115.99,507.936,1783663199999
1783663200000,64116.0,64162.0,63836.0,63854.71,352.90834,1783666799999
1783666800000,63854.71,64011.9,63802.02,63963.0,566.0984,1783670399999
1783670400000,63963.0,64392.0,63962.99,64246.01,945.88564,1783673999999
1783674000000,64246.0,64480.01,64102.0,64385.09,1051.0085,1783677599999
1783677600000,64385.09,64494.84,64274.47,64407.8,400.85807,1783681199999
1783681200000,64407.8,64480.0,64341.83,64425.18,337.28843,1783684799999
1783684800000,64425.18,64608.0,63999.0,64286.64,1081.95063,1783688399999
1783688400000,64286.65,64692.83,64152.84,64484.0,826.67946,1783691999999
1783692000000,64484.0,64516.0,63793.43,63914.87,1338.73193,1783695599999
1783695600000,63914.88,64210.0,63898.0,64040.0,737.82713,1783699199999
1783699200000,64039.99,64220.0,63826.57,64140.01,671.46586,1783702799999
1783702800000,64140.0,64158.58,63821.88,63823.99,491.57909,1783706399999
1783706400000,63824.0,64003.99,63732.66,63810.0,566.18067,1783709999999
1783710000000,63809.99,64077.56,63780.0,63917.88,1227.53052,1783713599999
1783713600000,63917.88,63946.36,63656.0,63841.25,1126.81538,1783717199999
1783717200000,63841.25,64099.56,63835.05,64011.99,307.30047,1783720799999
1783720800000,64012.0,64169.39,63981.37,64112.29,508.14182,1783724399999
1783724400000,64112.3,64222.61,64024.0,64161.72,690.25393,1783727999999
1783728000000,64161.72,64168.49,64028.43,64124.0,315.78502,1783731599999
1783731600000,64123.99,64310.0,64004.01,64012.95,405.42387,1783735199999
1783735200000,64012.95,64166.0,63984.07,64158.04,205.49018,1783738799999
1783738800000,64158.04,64195.04,64068.0,64150.42,174.79238,1783742399999
1783742400000,64150.42,64213.55,64080.26,64152.0,223.52551,1783745999999
1783746000000,64152.0,64221.99,64121.07,64176.01,535.97468,1783749599999
1783749600000,64176.0,64278.0,64124.0,64219.1,302.84507,1783753199999
1783753200000,64219.09,64256.55,64152.0,64162.18,422.67072,1783756799999
1783756800000,64162.18,64300.0,64153.87,64265.98,169.11443,1783760399999
1783760400000,64265.98,64300.0,64159.7,64167.34,347.53946,1783763999999
1783764000000,64167.35,64204.02,64129.99,64196.0,421.25234,1783767599999
1783767600000,64196.0,64215.32,64167.99,64198.0,417.44096,1783771199999
1783771200000,64197.99,64228.0,64130.65,64195.49,408.31399,1783774799999
1783774800000,64195.48,64266.0,64159.99,64235.66,352.18455,1783778399999
1783778400000,64235.67,64504.11,64235.66,64350.07,551.43161,1783781999999
1783782000000,64350.07,64484.01,63896.18,64175.75,1185.62457,1783785599999
1783785600000,64175.75,64273.63,64084.0,64180.01,468.52631,1783789199999
1783789200000,64180.0,64402.0,64164.08,64315.53,272.95245,1783792799999
1783792800000,64315.53,64395.17,64288.91,64327.99,274.24491,1783796399999
1783796400000,64327.99,64338.0,64233.23,64286.0,202.32307,1783799999999
1783800000000,64286.0,64463.83,64285.99,64382.45,197.23083,1783803599999
1783803600000,64382.44,64427.56,64338.09,64355.99,116.51883,1783807199999
1783807200000,64355.99,64424.03,64144.47,64203.08,303.31895,1783810799999
1783810800000,64203.09,64246.0,63819.0,63819.0,877.44963,1783814399999
1783814400000,63819.01,63909.92,63702.16,63828.47,2302.50352,1783817999999
1783818000000,63828.48,64172.66,63812.0,64133.61,394.25068,1783821599999
1783821600000,64133.61,64133.62,64029.51,64070.39,908.56961,1783825199999
1783825200000,64070.4,64223.74,64035.68,64223.73,488.95119,1783828799999
1783828800000,64223.73,64245.87,63943.68,63999.93,412.9132,1783832399999
1783832400000,63999.94,64024.48,63900.0,63959.93,291.33944,1783835999999
1783836000000,63959.93,63962.85,63640.83,63762.46,526.52081,1783839599999
1783839600000,63762.47,63908.39,63740.12,63885.27,506.72582,1783843199999
1783843200000,63885.28,64100.32,63884.2,63983.18,1349.77159,1783846799999
1783846800000,63983.18,64062.17,63764.0,63961.61,3089.49803,1783850399999
1783850400000,63961.6,63961.6,63843.4,63865.76,250.37178,1783853999999
1783854000000,63865.76,64030.0,63826.01,64018.01,158.66802,1783857599999
1783857600000,64018.0,64135.0,63970.55,64026.0,320.06272,1783861199999
1783861200000,64026.01,64097.99,63987.4,64023.14,369.91648,1783864799999
1783864800000,64023.13,64290.11,63958.71,64203.08,261.44826,1783868399999
1783868400000,64203.08,64262.15,64117.97,64176.0,230.70025,1783871999999
1783872000000,64176.0,64209.64,64042.0,64177.7,260.32939,1783875599999
1783875600000,64177.7,64177.74,64029.12,64078.0,243.96602,1783879199999
1783879200000,64078.0,64150.0,64018.69,64147.99,207.74726,1783882799999
1783882800000,64148.0,64270.0,64147.3,64228.59,178.3269,1783886399999
1783886400000,64228.59,64254.0,64178.03,64198.89,158.2404,1783889999999
1783890000000,64198.9,64232.02,63891.84,63920.4,317.29013,1783893599999
1783893600000,63920.4,63923.99,63668.0,63886.87,425.91972,1783897199999
1783897200000,63886.86,63914.85,63726.62,63780.0,260.80581,1783900799999
1783900800000,63780.0,64425.0,63568.0,64072.01,1134.90308,1783904399999
1783904400000,64072.0,64072.01,63376.53,63412.01,1113.66129,1783907999999
1783908000000,63412.01,63541.94,63237.26,63375.99,621.99474,1783911599999
1783911600000,63376.0,63382.95,62741.04,62806.41,1068.82271,1783915199999
1783915200000,62806.41,62911.94,62620.13,62672.0,670.25607,1783918799999
1783918800000,62672.0,62905.68,62500.76,62799.0,816.14848,1783922399999
1783922400000,62799.01,62880.0,62710.45,62797.55,385.11506,1783925999999
1783926000000,62797.55,63070.01,62753.69,62985.52,1476.1879,1783929599999
1783929600000,62985.53,63302.88,62935.92,63206.97,1893.03927,1783933199999
1783933200000,63206.98,63210.0,63086.12,63100.02,663.43575,1783936799999
1783936800000,63100.02,63157.85,62862.28,62867.89,788.29364,1783940399999
1783940400000,62867.9,63135.55,62867.9,62901.99,458.30123,1783943999999
1783944000000,62901.99,62990.04,62570.0,62625.15,689.69237,1783947599999
1783947600000,62625.15,62766.37,62164.0,62318.0,2175.34811,1783951199999
1783951200000,62318.01,62794.97,62101.0,62791.85,1780.86024,1783954799999
1783954800000,62791.85,62983.83,62559.58,62618.01,1226.00074,1783958399999
1783958400000,62618.0,62629.35,62212.0,62276.0,970.69108,1783961999999
1783962000000,62276.01,62370.0,61900.0,61904.99,1161.78052,1783965599999
1783965600000,61904.99,62100.0,61824.97,62020.0,662.51495,1783969199999
1783969200000,62020.0,62292.84,61990.0,62288.23,503.43262,1783972799999
1783972800000,62288.23,62324.74,62050.71,62210.99,294.43026,1783976399999
1783976400000,62211.0,62216.35,61897.45,62065.06,385.18322,1783979999999
1783980000000,62065.05,62224.0,61911.31,61924.0,386.45256,1783983599999
1783983600000,61924.0,62347.46,61882.88,62334.52,355.95615,1783987199999
1783987200000,62334.52,62666.66,62272.2,62549.54,827.98236,1783990799999
1783990800000,62549.55,62640.0,62460.03,62540.42,471.32047,1783994399999
1783994400000,62540.41,62645.0,62329.98,62544.0,510.10327,1783997999999
1783998000000,62544.0,62604.0,62314.0,62572.89,439.89615,1784001599999
1784001600000,62572.88,62768.95,62539.71,62745.23,314.71779,1784005199999
1784005200000,62745.24,62872.0,62697.69,62737.0,625.4247,1784008799999
1784008800000,62737.0,62772.48,62566.01,62624.05,742.03175,1784012399999
1784012400000,62624.06,62655.99,62516.93,62560.92,406.16223,1784015999999
1784016000000,62560.92,62807.94,62500.0,62713.85,377.86259,1784019599999
1784019600000,62713.85,62742.0,62534.29,62629.55,614.55321,1784023199999
1784023200000,62629.56,62908.8,62609.47,62800.0,437.22084,1784026799999
1784026800000,62800.01,62923.06,62713.6,62844.99,302.90008,1784030399999
1784030400000,62844.99,63989.54,62780.84,63960.0,3109.78866,1784033999999
1784034000000,63959.99,64181.99,63699.03,63840.01,1522.71413,1784037599999
1784037600000,63840.01,64346.49,63580.99,64305.02,1089.85313,1784041199999
1784041200000,64305.01,64966.43,64194.64,64743.99,3074.26518,1784044799999
1784044800000,64744.0,64896.86,64606.0,64730.0,1264.07966,1784048399999
1784048400000,64730.01,64730.01,64231.77,64621.43,1156.00933,1784051999999
1784052000000,64621.43,64648.88,64477.23,64571.98,502.24971,1784055599999
1784055600000,64571.99,64704.0,64487.38,64569.59,367.96179,1784059199999
1784059200000,64569.59,64599.0,64419.99,64572.02,281.25074,1784062799999
1784062800000,64572.02,64893.92,64526.0,64676.9,427.49727,1784066399999
1784066400000,64676.89,65100.0,64516.0,64860.89,1268.06322,1784069999999
1784070000000,64860.89,65048.0,64782.0,65043.98,418.50558,1784073599999
1784073600000,65043.99,65065.01,64765.12,64824.58,352.45343,1784077199999
1784077200000,64824.57,64853.08,64644.48,64674.35,610.20031,1784080799999
1784080800000,64674.35,64755.99,64488.0,64490.87,350.99185,1784084399999
1784084400000,64490.87,64840.0,64490.86,64792.01,379.79444,1784087999999
1784088000000,64792.0,64885.99,64714.0,64746.01,289.24746,1784091599999
1784091600000,64746.01,64964.96,64602.5,64944.06,686.5094,1784095199999
1784095200000,64944.06,65277.37,64814.0,64814.0,974.06143,1784098799999
1784098800000,64814.01,64876.0,64485.0,64549.34,1209.74716,1784102399999
1784102400000,64549.33,64797.02,64549.33,64768.01,958.47053,1784105999999
1784106000000,64768.0,64917.94,64653.18,64671.83,542.47841,1784109599999
1784109600000,64671.84,64855.56,64614.0,64663.0,316.30209,1784113199999
1784113200000,64663.0,64767.37,64616.11,64732.15,500.13863,1784116799999
1784116800000,64732.15,65249.9,64606.0,65164.0,1837.40143,1784120399999
1784120400000,65164.0,65577.0,64888.0,65117.99,1942.12357,1784123999999
1784124000000,65118.0,65517.05,65070.0,65399.81,1187.13269,1784127599999
1784127600000,65399.8,65600.0,65261.71,65427.61,1153.25811,1784131199999
1784131200000,65427.6,65470.0,64784.83,65120.79,1423.19665,1784134799999
1784134800000,65120.8,65194.72,64972.95,65056.1,1119.69712,1784138399999
1784138400000,65056.1,65143.57,64847.42,64860.0,1076.85531,1784141999999
1784142000000,64860.0,65000.0,64738.49,64977.34,377.96921,1784145599999
1784145600000,64977.34,65055.39,64899.0,64968.01,239.51973,1784149199999
1784149200000,64968.02,65018.74,64789.89,64834.31,289.23644,1784152799999
1784152800000,64834.31,64982.47,64772.0,64866.93,275.16571,1784156399999
1784156400000,64866.93,64938.0,64691.89,64756.28,309.9463,1784159999999
1784160000000,64756.28,64845.5,64500.0,64584.07,762.20624,1784163599999
1784163600000,64584.07,64830.0,64392.01,64730.01,462.87658,1784167199999
1784167200000,64730.0,64735.09,64574.02,64642.01,327.49099,1784170799999
1784170800000,64642.0,64745.55,64555.0,64619.95,221.04888,1784174399999
1784174400000,64619.96,64692.0,64544.04,64650.05,615.61718,1784177999999
1784178000000,64650.05,64997.52,64592.67,64917.99,618.6053,1784181599999
1784181600000,64917.99,64978.0,64630.01,64777.32,355.62558,1784185199999
1784185200000,64777.33,64777.33,64086.12,64238.0,1138.76345,1784188799999
1784188800000,64238.0,64380.0,63888.0,64126.85,3967.6065,1784192399999
1784192400000,64126.86,64186.83,64019.02,64090.0,3387.73889,1784195999999
1784196000000,64090.0,64269.42,64077.75,64221.34,351.18175,1784199599999
1784199600000,64221.34,64269.42,64101.0,64256.53,377.01841,1784203199999
1784203200000,64256.52,64256.52,63838.28,63966.01,728.30687,1784206799999
1784206800000,63966.01,64480.0,63961.14,64376.0,827.04997,1784210399999
1784210400000,64375.99,64863.07,64332.57,64543.51,993.97642,1784213999999
1784214000000,64543.51,64896.0,64320.0,64704.73,620.57363,1784217599999
1784217600000,64704.73,64712.0,64333.33,64484.0,523.57946,1784221199999
1784221200000,64484.01,64484.01,63984.09,64069.03,616.12218,1784224799999
1784224800000,64069.04,64330.0,64052.14,64246.01,275.58322,1784228399999
1784228400000,64246.01,64301.99,64152.0,64271.84,368.59969,1784231999999
1784232000000,64271.85,64276.0,64108.0,64114.27,169.71905,1784235599999
1784235600000,64114.25,64253.25,64101.18,64161.99,188.0978,1784239199999
1784239200000,64162.0,64240.12,63950.01,63968.0,351.60652,1784242799999
1784242800000,63968.01,64010.58,63748.74,63830.2,515.53223,1784246399999
1784246400000,63830.2,63912.0,63612.62,63886.0,435.36884,1784249999999
1784250000000,63886.0,64067.69,63476.0,63546.24,735.77497,1784253599999
1784253600000,63546.25,63657.99,63380.28,63482.0,818.39465,1784257199999
1784257200000,63482.0,63720.0,63482.0,63570.0,676.04775,1784260799999
1784260800000,63570.0,63576.0,63320.0,63486.01,490.83509,1784264399999
1784264400000,63486.01,63486.01,62804.3,62839.76,1190.44758,1784267999999
1784268000000,62839.77,62998.52,62710.0,62948.0,1200.24888,1784271599999
1784271600000,62948.0,62983.99,62800.0,62828.11,1288.47496,1784275199999
1784275200000,62828.11,62939.04,62666.0,62888.0,838.1557,1784278799999
1784278800000,62888.01,63069.06,62852.89,62989.46,603.45822,1784282399999
1784282400000,62989.47,63201.91,62989.47,63179.92,534.56662,1784285999999
1784286000000,63179.91,63361.7,63063.67,63298.01,617.19974,1784289599999
1784289600000,63298.0,63348.0,63069.09,63099.75,618.64826,1784293199999
1784293200000,63099.75,63180.0,62537.56,63153.99,1381.50027,1784296799999
1784296800000,63154.0,63518.0,63051.77,63174.0,1199.38162,1784300399999
1784300400000,63174.01,63452.0,62856.16,63452.0,702.84059,1784303999999
1784304000000,63452.0,63706.75,63312.01,63594.0,881.75053,1784307599999
1784307600000,63594.0,64228.27,63594.0,64049.86,1210.18889,1784311199999
1784311200000,64049.85,64387.99,63894.0,64259.73,761.86335,1784314799999
1784314800000,64259.73,64259.73,63981.2,64160.8,578.45246,1784318399999
1784318400000,64160.8,64192.57,63958.19,64120.0,456.18305,1784321999999
1784322000000,64120.01,64216.61,64064.0,64110.0,284.21145,1784325599999
1784325600000,64110.01,64147.0,63903.63,63986.0,255.88006,1784329199999
1784329200000,63986.01,64011.08,63884.35,63931.67,430.02036,1784332799999
1784332800000,63931.67,64012.39,63895.33,63910.04,217.92923,1784336399999
1784336400000,63910.05,64000.0,63886.65,63952.98,200.93158,1784339999999
1784340000000,63952.97,64032.6,63930.54,63967.61,372.4998,1784343599999
1784343600000,63967.61,64017.85,63928.15,64017.84,578.99589,1784347199999
1784347200000,64017.84,64017.85,63947.09,63967.99,311.74394,1784350799999
1784350800000,63968.0,63998.0,63926.39,63967.95,153.28461,1784354399999
1784354400000,63967.95,64005.99,63950.0,63979.67,193.68533,1784357999999
1784358000000,63979.67,64026.03,63974.94,64002.75,290.3862,1784361599999
1784361600000,64002.75,64019.64,63960.0,64006.01,293.43528,1784365199999
1784365200000,64006.01,64006.01,63887.73,63987.76,286.53507,1784368799999
1784368800000,63987.77,64026.39,63982.34,64016.43,264.0947,1784372399999
1784372400000,64016.43,64097.22,64010.99,64069.89,259.43503,1784375999999
1784376000000,64069.89,64274.47,64057.27,64218.0,554.94465,1784379599999
1784379600000,64218.01,64218.01,63963.0,64106.0,300.90627,1784383199999
1784383200000,64105.99,64195.01,64101.42,64126.0,182.82691,1784386799999
1784386800000,64126.0,64163.99,64037.45,64123.12,202.91031,1784390399999
1784390400000,64123.13,64314.0,64091.48,64303.47,325.76583,1784393999999
1784394000000,64303.48,64492.0,64280.22,64480.29,572.40254,1784397599999
1784397600000,64480.28,64669.5,64462.0,64512.41,531.00754,1784401199999
1784401200000,64512.41,64597.9,64482.0,64552.79,294.01495,1784404799999
1784404800000,64552.8,64739.64,64528.69,64693.01,554.55726,1784408399999
1784408400000,64693.02,64846.83,64614.36,64731.72,365.29033,1784411999999
1784412000000,64731.73,64865.0,64712.29,64805.05,503.12891,1784415599999
1784415600000,64805.04,64843.3,64709.28,64834.22,220.46796,1784419199999
1784419200000,64834.21,64906.4,64769.47,64792.08,443.04046,1784422799999
1784422800000,64792.08,64792.09,64765.99,64765.99,211.03912,1784426399999
1784426400000,64766.0,64967.25,64700.84,64826.01,574.09127,1784429999999
1784430000000,64826.01,64842.92,64620.44,64706.18,416.11384,1784433599999
1784433600000,64706.18,64795.43,64610.89,64720.17,249.31584,1784437199999
1784437200000,64720.17,64815.65,64676.0,64724.01,206.27533,1784440799999
1784440800000,64724.0,64759.33,64694.66,64711.69,244.79532,1784444399999
1784444400000,64711.69,64784.0,64675.0,64711.05,401.27453,1784447999999
1784448000000,64711.04,64743.0,64631.54,64707.49,602.66232,1784451599999
1784451600000,64707.48,64725.74,64500.0,64509.99,392.93472,1784455199999
1784455200000,64510.0,64700.0,64482.0,64595.0,334.64364,1784458799999
1784458800000,64595.0,64636.28,64445.0,64467.64,208.69371,1784462399999
1784462400000,64467.65,64467.65,64285.24,64441.15,549.2859,1784465999999
1784466000000,64441.16,64516.33,64307.72,64483.31,325.94592,1784469599999
1784469600000,64483.32,64663.04,64425.24,64593.07,328.9706,1784473199999
1784473200000,64593.07,64620.0,64500.0,64585.32,260.30458,1784476799999
1784476800000,64585.33,64644.0,64505.21,64538.72,321.63819,1784480399999
1784480400000,64538.72,64752.0,64406.3,64547.86,402.19584,1784483999999
1784484000000,64547.86,64554.0,64280.0,64419.99,321.71164,1784487599999
1784487600000,64420.0,64467.82,64352.0,64462.58,115.02705,1784491199999
1784491200000,64462.58,64560.0,64462.57,64535.99,100.52602,1784494799999
1784494800000,64536.0,64562.55,64350.0,64415.75,221.49991,1784498399999
1784498400000,64415.75,64900.0,64347.89,64674.67,828.28879,1784501999999
1784502000000,64674.66,64772.0,64572.0,64722.54,319.6402,1784505599999
1784505600000,64722.55,65107.99,64416.0,64553.84,736.05935,1784509199999
1784509200000,64553.85,65029.4,64506.0,64628.01,401.29098,1784512799999
1784512800000,64628.01,64964.0,64585.0,64827.2,378.92701,1784516399999
1784516400000,64827.19,64914.93,64644.01,64869.8,340.53514,1784519999999
1784520000000,64869.79,64869.99,64540.0,64540.01,333.38076,1784523599999
1784523600000,64540.0,64562.0,64082.7,64128.0,978.47191,1784527199999
1784527200000,64128.01,64220.0,63765.83,63917.98,852.13818,1784530799999
1784530800000,63917.99,64315.96,63896.0,64280.01,998.28115,1784534399999
1784534400000,64280.01,64356.0,63100.0,64049.99,3901.45477,1784537999999
1784538000000,64050.0,64276.0,64012.8,64199.5,508.64903,1784541599999
1784541600000,64199.51,64415.42,64162.0,64301.18,339.54836,1784545199999
1784545200000,64301.18,65068.0,64273.33,65002.01,1040.02207,1784548799999
1784548800000,65002.0,65002.83,64599.89,64640.0,1301.45682,1784552399999
1784552400000,64640.0,64763.67,64208.0,64344.01,1171.73283,1784555999999
1784556000000,64344.01,64575.37,64077.76,64416.01,811.23879,1784559599999
1784559600000,64416.01,65666.8,64398.15,65598.75,2563.16846,1784563199999
1784563200000,65598.75,65637.7,65336.0,65508.5,1056.62117,1784566799999
1784566800000,65508.5,65646.55,65342.52,65587.98,673.41436,1784570399999
1784570400000,65587.99,65799.0,65204.0,65240.01,708.20295,1784573999999
1784574000000,65240.01,65274.58,65041.05,65142.0,856.15121,1784577599999
1784577600000,65142.0,65438.0,65061.92,65367.58,339.09983,1784581199999
1784581200000,65367.57,65445.27,65272.32,65286.02,264.99229,1784584799999
1784584800000,65286.02,65286.02,65092.66,65141.99,333.37114,1784588399999
1784588400000,65142.0,65272.21,65128.17,65255.51,435.27846,1784591999999
1784592000000,65255.51,65585.0,65148.75,65568.01,685.78688,1784595599999
1784595600000,65568.0,65658.78,65232.65,65235.55,421.8846,1784599199999
1784599200000,65235.56,65500.0,65176.2,65414.01,382.21075,1784602799999
1784602800000,65414.01,65593.11,65411.74,65566.78,795.51369,1784606399999
1784606400000,65566.77,65742.58,65471.69,65522.01,600.76388,1784609999999
1784610000000,65522.0,65933.24,65485.55,65751.56,864.8195,1784613599999
1784613600000,65751.56,65991.05,65634.0,65913.0,733.43884,1784617199999
1784617200000,65913.0,66245.64,65866.0,66186.86,1338.71722,1784620799999
1784620800000,66186.86,66354.0,66129.19,66226.44,1032.71252,1784624399999
1784624400000,66226.43,66350.0,66144.0,66291.99,472.96398,1784627999999
1784628000000,66292.0,66420.65,66176.55,66180.0,1179.04438,1784631599999
1784631600000,66180.0,66350.0,66147.82,66345.59,752.24871,1784635199999
1784635200000,66345.59,66640.0,66255.73,66558.82,1002.49408,1784638799999
1784638800000,66558.81,66810.97,66315.62,66786.0,1358.43796,1784642399999
1784642400000,66786.0,66956.15,66648.27,66842.3,1722.33044,1784645999999
1784646000000,66842.29,66842.3,66517.52,66676.54,948.73464,1784649599999
1784649600000,66676.53,66764.0,66462.32,66542.01,672.73654,1784653199999
1784653200000,66542.01,66567.59,66052.63,66207.95,1024.8098,1784656799999
1784656800000,66207.96,66358.0,66098.71,66319.95,619.31647,1784660399999
1784660400000,66319.96,66502.8,66264.12,66444.76,623.55174,1784663999999
1784664000000,66444.76,66496.0,66359.3,66406.57,288.41886,1784667599999
1784667600000,66406.58,66408.26,66290.0,66385.0,330.71956,1784671199999
1784671200000,66385.0,66388.35,66204.0,66304.02,432.0724,1784674799999
1784674800000,66304.02,66576.0,66228.55,66556.16,334.55343,1784678399999
1784678400000,66556.15,66739.89,66525.54,66620.97,961.25987,1784681999999
1784682000000,66620.97,66661.79,66282.65,66433.3,801.8459,1784685599999
1784685600000,66433.29,66532.26,66298.0,66314.12,584.2039,1784689199999
1784689200000,66314.12,66371.27,66176.0,66210.0,535.35393,1784692799999
1784692800000,66209.99,66424.0,66198.0,66381.05,1016.50384,1784696399999
1784696400000,66381.05,66381.05,65944.51,65974.9,732.84767,1784699999999
1784700000000,65974.9,66026.93,65830.94,65934.33,677.13061,1784703599999
1784703600000,65934.34,65968.9,65701.0,65843.48,1698.20928,1784707199999
1784707200000,65843.48,66164.57,65843.47,65987.96,1762.03259,1784710799999
1784710800000,65987.97,66082.5,65850.0,65928.0,1983.57551,1784714399999
1784714400000,65928.01,66116.36,65898.0,66046.02,636.27622,1784717999999
1784718000000,66046.01,66092.59,65909.16,66013.36,789.42664,1784721599999
1784721600000,66013.36,66013.37,65553.67,65636.01,572.31956,1784725199999
1784725200000,65636.01,65982.28,65559.66,65951.39,762.44551,1784728799999
1784728800000,65951.38,66204.98,65588.0,65793.98,977.66799,1784732399999
1784732400000,65793.98,66125.0,65793.98,66047.39,689.66439,1784735999999
1784736000000,66047.38,66384.0,65911.6,66229.01,531.34681,1784739599999
1784739600000,66229.01,66275.29,65944.0,66024.03,332.68865,1784743199999
1784743200000,66024.02,66075.91,65726.08,65895.46,372.67709,1784746799999
1784746800000,65895.46,65958.56,65691.93,65923.19,284.49057,1784750399999
1784750400000,65923.19,65986.0,65791.79,65919.68,303.33342,1784753999999
1784754000000,65919.67,66133.98,65892.64,66072.47,345.28683,1784757599999
1784757600000,66072.48,66080.94,65932.0,66044.17,283.8249,1784761199999
1784761200000,66044.17,66138.24,65844.3,66114.49,440.45434,1784764799999
1784764800000,66114.5,66313.14,66054.58,66058.19,818.52742,1784768399999
1784768400000,66058.2,66208.0,65751.0,65830.0,911.89269,1784771999999
1784772000000,65830.0,65843.25,65653.23,65805.34,489.67764,1784775599999
1784775600000,65805.35,65816.0,65585.11,65662.53,518.12407,1784779199999
1784779200000,65662.53,65738.99,65590.12,65616.48,673.83221,1784782799999
1784782800000,65616.49,65797.93,65570.12,65691.01,258.16071,1784786399999
1784786400000,65691.01,65821.17,65625.2,65790.0,198.22051,1784789999999
1784790000000,65790.0,65790.0,65351.02,65442.13,625.4986,1784793599999
1784793600000,65442.12,65665.99,65419.75,65633.0,617.22753,1784797199999
1784797200000,65632.99,65757.99,65608.18,65638.92,505.16907,1784800799999
1784800800000,65638.92,65792.09,65589.69,65740.0,314.19369,1784804399999
1784804400000,65740.0,65740.01,65540.93,65555.21,260.87827,1784807999999
1784808000000,65555.21,65589.41,64988.05,65167.04,1080.21623,1784811599999
1784811600000,65167.05,65221.29,64863.62,64880.0,1019.68548,1784815199999
1784815200000,64880.0,65216.24,64822.13,64909.99,1122.58373,1784818799999
1784818800000,64910.0,65023.68,64728.0,64958.36,1087.45523,1784822399999
1784822400000,64958.37,64961.15,64704.57,64756.84,823.97347,1784825999999
1784826000000,64756.84,64900.0,64650.0,64681.27,610.54166,1784829599999
1784829600000,64681.26,64948.05,64680.0,64869.12,473.57506,1784833199999
1784833200000,64869.13,64934.75,64686.56,64846.94,525.37224,1784836799999
1784836800000,64846.93,65217.93,64834.52,65147.5,435.69297,1784840399999
1784840400000,65147.5,65210.35,65014.0,65169.81,348.6782,1784843999999
1784844000000,65169.82,65227.99,65013.94,65195.43,465.02672,1784847599999
1784847600000,65195.43,65235.43,65052.01,65098.97,514.02333,1784851199999
1784851200000,65098.98,65113.86,64762.18,64973.99,343.41298,1784854799999
1784854800000,64974.0,65168.0,64944.37,65086.0,666.39562,1784858399999
1784858400000,65086.0,65187.57,64925.45,65116.99,432.3739,1784861999999
1784862000000,65116.99,65464.35,65078.0,65456.7,382.6998,1784865599999
1784865600000,65456.7,65469.86,65272.26,65318.0,299.6958,1784869199999
1784869200000,65318.01,65394.0,65248.0,65325.0,372.30415,1784872799999
1784872800000,65325.01,65519.93,65278.07,65472.0,914.26438,1784876399999
1784876400000,65472.0,65808.59,65320.69,65499.95,1219.60281,1784879999999
1784880000000,65499.94,65508.17,65302.18,65302.18,306.26025,1784883599999
1784883600000,65302.18,65314.66,64952.38,65113.13,478.93491,1784887199999
1784887200000,65113.13,65157.99,64906.85,64950.0,716.12782,1784890799999
1784890800000,64950.01,65099.99,64857.14,65083.43,751.17375,1784894399999
1784894400000,65083.42,65133.99,64766.0,64780.01,507.45117,1784897999999
1784898000000,64780.0,64802.0,63920.01,64155.46,2007.68582,1784901599999
1784901600000,64155.47,64198.3,63739.75,64055.12,1591.08926,1784905199999
1784905200000,64055.11,64333.33,63858.0,64093.85,1939.18979,1784908799999
1784908800000,64093.86,64200.0,63881.46,63958.0,529.35925,1784912399999
1784912400000,63958.01,64202.91,63905.51,64180.0,525.47557,1784915999999
1784916000000,64180.0,64290.1,64129.75,64272.0,390.98725,1784919599999
1784919600000,64272.01,64292.44,64141.18,64225.32,579.59462,1784923199999
1784923200000,64225.32,64288.02,64128.89,64170.23,214.82759,1784926799999
1784926800000,64170.24,64258.73,64122.29,64155.0,651.81342,1784930399999
1784930400000,64155.0,64216.27,64121.86,64169.01,587.59798,1784933999999
1784934000000,64169.01,64187.4,64134.71,64139.99,412.95391,1784937599999
1784937600000,64140.0,64179.03,64033.18,64073.61,386.54772,1784941199999
1784941200000,64073.61,64160.0,64006.55,64068.01,493.07694,1784944799999
1784944800000,64068.0,64099.99,64017.87,64052.0,479.58839,1784948399999
1784948400000,64052.01,64105.61,64016.65,64085.36,469.51581,1784951999999
1784952000000,64085.36,64205.67,64085.15,64181.46,171.38031,1784955599999
1784955600000,64181.45,64199.76,63980.01,64024.0,245.62438,1784959199999
1784959200000,64024.0,64063.37,63964.57,64010.0,248.54758,1784962799999
1784962800000,64010.0,64038.52,64000.0,64003.2,408.36611,1784966399999
1784966400000,64003.2,64010.01,63810.0,63876.06,507.52898,1784969999999
1784970000000,63876.07,64024.72,63830.0,63999.99,1813.6121,1784973599999
1784973600000,64000.0,64070.0,63996.0,64070.0,200.57959,1784977199999
1784977200000,64069.99,64113.0,64047.09,64064.01,226.46632,1784980799999
1784980800000,64064.01,64123.8,64043.0,64123.8,179.4102,1784984399999
1784984400000,64123.8,64267.78,64106.74,64172.0,285.46591,1784987999999
1784988000000,64172.01,64217.09,64126.0,64214.04,270.20323,1784991599999
1784991600000,64214.05,64272.0,64169.99,64182.0,193.98029,1784995199999
1784995200000,64182.01,64241.71,64123.0,64206.6,126.61028,1784998799999
1784998800000,64206.61,64356.0,64194.37,64267.4,187.81706,1785002399999
1785002400000,64267.41,64475.28,64267.41,64415.99,314.52068,1785005999999
1785006000000,64415.99,64438.12,64388.38,64388.38,219.4973,1785009599999
1785009600000,64388.39,64392.74,64313.0,64339.75,213.90166,1785013199999
1785013200000,64339.75,64430.0,64263.03,64344.02,177.06463,1785016799999
1785016800000,64344.02,64426.0,64344.01,64412.0,625.93723,1785020399999
1785020400000,64412.01,64429.38,64363.0,64375.0,417.8076,1785023999999
1785024000000,64375.01,64507.0,64350.0,64506.99,256.73658,1785027599999
1785027600000,64506.99,64541.66,64456.67,64462.0,277.18148,1785031199999
1785031200000,64462.0,64527.59,64427.59,64527.56,117.0226,1785034799999
1785034800000,64527.57,64582.0,64488.73,64557.0,304.96319,1785038399999
1785038400000,64557.0,64599.95,64491.73,64530.06,425.16453,1785041999999
1785042000000,64530.06,64530.07,64403.95,64417.69,131.14508,1785045599999
1785045600000,64417.68,64457.55,64293.81,64438.0,408.23581,1785049199999
1785049200000,64438.01,64460.0,64341.99,64370.0,273.49735,1785052799999
1785052800000,64370.0,64493.99,64353.0,64480.01,204.14991,1785056399999
1785056400000,64480.02,64549.02,64478.38,64538.0,164.82486,1785059999999
1785060000000,64538.01,64573.73,64497.62,64515.4,137.0474,1785063599999
1785063600000,64515.39,64535.99,64495.17,64507.35,174.84399,1785067199999
1785067200000,64507.36,64662.99,64434.0,64466.67,319.29329,1785070799999
1785070800000,64466.68,64571.42,64414.0,64518.0,319.1541,1785074399999
1785074400000,64517.99,64768.23,64517.99,64712.99,504.24215,1785077999999
1785078000000,64713.0,64827.0,64673.42,64768.0,313.86895,1785081599999
1785081600000,64768.0,64940.51,64703.23,64734.17,420.05042,1785085199999
1785085200000,64734.17,64794.45,64668.91,64697.2,347.81315,1785088799999
1785088800000,64697.21,64769.99,64668.91,64734.38,114.76281,1785092399999
1785092400000,64734.39,64753.0,64671.91,64695.52,369.55718,1785095999999
1785096000000,64695.52,64703.36,64631.57,64649.04,120.01782,1785099599999
1785099600000,64649.04,64924.0,64649.03,64858.02,268.26505,1785103199999
1785103200000,64858.03,65502.6,64858.03,65412.68,1331.07392,1785106799999
1785106800000,65412.69,65577.0,65273.76,65399.99,630.14927,1785110399999
1785110400000,65400.0,65418.81,65065.46,65131.95,465.77387,1785113999999
1785114000000,65131.96,65225.75,64892.03,65206.21,478.78723,1785117599999
1785117600000,65206.21,65281.64,65118.08,65172.0,475.81825,1785121199999
1785121200000,65172.02,65367.73,65161.99,65284.0,519.18282,1785124799999
1785124800000,65284.0,65500.0,65242.69,65282.8,331.55981,1785128399999
1785128400000,65282.81,65493.38,65282.8,65468.38,284.79372,1785131999999
1785132000000,65468.38,65744.6,65404.9,65416.76,867.3473,1785135599999
1785135600000,65416.77,65447.02,65217.16,65221.99,1066.09119,1785139199999
1785139200000,65221.99,65258.0,65128.85,65162.98,724.97518,1785142799999
1785142800000,65162.98,65348.17,65100.0,65262.17,1478.16072,1785146399999
1785146400000,65262.18,65432.0,65230.01,65333.35,412.29993,1785149999999
1785150000000,65333.35,65333.36,65092.0,65100.79,287.15002,1785153599999
1785153600000,65100.79,65255.76,64836.0,65086.0,587.73231,1785157199999
1785157200000,65086.0,65718.0,64913.12,65217.37,1076.54142,1785160799999
1785160800000,65217.38,65431.9,64459.82,64687.45,1132.47674,1785164399999
1785164400000,64687.45,64776.0,64418.01,64554.01,596.28993,1785167999999
1785168000000,64554.0,64970.93,64517.78,64898.52,473.37301,1785171599999
1785171600000,64898.53,65090.0,64794.37,65019.81,404.49207,1785175199999
1785175200000,65019.81,65058.32,64755.67,64878.0,323.26344,1785178799999
1785178800000,64878.0,65078.0,64810.9,64984.0,291.82434,1785182399999
1785182400000,64983.99,65056.0,64908.01,64960.65,197.69959,1785185999999
1785186000000,64960.64,64960.65,64790.28,64821.25,238.07403,1785189599999
1785189600000,64821.26,64821.26,63792.0,63792.0,1130.54656,1785193199999
1785193200000,63792.01,63940.27,63605.56,63755.86,947.65195,1785196799999
1785196800000,63755.86,63827.49,63469.3,63487.88,711.04544,1785200399999
1785200400000,63487.88,63529.89,63059.39,63230.83,1245.20979,1785203999999
1785204000000,63230.82,63305.94,63108.0,63185.59,429.21894,1785207599999
1785207600000,63185.59,63375.39,63168.01,63343.83,728.50056,1785211199999
1785211200000,63343.82,63361.85,63221.26,63350.95,343.17382,1785214799999
1785214800000,63350.95,63623.5,63323.09,63451.61,390.51839,1785218399999
1785218400000,63451.62,63660.72,63395.13,63640.63,460.72288,1785221999999
1785222000000,63640.63,63668.71,63455.58,63505.99,985.9853,1785225599999
1785225600000,63506.0,63546.36,63406.11,63428.08,281.48766,1785229199999
1785229200000,63428.07,63581.33,63368.81,63393.99,315.43759,1785232799999
1785232800000,63393.99,63555.18,63294.0,63473.47,416.0357,1785236399999
1785236400000,63473.48,63593.0,63352.0,63450.0,405.45329,1785239999999
1785240000000,63449.99,63570.0,63364.96,63546.65,440.98415,1785243599999
1785243600000,63546.65,63588.0,62742.47,63104.0,1615.91422,1785247199999
1785247200000,63104.0,63550.0,62965.38,63412.45,868.98588,1785250799999
1785250800000,63412.45,64026.62,63269.28,63928.47,945.11572,1785254399999
1785254400000,63928.46,64100.0,63773.65,64043.26,517.94749,1785257999999
1785258000000,64043.27,64043.27,63504.0,63685.88,527.24876,1785261599999
1785261600000,63685.88,63849.09,63672.26,63734.49,311.5129,1785265199999
1785265200000,63734.49,63904.0,63675.93,63904.0,333.27009,1785268799999
1785268800000,63904.0,64018.39,63880.0,63917.55,300.22119,1785272399999
1785272400000,63917.55,64073.3,63892.0,63972.44,227.23863,1785275999999
1785276000000,63972.44,64020.76,63768.47,63783.71,319.67019,1785279599999
1785279600000,63783.72,63956.4,63562.0,63915.0,768.93138,1785283199999
1785283200000,63915.0,64200.0,63873.54,63953.99,862.01004,1785286799999
1785286800000,63954.0,63999.0,63690.0,63705.06,643.74129,1785290399999
1785290400000,63705.07,64132.42,63658.0,63979.96,459.75103,1785293999999
1785294000000,63979.96,64002.0,63710.0,63753.03,381.54189,1785297599999
1785297600000,63753.04,63970.92,63598.0,63968.34,635.48596,1785301199999
1785301200000,63968.34,64094.2,63890.07,64067.32,612.17163,1785304799999
1785304800000,64067.32,64471.0,64026.64,64435.62,959.62083,1785308399999
1785308400000,64435.63,64575.99,64402.67,64561.0,512.31101,1785311999999
1785312000000,64561.01,64588.0,64283.83,64417.31,442.88681,1785315599999
1785315600000,64417.31,64744.81,64386.94,64698.0,689.93306,1785319199999
1785319200000,64698.01,64718.0,64410.24,64469.83,337.46395,1785322799999
1785322800000,64469.84,64591.73,64422.5,64507.54,317.77588,1785326399999
1785326400000,64507.53,64507.54,64215.93,64276.81,475.5158,1785329999999
1785330000000,64276.82,64667.18,64139.68,64664.7,795.5697,1785333599999
1785333600000,64664.69,64718.87,64047.71,64108.01,736.50705,1785337199999
1785337200000,64108.01,64195.0,63886.0,63964.01,727.70384,1785340799999
1785340800000,63964.01,64146.53,63624.15,63808.33,758.02868,1785344399999
1785344400000,63808.33,64286.71,63709.19,64269.83,486.13508,1785347999999
1785348000000,64269.83,64648.79,63758.0,64501.52,1896.70634,1785351599999
1785351600000,64501.52,64600.0,63511.0,63589.46,1453.05091,1785355199999
1785355200000,63589.46,63746.42,63378.09,63522.01,788.59239,1785358799999
1785358800000,63522.01,63860.0,63267.34,63860.0,771.02443,1785362399999
1785362400000,63860.0,64131.44,63859.99,63942.5,704.70887,1785365999999
1785366000000,63942.5,64067.12,63899.0,63984.28,331.88265,1785369599999
1785369600000,63984.29,64125.61,63603.92,63696.72,649.94769,1785373199999
1785373200000,63696.73,64370.0,63690.0,64266.0,686.07285,1785376799999
1785376800000,64266.01,64411.76,64159.63,64189.99,575.1734,1785380399999
1785380400000,64190.0,64300.91,64133.99,64161.98,422.8264,1785383999999
1785384000000,64161.98,64180.0,64008.5,64023.99,927.45873,1785387599999
1785387600000,64024.0,64182.0,63907.85,64033.89,766.12333,1785391199999
1785391200000,64033.9,64080.0,63957.2,64002.0,642.99866,1785394799999
1785394800000,64001.99,64144.06,63943.29,64026.0,710.04842,1785398399999
1785398400000,64026.0,64358.99,63980.54,64308.01,1143.21426,1785401999999
1785402000000,64308.01,64641.37,64283.8,64567.56,2560.14823,1785405599999
1785405600000,64567.55,64631.99,64562.0,64570.72,459.04462,1785409199999
1785409200000,64570.72,64885.18,64542.73,64788.0,630.38864,1785412799999
1785412800000,64788.01,65043.94,64788.0,64925.0,819.62205,1785416399999
1785416400000,64925.0,65176.6,64689.02,65022.01,1173.19736,1785419999999
1785420000000,65022.0,65042.0,64620.0,64683.97,1065.79722,1785423599999
1785423600000,64683.97,64888.0,64607.31,64730.3,678.51535,1785427199999
1785427200000,64730.29,64963.64,64729.56,64818.01,615.24584,1785430799999
1785430800000,64818.01,64988.0,64772.0,64872.0,452.4677,1785434399999
1785434400000,64871.99,64899.8,64688.0,64702.8,263.9882,1785437999999
1785438000000,64702.8,64904.0,64702.79,64800.0,356.88836,1785441599999
1785441600000,64800.0,64936.0,64752.12,64777.37,330.42092,1785445199999
1785445200000,64777.38,64802.48,64700.34,64735.53,227.76045,1785448799999
1785448800000,64735.53,65029.29,64668.91,64851.16,482.45748,1785452399999
1785452400000,64851.16,65086.4,64740.0,64780.02,491.7787,1785455999999
1785456000000,64780.03,64901.55,64690.29,64724.91,660.4309,1785459599999
1785459600000,64724.92,65409.56,64480.44,64564.01,1217.00276,1785463199999
1785463200000,64564.0,64614.0,64203.58,64297.79,855.65776,1785466799999
1785466800000,64297.79,64439.81,64172.0,64370.0,548.04563,1785470399999
1785470400000,64370.0,64438.0,64236.0,64300.0,391.13431,1785473999999
1785474000000,64299.99,64421.68,64268.47,64363.06,529.40293,1785477599999
1785477600000,64363.06,64496.64,64196.08,64231.97,503.77566,1785481199999
1785481200000,64231.97,64245.57,63878.11,63950.01,3088.95651,1785484799999
1785484800000,63950.01,63987.36,63784.67,63834.01,734.18718,1785488399999
1785488400000,63834.01,63847.13,63638.18,63715.9,562.33026,1785491999999
1785492000000,63715.91,63951.77,63610.0,63918.67,422.39058,1785495599999
1785495600000,63918.68,64011.99,63792.01,63805.51,287.14604,1785499199999
1785499200000,63805.5,63830.62,63627.66,63754.01,516.25828,1785502799999
1785502800000,63754.01,63849.19,63241.71,63270.73,1511.53534,1785506399999
1785506400000,63270.72,63310.0,62466.0,62682.06,3628.40429,1785509999999
1785510000000,62682.05,62769.36,62490.24,62716.57,965.95557,1785513599999
1785513600000,62716.57,62931.79,62709.01,62870.88,857.24803,1785517199999
1785517200000,62870.87,63301.68,62800.0,63245.44,856.72938,1785520799999
1785520800000,63245.44,63302.0,62966.0,63097.57,753.45664,1785524399999
1785524400000,63097.57,63158.0,62936.29,62972.0,304.88916,1785527999999
1785528000000,62972.0,63034.0,62928.35,62953.7,318.42027,1785531599999
1785531600000,62953.7,63062.47,62846.0,62947.78,334.75985,1785535199999
1785535200000,62947.77,63020.0,62870.01,62950.0,440.99494,1785538799999
1785538800000,62950.01,63013.52,62860.64,62887.88,186.49459,1785542399999
1785542400000,62887.88,63024.04,62887.87,62938.01,517.26897,1785545999999
1785546000000,62938.01,62990.0,62923.47,62975.01,386.71985,1785549599999
1785549600000,62975.0,63106.55,62975.0,63075.07,348.67082,1785553199999
1785553200000,63075.08,63075.08,62970.65,63004.48,388.95582,1785556799999
1785556800000,63004.47,63115.37,62993.2,63115.01,223.92941,1785560399999
1785560400000,63115.0,63142.85,63000.85,63020.0,458.27671,1785563999999
1785564000000,63020.0,63086.65,62992.82,63080.64,434.87477,1785567599999
1785567600000,63080.65,63110.89,63034.0,63050.46,150.69173,1785571199999
1785571200000,63050.45,63150.0,63050.45,63126.25,106.02817,1785574799999
1785574800000,63126.25,63139.54,63046.33,63053.17,228.45152,1785578399999
1785578400000,63053.17,63111.09,62986.31,63056.0,321.04349,1785581999999
1785582000000,63055.99,63091.97,63037.72,63076.0,179.08594,1785585599999
1785585600000,63076.0,63119.4,63076.0,63103.68,320.18632,1785589199999
1785589200000,63103.68,63106.83,63051.0,63069.32,187.46878,1785592799999
1785592800000,63069.31,63127.07,63069.31,63126.52,385.79335,1785596399999
1785596400000,63126.53,63126.53,63007.05,63007.06,164.42533,1785599999999
1785600000000,63007.06,63027.65,62874.0,62932.32,327.87182,1785603599999
1785603600000,62932.32,62996.0,62666.0,62708.07,359.17517,1785607199999
1785607200000,62708.06,62734.0,62275.0,62580.56,931.42897,1785610799999
1785610800000,62580.55,62624.0,62461.17,62529.82,312.52626,1785614399999
1785614400000,62529.81,62674.98,62482.99,62662.13,183.46966,1785617999999
1785618000000,62662.14,62864.0,62662.13,62812.75,229.38386,1785621599999
1785621600000,62812.76,62866.62,62794.17,62831.28,129.54917,1785625199999
1785625200000,62831.29,62862.8,62769.97,62823.64,287.81315,1785628799999
1785628800000,62823.65,62979.99,62806.58,62833.99,397.27424,1785632399999
1785632400000,62834.0,63088.0,62834.0,62981.87,215.77694,1785635999999
1785636000000,62981.87,63547.7,62958.54,63451.58,1068.41906,1785639599999
1785639600000,63451.58,63550.0,63380.0,63461.95,388.55462,1785643199999
1785643200000,63461.95,63612.0,63461.95,63590.0,302.37117,1785646799999
1785646800000,63590.0,63634.0,63415.26,63453.27,261.31562,1785650399999
1785650400000,63453.27,63498.15,63435.99,63482.49,160.39885,1785653999999
1785654000000,63482.49,63544.51,63480.0,63506.24,412.11258,1785657599999
1785657600000,63506.23,63530.0,63172.0,63193.99,542.79786,1785661199999
1785661200000,63194.0,63320.0,63094.0,63273.94,277.11141,1785664799999
1785664800000,63273.94,63273.94,63125.06,63205.03,200.2751,1785668399999
1785668400000,63205.03,63206.0,62982.38,63031.99,373.06149,1785671999999
1785672000000,63031.99,63231.67,63031.99,63125.49,247.99863,1785675599999
1785675600000,63125.49,63146.89,63010.0,63126.92,262.12825,1785679199999
1785679200000,63126.92,63186.0,63062.0,63069.37,314.22912,1785682799999
1785682800000,63069.37,63186.0,63050.0,63109.14,191.05332,1785686399999
1785686400000,63109.13,63273.49,63064.01,63180.36,267.96361,1785689999999
1785690000000,63180.36,63342.0,63152.0,63300.28,318.39177,1785693599999
1785693600000,63300.0,63610.01,63290.0,63382.01,518.81545,1785697199999
1785697200000,63382.01,63479.85,63323.89,63456.01,247.35839,1785700799999
1785700800000,63456.0,63501.48,63404.69,63494.52,140.51262,1785704399999
1785704400000,63494.51,63785.0,63479.45,63578.0,457.27756,1785707999999
1785708000000,63578.01,63796.33,63376.71,63424.58,484.1409,1785711599999
1785711600000,63424.58,63596.0,63344.0,63570.0,337.67298,1785715199999
1785715200000,63570.01,63596.0,63208.3,63317.6,357.32342,1785718799999
1785718800000,63317.61,63350.0,63111.1,63212.16,372.31318,1785722399999
1785722400000,63212.16,63286.0,63100.0,63141.4,334.18959,1785725999999
1785726000000,63141.39,63168.44,62786.04,62870.49,516.46423,1785729599999
1785729600000,62870.48,63001.77,62770.37,62790.0,320.41763,1785733199999
1785733200000,62790.0,62875.02,62751.3,62827.17,546.69206,1785736799999
1785736800000,62827.17,62872.58,62613.0,62623.6,396.31841,1785740399999
1785740400000,62623.6,62700.0,62552.04,62621.1,1264.72827,1785743999999
1785744000000,62621.1,62647.69,62300.0,62541.5,657.33122,1785747599999
1785747600000,62541.5,62863.1,62520.0,62837.4,585.41075,1785751199999
1785751200000,62837.4,62860.0,62615.11,62742.01,443.80935,1785754799999
1785754800000,62742.01,62778.92,62540.95,62560.01,282.26451,1785758399999
1785758400000,62560.01,62799.3,62445.26,62700.0,437.23263,1785761999999
1785762000000,62700.01,63390.0,62562.42,63351.09,1121.39133,1785765599999
1785765600000,63351.09,63992.71,63136.0,63967.19,2387.82383,1785769199999
1785769200000,63967.19,63989.75,63646.59,63694.91,1368.53804,1785772799999
1785772800000,63694.9,63939.99,63664.0,63776.46,800.0795,1785776399999
1785776400000,63776.46,64059.75,63714.55,63906.0,628.1066,1785779999999
1785780000000,63905.99,64000.0,63768.0,63870.87,368.04477,1785783599999
1785783600000,63870.87,64080.0,63846.0,63869.38,545.18183,1785787199999
1785787200000,63869.38,64023.61,63769.92,63775.43,498.9936,1785790799999
1785790800000,63775.43,63791.98,63548.0,63590.15,427.95014,1785794399999
1785794400000,63590.15,63680.0,63392.01,63618.0,422.48287,1785797999999
1785798000000,63618.01,63621.35,63465.43,63520.0,460.20967,1785801599999
1785801600000,63520.0,63585.09,63322.01,63361.99,536.23408,1785805199999
1785805200000,63362.0,63927.99,63361.99,63847.93,808.63269,1785808799999
1785808800000,63847.92,63972.0,63686.44,63822.44,596.20908,1785812399999
1785812400000,63822.45,63860.0,63649.0,63800.01,343.13285,1785815999999
1785816000000,63800.01,64243.81,63762.0,64029.0,795.09044,1785819599999
1785819600000,64029.01,64056.0,63788.23,63818.48,306.74636,1785823199999
1785823200000,63818.47,63859.71,63654.16,63670.0,321.82249,1785826799999
1785826800000,63670.0,63763.63,63506.78,63685.74,779.79552,1785830399999
1785830400000,63685.73,63748.22,63564.99,63588.94,412.14854,1785833999999
1785834000000,63589.04,63610.0,63516.43,63603.73,356.68509,1785837599999
1785837600000,63603.73,63842.0,63451.8,63764.0,613.8334,1785841199999
1785841200000,63763.99,63950.0,63712.0,63926.0,457.77198,1785844799999
1785844800000,63926.0,64062.46,63788.0,63906.41,546.54537,1785848399999
1785848400000,63906.41,64097.74,63656.0,63683.94,1052.90355,1785851999999
1785852000000,63683.95,64193.54,63615.38,64128.72,879.92592,1785855599999
1785855600000,64128.73,64238.0,63814.29,64125.14,876.1178,1785859199999
1785859200000,64125.14,64130.0,63897.22,63950.93,546.40306,1785862799999
1785862800000,63950.94,64184.0,63892.0,63972.09,719.77508,1785866399999
1785866400000,63972.09,64400.0,63965.73,64305.99,693.34672,1785869999999
1785870000000,64305.99,64413.21,64193.57,64233.36,534.82384,1785873599999
1785873600000,64233.35,64420.0,64001.68,64341.0,558.35238,1785877199999
1785877200000,64341.0,64341.99,64175.52,64194.0,220.73608,1785880799999
1785880800000,64193.99,64293.91,64140.0,64270.61,181.53234,1785884399999
1785884400000,64270.62,64549.16,64081.26,64106.56,551.91443,1785887999999
1785888000000,64106.55,64193.25,63978.44,63988.0,649.78599,1785891599999
1785891600000,63988.0,64346.0,63950.0,64333.84,393.02738,1785895199999
1785895200000,64333.85,64504.0,64322.59,64368.26,562.72054,1785898799999
1785898800000,64368.27,64446.0,64046.0,64183.27,445.73851,1785902399999
1785902400000,64183.27,64218.0,64088.01,64176.7,184.21473,1785905999999
1785906000000,64176.69,64525.97,64163.36,64330.87,480.37923,1785909599999
1785909600000,64330.86,64373.31,64229.34,64253.58,396.58374,1785913199999
1785913200000,64253.59,64272.0,63995.89,64163.99,577.00898,1785916799999
1785916800000,64164.0,64280.0,64098.0,64120.81,335.28683,1785920399999
1785920400000,64120.81,64210.83,64102.95,64155.05,184.00109,1785923999999
1785924000000,64155.06,64242.93,64020.0,64062.23,387.90421,1785927599999
1785927600000,64062.23,64150.0,64044.5,64075.28,258.58817,1785931199999
1785931200000,64075.28,64581.43,64050.0,64332.43,1037.97436,1785934799999
1785934800000,64332.43,64412.0,63880.0,64407.99,1022.29322,1785938399999
1785938400000,64407.99,64578.0,64300.0,64476.39,1047.50709,1785941999999
1785942000000,64476.4,64744.0,64385.49,64388.01,986.83874,1785945599999
1785945600000,64388.01,64760.99,64388.0,64661.99,538.9344,1785949199999
1785949200000,64661.99,64804.0,64541.71,64770.0,480.07544,1785952799999
1785952800000,64770.0,64844.99,64670.01,64799.1,509.17226,1785956399999
1785956400000,64799.1,64936.18,64781.79,64840.28,466.98679,1785959999999
1785960000000,64840.27,65025.22,64806.46,64822.89,498.389,1785963599999
1785963600000,64822.88,64825.78,64657.69,64733.13,467.37291,1785967199999
1785967200000,64733.13,64783.84,64629.81,64636.0,271.07045,1785970799999
1785970800000,64636.0,64749.99,64579.15,64665.23,561.00122,1785974399999
1785974400000,64665.24,64724.38,64572.0,64644.99,476.9934,1785977999999
1785978000000,64644.92,64659.65,64498.0,64580.07,393.9399,1785981599999
1785981600000,64580.08,64650.62,64439.34,64579.36,432.25507,1785985199999
1785985200000,64579.36,64583.63,64493.2,64531.03,197.99261,1785988799999
1785988800000,64531.03,64755.72,64496.27,64734.65,354.38235,1785992399999
1785992400000,64734.65,64996.0,64730.26,64908.09,515.23827,1785995999999
1785996000000,64908.1,64908.1,64745.69,64860.0,233.29381,1785999599999
1785999600000,64860.0,64965.66,64776.0,64809.7,679.84082,1786003199999
1786003200000,64809.7,64999.0,64760.0,64941.99,323.50568,1786006799999
1786006800000,64942.0,64944.0,64630.0,64683.62,404.08385,1786010399999
1786010400000,64683.62,64685.05,64581.21,64615.95,207.8831,1786013999999
1786014000000,64615.95,64661.26,64503.54,64622.09,372.14171,1786017599999
1786017600000,64622.08,64637.68,64381.96,64424.0,336.45805,1786021199999
1786021200000,64424.01,64524.21,64172.0,64434.01,870.19548,1786024799999
1786024800000,64434.01,64850.0,64362.0,64778.0,781.12724,1786028399999
1786028400000,64778.01,64987.26,64624.29,64631.87,772.83402,1786031999999
1786032000000,64631.88,64778.0,64592.37,64757.99,370.31723,1786035599999
1786035600000,64758.0,64834.0,64548.81,64621.69,293.75208,1786039199999
1786039200000,64621.68,64621.69,64378.67,64418.47,347.29306,1786042799999
1786042800000,64418.48,64474.71,64365.0,64446.0,449.59357,1786046399999
1786046400000,64446.01,64536.32,64439.7,64439.7,195.47529,1786049999999
1786050000000,64439.71,64513.99,64404.74,64440.74,249.73283,1786053599999
1786053600000,64440.74,64450.0,64330.4,64351.49,210.70667,1786057199999
1786057200000,64351.48,64360.01,64200.0,64323.61,395.39675,1786060799999
1786060800000,64323.61,64410.0,64230.59,64317.99,285.45231,1786064399999
1786064400000,64318.0,64476.78,64300.0,64422.55,351.02167,1786067999999
1786068000000,64422.54,64544.0,64252.09,64399.87,388.69448,1786071599999
1786071600000,64399.88,64407.73,64260.0,64289.99,199.96303,1786075199999
1786075200000,64289.99,64364.08,64166.0,64255.13,222.89749,1786078799999
1786078800000,64255.14,64400.0,64177.62,64336.43,321.20596,1786082399999
1786082400000,64336.42,64463.75,64283.91,64304.12,452.26837,1786085999999
1786086000000,64304.12,64436.13,64264.0,64319.84,382.39149,1786089599999
1786089600000,64319.84,64672.1,64304.22,64600.0,433.22408,1786093199999
1786093200000,64600.0,64965.0,64599.99,64839.32,917.15159,1786096799999
1786096800000,64839.32,64916.0,64802.0,64893.98,362.71626,1786100399999
1786100400000,64893.99,65213.33,64893.64,65029.98,652.67441,1786103999999
1786104000000,65029.98,65390.99,64986.26,65292.32,1412.7636,1786107599999
1786107600000,65292.31,65338.0,64984.68,65009.24,1271.25225,1786111199999
1786111200000,65009.23,65275.03,64788.0,64957.98,982.58571,1786114799999
1786114800000,64957.98,65136.17,64894.83,64912.72,468.0279,1786118399999
1786118400000,64912.71,65072.31,64814.0,64814.0,485.33624,1786121999999
1786122000000,64814.01,64828.82,64525.0,64764.33,603.65716,1786125599999
1786125600000,64764.33,64881.13,64676.0,64735.51,225.44204,1786129199999
1786129200000,64735.52,65039.42,64735.52,64960.47,398.55222,1786132799999
1786132800000,64960.46,65053.56,64948.0,64972.0,238.49651,1786136399999
1786136400000,64972.0,65102.0,64928.0,64928.01,187.58406,1786139999999
1786140000000,64928.02,64947.7,64846.0,64888.0,304.11479,1786143599999
1786143600000,64888.0,64923.2,64869.99,64923.19,259.93041,1786147199999
1786147200000,64923.2,64954.0,64784.19,64929.01,432.5947,1786150799999
1786150800000,64929.01,64965.0,64908.97,64911.79,283.12303,1786154399999
1786154400000,64911.8,64957.47,64894.49,64923.97,317.46111,1786157999999
1786158000000,64923.98,65074.18,64918.28,65033.0,277.39242,1786161599999
1786161600000,65033.0,65071.15,64971.18,65013.58,199.83614,1786165199999
1786165200000,65013.58,65018.64,64976.0,64995.39,118.91329,1786168799999
1786168800000,64995.39,65014.0,64959.81,65006.61,298.35674,1786172399999
1786172400000,65006.61,65006.61,64951.34,64960.0,169.03379,1786175999999
1786176000000,64959.99,65020.5,64948.56,64993.87,150.80437,1786179599999
1786179600000,64993.88,65050.0,64992.98,64994.31,303.53576,1786183199999
1786183200000,64994.31,65022.43,64994.31,65005.87,144.30853,1786186799999
1786186800000,65005.88,65024.1,64957.0,64967.35,178.16146,1786190399999
1786190400000,64967.36,65050.55,64924.0,65008.34,234.45077,1786193999999
1786194000000,65008.33,65018.0,65000.0,65015.27,187.85749,1786197599999
1786197600000,65015.27,65192.54,65015.27,65129.02,356.35929,1786201199999
1786201200000,65129.01,65149.57,65061.31,65080.82,186.5848,1786204799999
1786204800000,65080.83,65116.82,65039.0,65086.45,128.83529,1786208399999
1786208400000,65086.46,65150.0,65075.46,65119.75,187.72596,1786211999999
1786212000000,65119.75,65119.75,65025.54,65044.07,168.52013,1786215599999
1786215600000,65044.08,65093.7,65017.39,65075.41,205.39734,1786219199999
1786219200000,65075.4,65100.61,65060.0,65082.41,382.31735,1786222799999
1786222800000,65082.42,65082.42,65000.53,65012.96,216.53129,1786226399999
1786226400000,65012.95,65038.0,64948.17,64950.61,427.30382,1786229999999
1786230000000,64950.62,64975.99,64936.01,64962.6,204.73811,1786233599999
1786233600000,64962.6,64991.93,64958.17,64973.65,214.05253,1786237199999
1786237200000,64973.65,65002.0,64838.33,64861.46,330.74593,1786240799999
1786240800000,64861.46,64863.16,64777.92,64820.01,255.40052,1786244399999
1786244400000,64820.01,64820.01,64730.08,64788.8,153.75776,1786247999999
1786248000000,64788.8,64826.13,64785.0,64785.0,156.31772,1786251599999
1786251600000,64785.01,64801.58,64777.0,64801.58,194.39306,1786255199999
1786255200000,64801.57,64867.11,64801.57,64849.99,216.36529,1786258799999
1786258800000,64850.0,64860.01,64826.14,64826.14,338.38864,1786262399999
1786262400000,64826.15,64960.06,64792.1,64824.16,328.93534,1786265999999
1786266000000,64824.17,64877.86,64809.68,64877.85,149.22124,1786269599999
1786269600000,64877.86,64994.07,64877.85,64959.86,249.48898,1786273199999
1786273200000,64959.87,65000.0,64950.0,64950.0,150.77221,1786276799999
1786276800000,64950.01,64962.41,64914.73,64960.11,166.88575,1786280399999
1786280400000,64960.12,65266.0,64960.11,65219.78,406.90586,1786283999999
1786284000000,65219.78,65300.0,65150.95,65260.01,280.8075,1786287599999
1786287600000,65260.01,65264.0,65214.0,65228.68,364.1864,1786291199999
1786291200000,65228.68,65266.06,65182.36,65232.14,289.41282,1786294799999
1786294800000,65232.15,65239.18,65198.68,65198.68,130.05099,1786298399999
1786298400000,65198.68,65220.0,65192.0,65199.68,83.21999,1786301999999
1786302000000,65199.69,65210.0,65179.72,65180.66,257.6312,1786305599999
1786305600000,65180.66,65181.99,65046.25,65137.96,465.99754,1786309199999
1786309200000,65137.96,65250.0,65115.05,65192.99,485.32235,1786312799999
1786312800000,65192.99,65474.46,64971.41,65077.13,941.55321,1786316399999
1786316400000,65077.13,65108.0,64842.59,64901.59,421.42323,1786319999999
1786320000000,64901.59,65322.58,64826.78,64968.01,556.44925,1786323599999
1786323600000,64968.21,65391.14,64900.0,65189.99,410.26148,1786327199999
1786327200000,65190.0,65220.0,64903.54,65099.99,432.7132,1786330799999
1786330800000,65099.99,65172.0,64904.99,64982.01,335.63049,1786334399999
1786334400000,64982.0,65100.0,64924.0,65006.73,333.49313,1786337999999
1786338000000,65006.74,65159.25,64979.88,65134.0,299.63603,1786341599999
1786341600000,65134.0,65339.7,65130.01,65299.4,433.93661,1786345199999
1786345200000,65299.4,65379.13,65196.53,65202.73,554.01187,1786348799999
1786348800000,65202.72,65328.73,65192.0,65245.58,316.81156,1786352399999
1786352400000,65245.59,65245.59,64958.87,64967.24,389.34609,1786355999999
1786356000000,64967.25,65074.61,64967.24,65013.06,428.4961,1786359599999
1786359600000,65013.07,65130.16,64977.93,65125.98,160.3373,1786363199999
1786363200000,65125.99,65237.8,64850.0,64870.75,596.12387,1786366799999
1786366800000,64870.74,64973.72,64518.01,64561.98,1297.24239,1786370399999
1786370400000,64561.98,64888.32,64544.01,64625.77,650.29814,1786373999999
1786374000000,64625.77,64711.43,64203.15,64299.99,1096.33991,1786377599999
1786377600000,64299.99,64354.0,63830.57,63904.65,1498.06925,1786381199999
1786381200000,63904.65,64027.12,63832.0,63953.04,1290.55418,1786384799999
1786384800000,63953.04,64020.64,63806.27,63889.39,944.06538,1786388399999
1786388400000,63889.39,64101.34,63888.01,64045.7,543.26284,1786391999999
1786392000000,64045.7,64215.21,64023.06,64158.5,286.34235,1786395599999
1786395600000,64158.49,64158.5,63987.0,63987.0,239.68387,1786399199999
1786399200000,63987.0,64055.95,63944.0,64016.0,216.96727,1786402799999
1786402800000,64015.99,64020.0,63920.69,63970.01,328.33621,1786406399999
1786406400000,63970.01,64058.0,63895.64,64040.0,690.26826,1786409999999
1786410000000,64040.01,64080.1,63958.2,64060.8,355.07512,1786413599999
1786413600000,64060.8,64086.0,64030.0,64044.59,263.24469,1786417199999
1786417200000,64044.6,64176.0,64044.59,64155.01,524.13513,1786420799999
1786420800000,64155.0,64159.65,64021.02,64023.51,360.17249,1786424399999
1786424400000,64023.51,64051.93,63964.0,64000.0,217.31247,1786427999999
1786428000000,64000.0,64050.43,63852.0,63969.28,681.87714,1786431599999
1786431600000,63969.29,64108.0,63911.09,64065.99,380.83043,1786435199999
1786435200000,64066.0,64148.78,64044.72,64136.41,168.66039,1786438799999
1786438800000,64136.41,64300.0,64121.51,64300.0,453.24003,1786442399999
1786442400000,64300.0,64312.7,64200.0,64233.23,408.12036,1786445999999
1786446000000,64233.23,64400.0,64233.23,64389.57,538.09782,1786449599999
1786449600000,64389.58,64515.43,64274.57,64330.01,714.43565,1786453199999
1786453200000,64330.0,64368.42,64050.0,64200.28,1390.7479,1786456799999
1786456800000,64200.29,64263.83,63714.75,63770.03,985.02313,1786460399999
1786460400000,63770.03,63868.0,63451.0,63609.87,1286.57237,1786463999999
1786464000000,63609.86,63660.0,63459.54,63512.59,740.82749,1786467599999
1786467600000,63512.59,63632.94,63461.88,63607.88,482.84238,1786471199999
1786471200000,63607.87,63626.03,63251.59,63373.07,749.01907,1786474799999
1786474800000,63373.07,63536.0,63238.0,63536.0,452.04779,1786478399999
1786478400000,63536.0,63748.37,63536.0,63740.0,321.5572,1786481999999
1786482000000,63740.0,63768.58,63622.0,63672.73,269.417,1786485599999
1786485600000,63672.73,63768.0,63626.25,63668.49,253.27935,1786489199999
1786489200000,63668.5,63668.5,63543.55,63600.0,204.82882,1786492799999
1786492800000,63600.01,63745.53,63534.01,63742.07,247.42097,1786496399999
1786496400000,63742.07,63855.5,63698.18,63813.8,499.92358,1786499999999
1786500000000,63813.8,63908.01,63730.72,63749.76,612.29132,1786503599999
1786503600000,63749.77,63845.91,63709.85,63835.59,538.85374,1786507199999
1786507200000,63835.58,63891.42,63739.99,63769.58,568.35931,1786510799999
1786510800000,63769.58,63869.56,63724.25,63849.94,540.4656,1786514399999
1786514400000,63849.94,63849.94,63606.15,63711.97,563.28705,1786517999999
1786518000000,63711.97,63838.0,63644.1,63837.99,458.43036,1786521599999
1786521600000,63838.0,63867.2,63773.98,63794.94,303.11959,1786525199999
1786525200000,63794.95,64130.47,63768.01,64108.81,553.52986,1786528799999
1786528800000,64108.82,64218.0,64059.99,64143.36,996.13758,1786532399999
1786532400000,64143.36,64249.5,64113.5,64240.04,414.30431,1786535999999
1786536000000,64240.04,64500.0,63976.37,64119.71,1297.05947,1786539599999
1786539600000,64119.72,64159.36,63840.0,63840.0,727.44098,1786543199999
1786543200000,63840.0,63926.13,63362.74,63363.39,1163.88428,1786546799999
1786546800000,63363.39,63570.01,63316.0,63441.47,771.05562,1786550399999
1786550400000,63441.48,63578.0,63368.35,63492.12,487.79219,1786553999999
1786554000000,63492.12,63556.0,63416.4,63471.0,292.36777,1786557599999
1786557600000,63470.99,63522.56,63373.97,63386.59,396.92257,1786561199999
1786561200000,63386.58,63465.13,63310.34,63421.11,381.53313,1786564799999
1786564800000,63421.11,63600.0,63421.11,63599.99,307.26199,1786568399999
1786568400000,63600.0,63661.24,63421.61,63469.83,267.57645,1786571999999
1786572000000,63469.84,63536.0,63370.0,63432.28,240.00896,1786575599999
1786575600000,63432.28,63482.89,63378.23,63479.99,998.04154,1786579199999
1786579200000,63479.99,63717.31,63460.32,63556.92,406.77009,1786582799999
1786582800000,63556.91,63631.67,63382.45,63456.11,317.88444,1786586399999
1786586400000,63456.1,63582.0,63380.0,63550.01,458.1649,1786589999999
1786590000000,63550.01,63686.4,63514.21,63646.99,401.71819,1786593599999
1786593600000,63647.0,63778.0,63591.56,63693.74,223.42484,1786597199999
1786597200000,63693.73,64010.0,63671.64,63878.0,500.10882,1786600799999
1786600800000,63878.01,63942.36,63757.47,63942.35,256.03719,1786604399999
1786604400000,63942.36,63947.09,63856.13,63865.84,533.09585,1786607999999
1786608000000,63865.84,63915.0,63742.0,63766.8,439.81868,1786611599999
1786611600000,63766.8,63786.49,63587.99,63782.64,337.82326,1786615199999
1786615200000,63782.65,63818.16,63586.0,63651.19,317.79982,1786618799999
1786618800000,63651.2,63660.76,63350.0,63484.3,355.63538,1786622399999
1786622400000,63484.31,63710.0,63450.0,63697.76,384.47294,1786625999999
1786626000000,63697.76,63850.0,63566.0,63724.0,561.86509,1786629599999
1786629600000,63723.99,63999.0,63686.0,63859.45,669.38212,1786633199999
1786633200000,63859.46,63940.08,63420.0,63420.01,505.15868,1786636799999
1786636800000,63420.01,63568.97,62802.27,63160.13,1752.37181,1786640399999
1786640400000,63160.13,63294.61,63074.44,63144.38,644.48394,1786643999999
1786644000000,63144.37,63369.63,63105.44,63310.0,325.89181,1786647599999
1786647600000,63310.0,63519.39,63310.0,63407.99,349.14796,1786651199999
1786651200000,63408.0,63474.34,63368.0,63415.55,239.68311,1786654799999
1786654800000,63415.56,63500.0,63390.0,63474.0,188.33344,1786658399999
1786658400000,63474.0,63640.0,63473.99,63530.01,226.97651,1786661999999
1786662000000,63530.01,63539.03,63400.0,63490.86,397.80966,1786665599999
1786665600000,63490.86,63552.99,63410.0,63541.45,377.80366,1786669199999
1786669200000,63541.45,63585.92,63458.0,63575.86,310.91391,1786672799999
1786672800000,63575.86,63617.45,63465.38,63465.39,489.39475,1786676399999
1786676400000,63465.39,63576.0,63301.58,63310.0,296.84163,1786679999999
1786680000000,63310.0,63472.5,63276.0,63372.56,530.66039,1786683599999
1786683600000,63372.56,63400.3,63286.67,63379.83,201.71573,1786687199999
1786687200000,63379.83,63379.83,62942.0,62974.14,627.73261,1786690799999
1786690800000,62974.14,63110.0,62920.0,62920.78,730.23378,1786694399999
1786694400000,62920.78,62997.83,62700.0,62940.01,892.48443,1786697999999
1786698000000,62940.01,62940.01,62744.0,62792.75,501.14919,1786701599999
1786701600000,62792.75,62946.0,62739.98,62814.14,598.55074,1786705199999
1786705200000,62814.14,62936.82,62814.0,62868.83,444.92265,1786708799999
1786708800000,62868.83,62913.3,62726.26,62741.69,486.51649,1786712399999
1786712400000,62741.68,62822.33,62605.0,62668.0,987.78817,1786715999999
1786716000000,62668.0,62797.88,62535.24,62620.01,998.23888,1786719599999
1786719600000,62620.01,63089.18,62612.0,62990.95,988.09918,1786723199999
1786723200000,62990.94,63215.58,62966.86,63133.48,566.22185,1786726799999
1786726800000,63133.49,63247.05,63000.0,63013.69,454.05828,1786730399999
1786730400000,63013.7,63088.21,62894.85,62930.01,367.77038,1786733999999
1786734000000,62930.01,62996.0,62830.0,62968.05,394.98545,1786737599999
1786737600000,62968.06,63020.74,62896.85,62907.59,359.43765,1786741199999
1786741200000,62907.59,62937.22,62873.25,62928.49,179.646,1786744799999
1786744800000,62928.49,62957.28,62800.0,62886.88,226.57205,1786748399999
1786748400000,62886.87,63066.13,62865.03,63043.56,329.09114,1786751999999
1786752000000,63043.56,63059.5,62992.91,63019.88,208.64233,1786755599999
1786755600000,63019.89,63051.78,62993.57,63045.13,485.23532,1786759199999
1786759200000,63045.14,63134.82,63035.95,63134.41,243.54429,1786762799999
1786762800000,63134.41,63187.98,63039.99,63051.25,184.46775,1786766399999
1786766400000,63051.25,63151.65,63051.25,63122.0,172.30243,1786769999999
1786770000000,63122.01,63155.76,63039.99,63089.0,213.28052,1786773599999
1786773600000,63089.0,63134.84,63027.89,63114.68,373.75318,1786777199999
1786777200000,63114.68,63134.83,63042.0,63075.43,688.73174,1786780799999
1786780800000,63075.43,63085.8,62933.71,62935.72,177.99645,1786784399999
1786784400000,62935.72,63045.83,62920.0,63030.38,183.99371,1786787999999
1786788000000,63030.39,63051.74,63002.12,63046.1,79.58111,1786791599999
1786791600000,63046.1,63054.69,62996.85,63022.01,175.71191,1786795199999
1786795200000,63022.01,63055.36,62946.58,63050.13,109.73402,1786798799999
1786798800000,63050.12,63080.88,63028.11,63060.35,132.2968,1786802399999
1786802400000,63060.34,63060.35,62996.77,63040.0,244.03751,1786805999999
1786806000000,63040.01,63120.09,63032.0,63100.55,214.37562,1786809599999
1786809600000,63100.55,63124.99,63066.73,63096.63,202.83972,1786813199999
1786813200000,63096.62,63100.69,63066.21,63070.5,96.56413,1786816799999
1786816800000,63070.49,63115.58,63044.37,63057.58,294.79086,1786820399999
1786820400000,63057.58,63127.4,63057.57,63126.08,516.06271,1786823999999
1786824000000,63126.07,63126.08,63076.96,63103.29,55.31906,1786827599999
1786827600000,63103.29,63168.95,63103.29,63159.04,170.99952,1786831199999
1786831200000,63159.04,63175.0,63135.52,63135.52,95.56932,1786834799999
1786834800000,63135.52,63139.96,63086.0,63086.01,85.33037,1786838399999
1786838400000,63086.01,63086.01,63061.47,63085.82,94.57372,1786841999999
1786842000000,63085.81,63085.82,63012.0,63084.78,180.55557,1786845599999
1786845600000,63084.78,63151.59,63024.22,63121.91,245.34897,1786849199999
1786849200000,63121.92,63130.01,63115.61,63130.0,105.94774,1786852799999
1786852800000,63130.01,63158.8,63090.0,63090.01,130.32114,1786856399999
1786856400000,63090.0,63094.0,63040.0,63069.43,235.12057,1786859999999
1786860000000,63069.43,63083.79,63043.21,63069.31,280.31849,1786863599999
1786863600000,63069.32,63069.32,63054.34,63061.02,146.93998,1786867199999
1786867200000,63061.03,63079.76,63061.02,63072.42,108.9221,1786870799999
1786870800000,63072.43,63072.43,62968.45,62992.69,290.93169,1786874399999
1786874400000,62992.68,63013.62,62968.45,63008.57,133.29459,1786877999999
1786878000000,63008.56,63013.66,62981.93,63013.66,213.61707,1786881599999
1786881600000,63013.66,63025.42,62997.77,63021.98,78.74312,1786885199999
1786885200000,63021.99,63070.05,63021.98,63060.01,146.76198,1786888799999
1786888800000,63060.01,63102.86,63060.0,63102.85,159.23473,1786892399999
1786892400000,63102.86,63146.4,63102.86,63146.39,173.3934,1786895999999
1786896000000,63146.39,63390.0,63137.35,63260.01,394.04188,1786899599999
1786899600000,63260.0,63276.61,63120.22,63159.3,190.81967,1786903199999
1786903200000,63159.31,63173.71,63120.0,63140.06,89.92171,1786906799999
1786906800000,63140.05,63230.0,63100.89,63108.81,186.2917,1786910399999
1786910400000,63108.8,63140.0,63027.6,63067.79,122.98382,1786913999999
1786914000000,63067.79,63085.15,62754.0,62929.61,328.59983,1786917599999
1786917600000,62929.61,62954.0,62716.0,62913.7,453.8874,1786921199999
1786921200000,62913.7,62993.77,62830.0,62900.0,246.66048,1786924799999
1786924800000,62900.0,62956.0,62751.1,62917.54,577.24276,1786928399999
1786928400000,62917.54,63246.91,62896.0,63116.12,495.52019,1786931999999
1786932000000,63116.12,63500.0,63037.09,63403.34,459.80516,1786935599999
1786935600000,63403.33,63520.0,63339.78,63429.21,637.65934,1786939199999
1786939200000,63429.21,63580.0,63429.21,63532.44,714.19197,1786942799999
1786942800000,63532.43,63594.76,63446.59,63520.18,770.70619,1786946399999
1786946400000,63520.18,63717.17,63477.95,63667.99,312.69187,1786949999999
1786950000000,63668.0,63668.0,63500.0,63514.45,696.41924,1786953599999
1786953600000,63514.45,63545.08,63350.0,63380.84,520.36494,1786957199999
1786957200000,63380.83,63428.0,63295.0,63323.96,311.26926,1786960799999
1786960800000,63323.97,63694.26,63300.25,63692.21,683.00101,1786964399999
1786964400000,63692.2,63781.69,63587.05,63631.1,428.28018,1786967999999
1786968000000,63631.11,63680.0,63533.06,63554.69,405.66003,1786971599999
1786971600000,63554.7,63799.64,63444.17,63672.36,585.29579,1786975199999
1786975200000,63672.37,63904.76,63588.0,63902.63,583.47166,1786978799999
1786978800000,63902.63,64227.27,63812.35,64200.0,1356.1435,1786982399999
1786982400000,64200.0,64216.42,64058.0,64115.76,671.84426,1786985999999
1786986000000,64115.76,64425.0,63979.3,64325.99,1418.9831,1786989599999
1786989600000,64325.99,64610.01,64280.49,64428.87,1040.45275,1786993199999
1786993200000,64428.88,64428.88,64288.35,64309.96,452.68874,1786996799999
1786996800000,64309.95,64434.0,64266.0,64392.73,244.13801,1787000399999
1787000400000,64392.72,64434.76,64296.0,64382.02,218.14648,1787003999999
1787004000000,64382.02,64416.0,64283.49,64291.25,321.62233,1787007599999
1787007600000,64291.26,64578.0,64288.24,64532.1,350.04837,1787011199999
1787011200000,64532.11,64568.46,64367.27,64383.71,332.9031,1787014799999
1787014800000,64383.72,64387.71,64156.0,64200.06,378.48537,1787018399999
1787018400000,64200.06,64272.0,64048.0,64103.22,442.34864,1787021999999
1787022000000,64103.22,64195.45,64047.73,64185.01,577.49413,1787025599999
1787025600000,64185.0,64250.69,64090.0,64210.32,739.25374,1787029199999
1787029200000,64210.33,64276.0,64140.0,64242.76,1323.90812,1787032799999
1787032800000,64242.76,64446.0,64170.0,64318.03,694.7657,1787036399999
1787036400000,64318.03,64350.0,64164.0,64198.97,394.05527,1787039999999
1787040000000,64198.97,64336.0,64087.98,64296.02,402.40674,1787043599999
1787043600000,64296.01,64296.01,64140.0,64171.95,269.49893,1787047199999
1787047200000,64171.95,64216.0,64123.42,64202.8,219.75251,1787050799999
1787050800000,64202.81,64402.35,64192.42,64351.19,310.52659,1787054399999
1787054400000,64351.18,64355.64,64218.45,64230.02,236.94493,1787057999999
1787058000000,64230.02,64284.0,64027.85,64219.99,1179.78725,1787061599999
1787061600000,64219.99,65058.81,64219.99,64714.16,1757.31459,1787065199999
1787065200000,64714.16,64888.0,64652.0,64855.06,513.17463,1787068799999
1787068800000,64855.06,64891.81,64675.5,64840.0,419.07089,1787072399999
1787072400000,64840.0,64840.01,64670.02,64670.02,400.18777,1787075999999
1787076000000,64670.02,64822.0,64656.0,64772.0,219.3896,1787079599999
1787079600000,64771.99,64796.0,64642.36,64643.26,185.09854,1787083199999
1787083200000,64643.27,64654.87,64568.0,64582.39,191.92081,1787086799999
1787086800000,64582.38,64653.97,64571.48,64604.58,187.67225,1787090399999
1787090400000,64604.58,64648.0,64562.25,64634.0,200.09422,1787093999999
1787094000000,64634.0,64780.0,64631.15,64725.42,213.8588,1787097599999
1787097600000,64725.42,64736.27,64488.0,64488.0,247.80518,1787101199999
1787101200000,64488.0,64551.47,64389.27,64400.48,314.2814,1787104799999
1787104800000,64400.47,64414.65,64350.0,64351.9,547.93834,1787108399999
1787108400000,64351.86,64414.0,64278.0,64330.71,258.70445,1787111999999
1787112000000,64330.7,64391.8,64293.43,64316.22,402.06932,1787115599999
1787115600000,64316.22,64409.93,64236.0,64236.01,258.31718,1787119199999
1787119200000,64236.01,64344.0,64166.0,64339.8,531.39508,1787122799999
1787122800000,64339.8,64395.78,64271.78,64296.0,630.66386,1787126399999
1787126400000,64296.01,64510.95,64255.0,64413.95,381.23164,1787129999999
1787130000000,64413.95,64470.66,64360.7,64427.06,228.1951,1787133599999
1787133600000,64427.07,64456.71,64373.24,64456.71,262.84871,1787137199999
1787137200000,64456.71,64539.05,64454.99,64515.63,286.02228,1787140799999
1787140800000,64515.62,64988.0,64474.86,64882.15,785.09851,1787144399999
1787144400000,64882.15,65217.86,64793.29,65012.12,1619.46727,1787147999999
1787148000000,65012.12,65970.0,65012.11,65923.21,2365.56793,1787151599999
1787151600000,65923.21,69500.0,65892.0,68554.0,9262.86965,1787155199999
1787155200000,68554.0,68997.0,68416.36,68465.27,2013.58518,1787158799999
1787158800000,68465.26,68546.22,67825.03,68197.29,1708.46485,1787162399999
1787162400000,68197.3,68453.43,68042.0,68395.99,626.01288,1787165999999
1787166000000,68396.0,68483.52,68103.71,68429.44,730.52396,1787169599999
1787169600000,68429.44,69579.99,68390.0,69048.06,1419.23549,1787173199999
1787173200000,69048.06,70000.0,68984.78,69709.46,2102.52662,1787176799999
1787176800000,69709.47,69833.99,68980.0,69258.9,1240.65644,1787180399999
1787180400000,69258.9,69453.88,69160.0,69334.79,830.81844,1787183999999
1787184000000,69334.78,69793.21,69314.01,69420.0,1392.50902,1787187599999
1787187600000,69420.0,69894.5,69283.25,69721.92,864.23959,1787191199999
1787191200000,69721.92,69824.0,69268.0,69301.27,929.59108,1787194799999
1787194800000,69301.27,69340.0,68902.22,69195.64,941.77624,1787198399999
1787198400000,69195.64,69599.01,69166.0,69492.01,712.36152,1787201999999
1787202000000,69492.0,69668.0,69349.16,69406.54,1261.47615,1787205599999
1787205600000,69406.53,69927.97,69336.97,69851.99,1346.47743,1787209199999
1787209200000,69851.99,70022.0,69506.91,69816.45,2107.14536,1787212799999
1787212800000,69816.45,71826.26,69772.36,71592.1,4173.84476,1787216399999
1787216400000,71592.11,72067.46,71500.0,71789.97,3166.23325,1787219999999
1787220000000,71789.97,72490.0,71686.58,71995.99,2350.9646,1787223599999
1787223600000,71995.99,72322.0,71820.0,71927.07,1357.58479,1787227199999
1787227200000,71927.07,72015.42,71501.0,71952.04,1576.86402,1787230799999
1787230800000,71952.04,72108.8,71132.0,71691.99,2151.9086,1787234399999
1787234400000,71692.0,71990.09,71364.01,71826.85,1441.04171,1787237999999
1787238000000,71826.85,72830.0,71789.01,72470.83,2926.7352,1787241599999
1787241600000,72470.84,72905.0,72205.88,72837.15,1324.40386,1787245199999
1787245200000,72837.15,72966.0,72534.71,72737.5,1268.41951,1787248799999
1787248800000,72737.51,72810.0,72394.0,72431.36,968.00662,1787252399999
1787252400000,72431.35,72774.0,72330.0,72690.76,818.65084,1787255999999
1787256000000,72690.76,73110.7,72594.0,72671.75,871.61952,1787259599999
1787259600000,72671.76,72848.0,72557.0,72741.81,501.87504,1787263199999
1787263200000,72741.81,72878.0,72498.0,72676.22,520.26326,1787266799999
1787266800000,72676.23,73400.0,72664.56,73025.15,930.8009,1787270399999
1787270400000,73027.02,73990.0,73027.02,73708.02,1919.94005,1787273999999
1787274000000,73707.82,75785.82,73668.0,75129.23,3173.32947,1787277599999
1787277600000,75129.23,75197.08,74384.63,74439.74,1716.15486,1787281199999
1787281200000,74439.75,74882.24,74247.46,74510.77,1039.80072,1787284799999
1787284800000,74510.77,75054.46,74510.77,75026.0,825.51685,1787288399999
1787288400000,75026.0,75500.0,74918.79,75472.73,1138.68225,1787291999999
1787292000000,75472.73,75753.0,75104.0,75646.21,1382.10073,1787295599999
1787295600000,75646.2,76916.95,75620.0,76308.65,3775.56433,1787299199999
1787299200000,76308.66,79500.0,76235.76,79258.03,4366.47306,1787302799999
1787302800000,79258.02,79363.79,77251.0,77910.71,4167.07817,1787306399999
1787306400000,77910.71,78250.0,77621.8,77810.02,1604.18384,1787309999999
1787310000000,77810.01,77855.78,76411.38,76722.32,2387.74046,1787313599999
1787313600000,76722.31,77477.24,76538.0,77223.66,2680.17653,1787317199999
1787317200000,77223.66,77700.0,76243.04,77266.87,2022.51306,1787320799999
1787320800000,77266.88,77448.26,76552.74,77384.68,1855.76373,1787324399999
1787324400000,77384.69,77871.33,77170.0,77221.98,1316.36575,1787327999999
1787328000000,77221.98,77563.53,76784.81,77486.01,1368.21973,1787331599999
1787331600000,77486.01,77722.12,77189.95,77392.68,1099.33856,1787335199999
1787335200000,77392.69,77550.0,76643.72,77146.0,1247.39698,1787338799999
1787338800000,77145.99,77360.0,76856.2,77028.94,1151.33799,1787342399999
1787342400000,77028.94,77548.99,76863.56,77520.19,905.49008,1787345999999
1787346000000,77520.19,78675.1,77388.0,78505.15,1351.97974,1787349599999
1787349600000,78505.14,78760.68,78081.8,78460.14,1022.8221,1787353199999
1787353200000,78460.13,78720.0,78100.26,78338.03,821.59664,1787356799999
1787356800000,78338.03,78500.0,77683.37,77953.3,822.10615,1787360399999
1787360400000,77953.3,78234.0,77816.66,77830.01,612.96043,1787363999999
1787364000000,77830.01,78563.83,77791.19,78470.0,965.16893,1787367599999
1787367600000,78470.0,78828.15,78372.0,78410.98,734.8031,1787371199999
1787371200000,78410.98,78818.0,78207.61,78470.0,738.35305,1787374799999
1787374800000,78470.0,78584.0,76500.0,77380.75,3816.352,1787378399999
1787378400000,77380.75,77572.16,76985.14,77486.09,838.31259,1787381999999
1787382000000,77486.09,77669.28,77220.0,77289.18,634.34953,1787385599999
1787385600000,77289.18,77445.6,77037.42,77210.55,870.47609,1787389199999
1787389200000,77210.55,77395.04,76851.25,77061.99,1089.30988,1787392799999
1787392800000,77062.0,77187.46,76533.87,76976.0,1058.83574,1787396399999
1787396400000,76976.01,77204.68,76772.05,77130.02,729.38003,1787399999999
1787400000000,77130.01,77387.99,77073.86,77300.27,529.84412,1787403599999
1787403600000,77300.27,77362.03,77116.0,77288.62,471.5874,1787407199999
1787407200000,77288.62,77305.14,76930.0,77003.62,534.05012,1787410799999
1787410800000,77003.62,77100.77,76880.0,76978.83,465.28762,1787414399999
1787414400000,76978.83,77547.96,76956.36,77288.01,537.52059,1787417999999
1787418000000,77288.01,77369.99,77066.66,77278.01,367.89271,1787421599999
1787421600000,77278.01,77360.92,77138.0,77257.86,246.33381,1787425199999
1787425200000,77257.87,77469.64,77206.53,77418.25,260.41653,1787428799999
1787428800000,77418.26,77467.53,77258.0,77311.69,351.69043,1787432399999
1787432400000,77311.69,77311.69,76828.78,76856.01,472.54194,1787435999999
1787436000000,76856.0,77155.46,76772.0,76997.76,933.98314,1787439599999
1787439600000,76997.77,77126.53,76900.0,77074.93,442.95254,1787443199999
1787443200000,77074.94,77359.53,77042.91,77302.65,422.64795,1787446799999
1787446800000,77302.65,77400.0,77158.0,77190.29,315.9346,1787450399999
1787450400000,77190.29,77232.55,77005.88,77079.46,272.44621,1787453999999
1787454000000,77079.46,77136.78,76837.0,76927.87,542.03792,1787457599999
1787457600000,76927.87,77036.58,76477.04,76602.0,1142.31377,1787461199999
1787461200000,76602.0,76730.99,75545.67,76053.37,2021.52468,1787464799999
1787464800000,76053.38,76357.51,75872.89,76096.95,788.44492,1787468399999
1787468400000,76096.96,76345.31,75907.82,76007.13,498.42122,1787471999999
1787472000000,76007.12,76654.78,75952.09,76486.49,773.49224,1787475599999
1787475600000,76486.49,76640.21,76467.0,76549.98,346.37256,1787479199999
1787479200000,76549.99,76924.29,76542.0,76790.35,533.71157,1787482799999
1787482800000,76790.35,77400.0,76744.94,77311.02,784.82342,1787486399999
1787486400000,77311.02,77311.99,76975.63,77206.0,446.59889,1787489999999
1787490000000,77206.01,77765.8,77192.21,77487.62,955.92825,1787493599999
1787493600000,77487.62,77640.58,76802.0,77186.0,1015.68445,1787497199999
1787497200000,77186.0,77336.93,76913.49,77156.13,562.15936,1787500799999
1787500800000,77156.14,77475.0,77156.13,77429.88,303.2396,1787504399999
1787504400000,77429.87,77443.95,77148.2,77176.41,396.15987,1787507999999
1787508000000,77176.41,77415.33,77116.0,77341.98,670.17194,1787511599999
1787511600000,77341.99,77487.04,77255.99,77346.01,294.93858,1787515199999
1787515200000,77346.0,77460.0,77200.03,77401.6,169.97755,1787518799999
1787518800000,77401.59,78052.85,77401.59,77833.23,861.63202,1787522399999
1787522400000,77833.23,77979.0,77560.02,77598.88,587.36494,1787525999999
1787526000000,77598.87,77829.7,77290.22,77734.0,661.20534,1787529599999
1787529600000,77734.0,77742.0,77142.85,77679.5,630.62998,1787533199999
1787533200000,77679.51,77717.28,76918.0,76922.1,853.47221,1787536799999
1787536800000,76922.11,77545.08,76883.61,77478.69,732.4439,1787540399999
1787540400000,77478.7,77532.37,76933.0,76933.02,1447.49069,1787543999999
1787544000000,76933.02,77247.12,76670.01,76897.44,1191.36747,1787547599999
1787547600000,76897.44,77226.93,76842.72,77149.4,884.51745,1787551199999
1787551200000,77149.39,77525.09,77071.0,77464.33,745.9839,1787554799999
1787554800000,77464.33,77790.19,77281.68,77307.15,681.33125,1787558399999
1787558400000,77307.14,77414.88,76838.0,77041.47,921.46444,1787561999999
1787562000000,77041.46,77602.8,77028.0,77554.08,523.00977,1787565599999
1787565600000,77554.08,78017.0,77534.09,77617.22,1113.08488,1787569199999
1787569200000,77617.23,78600.0,77450.0,78443.65,1324.46087,1787572799999
1787572800000,78443.65,79326.48,77982.0,79159.99,1858.84351,1787576399999
1787576400000,79159.98,79450.0,77851.9,78597.99,3300.58408,1787579999999
1787580000000,78597.99,79841.12,78597.99,79510.92,3230.14333,1787583599999
1787583600000,79510.93,80000.0,78824.78,79100.01,3666.17565,1787587199999
1787587200000,79100.01,79877.87,78901.1,79047.6,1877.28842,1787590799999
1787590800000,79047.61,79198.0,78468.61,78761.14,1637.93002,1787594399999
1787594400000,78761.14,79084.22,78718.01,78928.35,783.83103,1787597999999
1787598000000,78928.35,79118.42,78600.0,78758.0,1063.06502,1787601599999
1787601600000,78757.99,78996.0,78560.0,78932.33,421.20967,1787605199999
1787605200000,78932.33,79049.4,78853.43,78984.23,302.47665,1787608799999
1787608800000,78984.23,78988.0,78692.0,78740.0,351.77026,1787612399999
1787612400000,78740.0,79017.76,78622.13,78992.75,636.71946,1787615999999
1787616000000,78992.76,79888.0,78715.63,79739.99,1133.49463,1787619599999
1787619600000,79739.99,79985.41,79478.0,79828.0,1067.23419,1787623199999
1787623200000,79828.0,81272.62,79742.0,80649.63,3314.90532,1787626799999
1787626800000,80649.62,80956.0,80314.31,80488.01,1359.49076,1787630399999
1787630400000,80488.01,80608.0,80150.0,80363.73,898.81211,1787633999999
1787634000000,80363.74,80821.53,80322.0,80731.9,994.03992,1787637599999
1787637600000,80731.9,80923.69,80420.0,80574.09,745.39881,1787641199999
1787641200000,80574.09,80819.67,79369.17,79705.79,1307.68383,1787644799999
1787644800000,79705.79,80249.0,79622.0,79930.77,788.31559,1787648399999
1787648400000,79930.76,79958.0,78888.0,79187.2,1475.2851,1787651999999
1787652000000,79187.2,79484.01,78992.0,79309.63,836.94668,1787655599999
1787655600000,79309.63,79463.59,79044.18,79117.99,617.29432,1787659199999
1787659200000,79118.0,79171.88,78640.0,78980.0,1007.3407,1787662799999
1787662800000,78980.01,79222.0,78120.74,78647.99,1734.1222,1787666399999
1787666400000,78648.0,79386.94,78531.55,79235.99,1216.06528,1787669999999
1787670000000,79236.0,79527.09,79020.04,79502.01,794.08262,1787673599999
1787673600000,79502.01,79563.71,79067.72,79156.02,676.1787,1787677199999
1787677200000,79156.02,79256.08,78752.06,79240.01,747.28203,1787680799999
1787680800000,79240.02,79380.0,79048.44,79128.0,469.50082,1787684399999
1787684400000,79128.01,79233.57,78728.35,78925.95,702.86873,1787687999999
1787688000000,78925.96,78976.0,78165.27,78206.13,777.55096,1787691599999
1787691600000,78206.14,78664.0,77851.0,78570.0,840.88883,1787695199999
1787695200000,78569.99,79000.0,78569.99,78889.51,577.33833,1787698799999
1787698800000,78889.51,78977.49,78396.88,78539.14,690.39348,1787702399999
1787702400000,78539.13,78721.48,78312.0,78631.79,680.65038,1787705999999
1787706000000,78631.7,78960.0,78607.29,78815.13,572.39774,1787709599999
1787709600000,78815.13,79251.6,78748.56,79108.0,505.52805,1787713199999
1787713200000,79108.01,79184.0,78900.0,79088.62,453.50631,1787716799999
1787716800000,79088.61,79200.0,78790.68,78826.0,482.93427,1787720399999
1787720400000,78826.0,79143.62,78638.0,79085.98,515.23689,1787723999999
1787724000000,79085.98,79206.0,78816.0,78947.92,459.3577,1787727599999
1787727600000,78947.92,79096.0,78867.0,78925.56,516.24118,1787731199999
1787731200000,78925.57,79119.37,78600.0,78707.59,995.42693,1787734799999
1787734800000,78707.59,78877.02,78244.83,78444.49,553.36821,1787738399999
1787738400000,78444.5,78879.75,78291.09,78727.45,367.28381,1787741999999
1787742000000,78727.46,78782.0,78317.0,78487.26,413.44093,1787745599999
1787745600000,78487.26,78713.79,77918.25,78319.59,1022.94925,1787749199999
1787749200000,78319.58,78554.0,77913.19,78448.66,943.22287,1787752799999
1787752800000,78448.66,78603.41,77774.0,77790.48,1051.14695,1787756399999
1787756400000,77790.48,78167.26,77632.58,78011.65,712.24119,1787759999999
1787760000000,78011.64,78161.73,77858.0,77991.3,600.54786,1787763599999
1787763600000,77991.29,78603.0,77991.29,78442.83,585.12324,1787767199999
1787767200000,78442.84,78650.26,78280.01,78472.41,337.24489,1787770799999
1787770800000,78472.41,78572.0,78292.0,78475.49,466.85134,1787774399999
1787774400000,78475.49,78521.7,78200.0,78452.04,322.22426,1787777999999
1787778000000,78452.04,78845.06,78392.19,78724.01,428.48439,1787781599999
1787781600000,78724.0,78975.85,78554.0,78700.0,931.26213,1787785199999
1787785200000,78700.0,79174.12,78654.0,79023.75,697.0881,1787788799999
1787788800000,79023.75,79028.49,78690.01,78690.01,527.82725,1787792399999
1787792400000,78690.02,79017.99,78546.13,78898.67,520.71745,1787795999999
1787796000000,78898.68,78978.0,78704.62,78717.76,429.02181,1787799599999
1787799600000,78717.76,78990.0,78643.23,78830.68,357.29079,1787803199999
1787803200000,78830.68,78900.0,78684.18,78783.99,181.61392,1787806799999
1787806800000,78783.99,78928.0,78600.0,78912.55,297.32854,1787810399999
1787810400000,78912.54,78912.55,78604.78,78817.49,399.15003,1787813999999
1787814000000,78817.5,79095.99,78754.0,79082.17,345.94116,1787817599999
1787817600000,79082.18,80022.0,79048.0,79755.99,1705.62217,1787821199999
1787821200000,79756.0,80520.0,79683.09,79986.0,1131.87984,1787824799999
1787824800000,79986.0,80158.15,79342.0,79626.0,684.67175,1787828399999
1787828400000,79625.99,79766.3,79172.65,79477.67,621.11446,1787831999999
1787832000000,79477.66,79596.0,79266.0,79282.31,505.96518,1787835599999
1787835600000,79282.31,79568.0,78920.0,79533.15,1143.32188,1787839199999
1787839200000,79533.16,80388.0,79354.47,80204.05,1464.1918,1787842799999
1787842800000,80204.06,80799.91,80094.0,80302.32,1415.34964,1787846399999
1787846400000,80302.32,80624.0,80189.39,80374.0,957.98058,1787849999999
1787850000000,80374.0,80848.74,80230.0,80442.46,973.76075,1787853599999
1787853600000,80442.47,80442.47,79749.7,80150.69,662.82544,1787857199999
1787857200000,80150.69,80294.11,79886.0,79910.19,514.60852,1787860799999
1787860800000,79910.19,80120.0,79882.86,80096.0,282.87253,1787864399999
1787864400000,80096.0,80184.0,79975.74,80184.0,278.41542,1787867999999
1787868000000,80184.0,80432.36,80150.0,80303.21,534.24073,1787871599999
1787871600000,80303.21,80393.6,80134.0,80249.58,329.82531,1787875199999
1787875200000,80249.59,80705.37,80153.99,80576.0,516.59696,1787878799999
1787878800000,80575.99,81478.87,80434.15,80500.38,1463.05089,1787882399999
1787882400000,80500.38,80500.38,79723.02,79926.11,1190.20509,1787885999999
1787886000000,79926.11,80060.01,79775.61,79810.49,530.69453,1787889599999
1787889600000,79810.48,79970.5,79603.81,79643.81,562.86792,1787893199999
1787893200000,79643.8,79872.6,79558.11,79686.0,326.58104,1787896799999
1787896800000,79686.0,79999.0,79685.99,79904.21,359.1323,1787900399999
1787900400000,79904.21,79904.21,79573.36,79660.0,1018.10642,1787903999999
1787904000000,79660.0,79840.0,79480.0,79516.78,526.20796,1787907599999
1787907600000,79516.77,79516.78,79259.43,79285.19,541.74443,1787911199999
1787911200000,79285.19,79571.99,79001.01,79565.89,548.77151,1787914799999
1787914800000,79565.9,79770.29,79555.22,79604.13,394.07937,1787918399999
1787918400000,79604.12,79727.36,79306.11,79421.05,400.05317,1787921999999
1787922000000,79421.04,79635.01,79034.56,79330.75,843.2247,1787925599999
1787925600000,79330.34,79706.64,78423.03,79542.44,2930.13002,1787929199999
1787929200000,79542.44,79838.73,78312.64,78331.13,1255.01594,1787932799999
1787932800000,78331.13,78404.0,76888.0,77788.46,2955.61638,1787936399999
1787936400000,77788.45,78131.86,77642.78,77904.0,722.76014,1787939999999
1787940000000,77904.0,77935.5,77270.0,77554.0,575.36359,1787943599999
1787943600000,77554.0,77797.35,77376.0,77580.03,501.052,1787947199999
1787947200000,77580.03,77609.83,77310.24,77407.34,264.10726,1787950799999
1787950800000,77407.34,77537.33,77255.69,77364.0,392.38715,1787954399999
1787954400000,77364.0,77773.2,77342.0,77758.69,339.14252,1787957999999
1787958000000,77758.69,77846.72,77640.74,77845.87,599.54517,1787961599999
1787961600000,77845.88,77963.92,77722.0,77733.63,321.80979,1787965199999
1787965200000,77733.63,77849.29,77631.28,77794.11,235.06968,1787968799999
1787968800000,77794.11,77829.72,77584.53,77671.18,367.62079,1787972399999
1787972400000,77671.18,77731.43,77507.16,77507.17,238.89187,1787975999999
1787976000000,77507.17,77678.67,77507.17,77648.91,229.90598,1787979599999
1787979600000,77648.91,77716.12,77604.06,77632.53,195.32253,1787983199999
1787983200000,77632.52,77632.53,77382.37,77466.82,305.02922,1787986799999
1787986800000,77466.83,77672.0,77438.01,77626.01,933.89852,1787990399999
1787990400000,77626.01,77634.0,77487.73,77633.99,281.67849,1787993999999
1787994000000,77634.0,77754.23,77566.01,77650.03,212.52791,1787997599999
1787997600000,77650.02,77732.0,77526.0,77635.17,228.16206,1788001199999
1788001200000,77635.17,77724.99,77573.32,77584.67,269.60514,1788004799999
1788004800000,77584.66,77657.99,77506.63,77583.74,316.37633,1788008399999
1788008400000,77583.74,77722.0,77559.45,77704.32,195.58499,1788011999999
1788012000000,77704.32,78150.0,77663.83,78014.37,456.42164,1788015599999
1788015600000,78014.37,78014.37,77806.9,77865.36,314.87544,1788019199999
1788019200000,77865.36,78130.43,77858.29,78027.17,330.48346,1788022799999
1788022800000,78027.17,78100.0,77896.0,78100.0,210.10626,1788026399999
1788026400000,78099.99,78250.0,78018.02,78158.01,252.93546,1788029999999
1788030000000,78158.01,78330.0,78138.87,78182.0,231.34566,1788033599999
1788033600000,78181.99,78298.0,78117.95,78129.92,132.29288,1788037199999
1788037200000,78129.92,78198.0,78062.0,78161.63,132.03751,1788040799999
1788040800000,78161.62,78239.4,78086.0,78228.34,298.22816,1788044399999
1788044400000,78228.33,78283.7,78190.0,78230.0,326.0928,1788047999999
1788048000000,78230.0,78330.0,78147.17,78179.86,185.20224,1788051599999
1788051600000,78179.86,78190.0,77994.02,78081.5,257.05271,1788055199999
1788055200000,78081.49,78178.02,78014.74,78106.01,119.64466,1788058799999
1788058800000,78106.0,78233.7,78065.99,78144.68,254.40453,1788062399999
1788062400000,78144.68,78220.0,77990.0,78109.75,215.53426,1788065999999
1788066000000,78109.74,78214.0,78109.74,78127.71,161.29313,1788069599999
1788069600000,78127.72,78310.71,78106.07,78280.34,208.68022,1788073199999
1788073200000,78280.34,78291.27,78118.0,78118.0,137.5055,1788076799999
1788076800000,78118.0,78207.22,78034.0,78074.01,143.67594,1788080399999
1788080400000,78074.01,78118.87,77986.0,78000.01,165.26795,1788083999999
1788084000000,78000.01,78145.29,77962.49,78145.29,168.30514,1788087599999
1788087600000,78145.29,78242.0,78117.11,78166.0,172.04094,1788091199999
1788091200000,78165.99,78850.81,78165.99,78785.06,814.10982,1788094799999
1788094800000,78785.06,78966.76,78590.14,78860.0,488.8202,1788098399999
1788098400000,78860.01,78945.94,78722.0,78783.71,439.32977,1788101999999
1788102000000,78783.7,78912.94,78626.0,78823.63,553.82108,1788105599999
1788105600000,78823.62,79400.0,78750.0,79337.93,667.56388,1788109199999
1788109200000,79337.93,79337.93,78774.85,79021.02,460.72685,1788112799999
1788112800000,79021.02,79181.99,78776.0,79036.69,293.7787,1788116399999
1788116400000,79036.68,79041.96,78721.98,78856.39,232.19118,1788119999999
1788120000000,78856.39,78931.49,78438.23,78597.33,294.2134,1788123599999
1788123600000,78597.32,78733.77,78229.82,78653.0,461.41088,1788127199999
1788127200000,78653.0,78804.0,78280.0,78422.01,390.42367,1788130799999
1788130800000,78422.01,78454.0,77000.0,77682.0,1800.4274,1788134399999
1788134400000,77682.0,78185.89,77436.4,77937.04,711.43379,1788137999999
1788138000000,77937.03,77993.03,77565.08,77640.94,567.26058,1788141599999
1788141600000,77640.93,78000.0,77392.0,77473.99,573.39934,1788145199999
1788145200000,77474.0,77872.0,77394.0,77756.71,278.92536,1788148799999
1788148800000,77756.7,77769.11,77458.83,77622.28,550.02773,1788152399999
1788152400000,77622.29,78156.78,77514.0,78016.0,511.92091,1788155999999
1788156000000,78016.01,78156.77,77864.16,78093.87,968.0221,1788159599999
1788159600000,78093.88,78322.56,78034.01,78196.01,716.03378,1788163199999
1788163200000,78196.01,78521.89,77982.0,78480.8,782.74546,1788166799999
1788166800000,78480.79,78802.0,78396.35,78511.03,624.76686,1788170399999
1788170400000,78511.03,78732.0,78316.91,78710.01,576.71834,1788173999999
1788174000000,78710.02,78710.02,78302.0,78315.43,482.35572,1788177599999
1788177600000,78315.43,78543.86,77675.04,77930.39,816.61258,1788181199999
1788181200000,77930.4,78282.0,77716.75,77867.39,1083.2716,1788184799999
1788184800000,77867.39,78686.94,77746.6,78600.14,1368.66274,1788188399999
1788188400000,78601.93,78777.9,78212.3,78580.42,1119.65651,1788191999999
1788192000000,78580.43,78884.48,78524.0,78639.57,576.26452,1788195599999
1788195600000,78639.57,79019.86,78494.0,78897.36,604.69852,1788199199999
1788199200000,78897.35,79212.0,78779.24,79016.0,473.51591,1788202799999
1788202800000,79016.01,79250.0,78851.93,78898.06,423.46335,1788206399999
1788206400000,78898.06,79172.0,78784.32,78864.72,366.68341,1788209999999
1788210000000,78864.73,79071.12,78732.22,78964.32,404.71113,1788213599999
1788213600000,78964.33,79015.83,78579.3,78593.15,346.21313,1788217199999
1788217200000,78593.15,78593.61,78405.01,78581.29,376.54265,1788220799999
1788220800000,78581.3,78900.01,78562.0,78652.0,522.70913,1788224399999
1788224400000,78652.0,78797.99,78375.83,78410.62,440.9443,1788227999999
1788228000000,78410.62,78457.55,78189.93,78449.99,524.89493,1788231599999
1788231600000,78449.99,78874.0,78400.18,78679.01,542.2064,1788235199999
1788235200000,78679.01,78915.09,78653.96,78727.11,444.12648,1788238799999
1788238800000,78727.11,79220.61,78727.11,79179.99,546.96321,1788242399999
1788242400000,79179.99,79179.99,78745.38,78745.39,464.70536,1788245999999
1788246000000,78745.39,78806.0,78500.0,78632.37,405.713,1788249599999
1788249600000,78632.37,78658.01,77820.0,77883.28,939.11065,1788253199999
1788253200000,77883.28,78062.24,77786.18,77915.0,951.34245,1788256799999
1788256800000,77915.0,78196.0,77758.69,78029.67,423.94155,1788260399999
1788260400000,78029.67,78202.52,77890.0,78098.97,337.44732,1788263999999
1788264000000,78098.96,78156.0,77742.01,78004.0,474.45626,1788267599999
1788267600000,78004.01,78202.0,77510.0,78071.99,1285.21254,1788271199999
1788271200000,78072.0,78424.0,78052.0,78167.99,800.55583,1788274799999
1788274800000,78168.0,78169.69,77727.61,77919.06,560.10608,1788278399999
1788278400000,77919.07,77976.0,77318.0,77596.01,692.23833,1788281999999
1788282000000,77596.01,77721.26,77241.12,77265.79,484.76204,1788285599999
1788285600000,77265.79,77319.64,76420.0,77153.9,1485.89835,1788289199999
1788289200000,77153.89,77466.55,77112.0,77312.0,445.04268,1788292799999
1788292800000,77312.0,77471.9,77236.48,77448.45,266.37627,1788296399999
1788296400000,77448.46,77516.3,76920.36,77211.32,414.9871,1788299999999
1788300000000,77211.32,77364.01,77030.0,77274.02,335.29844,1788303599999
1788303600000,77274.02,77638.18,77218.0,77439.0,341.60079,1788307199999
1788307200000,77439.01,77512.0,77132.0,77213.25,352.51719,1788310799999
1788310800000,77213.24,77372.0,76718.48,77020.68,661.59711,1788314399999
1788314400000,77020.67,77343.74,76948.97,77329.2,437.17945,1788317999999
1788318000000,77329.2,77792.0,77314.51,77563.5,618.37453,1788321599999
1788321600000,77563.5,77612.84,77294.56,77561.82,299.9271,1788325199999
1788325200000,77561.82,77761.93,77438.0,77651.07,341.8285,1788328799999
1788328800000,77651.08,77724.0,77462.0,77611.54,397.05137,1788332399999
1788332400000,77611.53,77765.99,77473.84,77473.85,515.9071,1788335999999
1788336000000,77473.86,77546.0,76746.81,76854.11,705.11459,1788339599999
1788339600000,76854.11,77049.4,76484.64,76752.26,1036.05232,1788343199999
1788343200000,76752.26,76753.83,76264.0,76680.88,924.89427,1788346799999
1788346800000,76680.88,76848.73,76356.0,76828.76,641.75915,1788350399999
1788350400000,76828.75,77049.4,76611.67,76613.88,581.91449,1788353999999
1788354000000,76613.87,77443.61,76613.87,77146.0,812.83227,1788357599999
1788357600000,77146.0,77490.0,77010.24,77066.42,555.40079,1788361199999
1788361200000,77066.42,77386.0,76748.01,77288.98,824.93813,1788364799999
1788364800000,77288.97,77582.0,77171.5,77171.5,1179.92404,1788368399999
1788368400000,77171.51,77406.0,76950.56,77381.66,465.02159,1788371999999
1788372000000,77381.65,77524.0,77296.52,77377.76,374.99513,1788375599999
1788375600000,77377.76,77416.0,77124.0,77341.47,289.4138,1788379199999
1788379200000,77341.48,77520.0,77207.47,77406.01,382.13526,1788382799999
1788382800000,77406.0,77431.78,77242.0,77284.0,291.06451,1788386399999
1788386400000,77284.01,77284.01,77023.11,77034.03,188.20028,1788389999999
1788390000000,77034.03,77372.62,77007.36,77340.01,192.93523,1788393599999
1788393600000,77340.01,77394.0,76980.01,77068.01,327.32527,1788397199999
1788397200000,77068.0,77546.8,76968.0,77356.7,533.28645,1788400799999
1788400800000,77356.69,77900.0,77238.89,77816.01,563.52004,1788404399999
1788404400000,77816.02,77880.0,77642.09,77708.0,385.93335,1788407999999
1788408000000,77708.01,77833.1,77547.16,77776.0,336.15526,1788411599999
1788411600000,77775.99,77829.8,77101.01,77809.91,617.52986,1788415199999
1788415200000,77809.91,77856.16,77698.75,77835.19,408.13131,1788418799999
1788418800000,77835.2,78183.91,77600.0,77663.15,696.21966,1788422399999
1788422400000,77663.14,78066.0,77663.14,77843.34,363.22912,1788425999999
1788426000000,77843.34,77975.46,77608.0,77615.24,341.00857,1788429599999
1788429600000,77615.25,77773.26,77478.0,77735.88,406.3926,1788433199999
1788433200000,77735.88,78004.94,77709.52,77948.39,396.769,1788436799999
1788436800000,77948.39,78782.75,77896.07,78652.38,979.94222,1788440399999
1788440400000,78652.37,79000.0,78450.25,78840.52,1052.74377,1788443999999
1788444000000,78840.52,80561.0,78704.0,80549.97,2513.5082,1788447599999
1788447600000,80549.97,81370.33,80354.65,81348.0,3056.18534,1788451199999
1788451200000,81348.0,81360.0,80613.52,80969.37,1239.78575,1788454799999
1788454800000,80969.37,81188.17,80886.0,81042.0,875.49534,1788458399999
1788458400000,81042.0,81333.33,80904.0,81254.32,595.62382,1788461999999
1788462000000,81254.31,81790.0,81171.98,81755.41,1102.96623,1788465599999
1788465600000,81755.41,81780.0,81392.74,81473.0,601.53572,1788469199999
1788469200000,81473.0,82300.0,81288.0,81590.0,1292.57121,1788472799999
1788472800000,81590.0,81604.65,80905.05,81140.0,712.57205,1788476399999
1788476400000,81140.0,81338.0,81078.0,81270.37,407.99233,1788479999999
1788480000000,81270.37,81427.75,80960.0,80972.12,643.20132,1788483599999
1788483600000,80972.11,81097.92,80759.52,80968.01,505.56595,1788487199999
1788487200000,80968.01,80968.01,80669.45,80831.99,433.77504,1788490799999
1788490800000,80832.0,81021.8,80806.0,80850.0,523.81704,1788494399999
1788494400000,80850.01,81288.0,80820.0,81070.54,602.46481,1788497999999
1788498000000,81070.54,81143.3,80863.03,80996.15,593.73244,1788501599999
1788501600000,80996.15,81090.0,80573.21,80797.39,435.61525,1788505199999
1788505200000,80797.4,80966.75,80641.65,80656.87,705.83482,1788508799999
1788508800000,80656.86,81237.0,80502.87,81147.16,754.04554,1788512399999
1788512400000,81147.16,81310.0,80934.24,81056.63,968.87345,1788515999999
1788516000000,81056.63,81194.0,80831.14,81179.63,483.39639,1788519599999
1788519600000,81179.64,81423.03,81080.01,81224.86,512.44736,1788523199999
1788523200000,81224.86,81350.0,79177.77,79453.96,3691.19669,1788526799999
1788526800000,79453.95,79704.0,79000.0,79378.67,1927.84184,1788530399999
1788530400000,79378.66,79572.0,78660.0,78915.71,1816.73349,1788533999999
1788534000000,78915.71,79555.32,78800.0,79429.33,942.77981,1788537599999
1788537600000,79429.33,79877.07,79378.19,79745.73,1059.83504,1788541199999
1788541200000,79745.72,79752.92,79383.0,79472.22,392.51492,1788544799999
1788544800000,79472.22,79655.86,79472.22,79618.15,263.34116,1788548399999
1788548400000,79618.15,79819.99,79618.14,79793.34,391.97239,1788551999999
1788552000000,79793.35,79862.15,79667.99,79697.04,252.17194,1788555599999
1788555600000,79697.03,79819.3,79512.0,79624.0,645.54178,1788559199999
1788559200000,79624.0,79716.0,79604.0,79636.09,498.99738,1788562799999
1788562800000,79636.09,79758.0,79600.89,79660.77,152.92964,1788566399999
1788566400000,79660.77,79721.57,79562.0,79573.36,179.53978,1788569999999
1788570000000,79573.37,79710.0,79533.34,79533.34,251.27651,1788573599999
1788573600000,79533.34,79622.0,79472.22,79569.09,226.54938,1788577199999
1788577200000,79569.09,79630.74,79510.93,79582.0,222.17902,1788580799999
1788580800000,79581.99,79589.84,79500.0,79500.01,283.95874,1788584399999
1788584400000,79500.01,79600.01,79442.0,79577.53,486.56078,1788587999999
1788588000000,79577.53,79715.72,79576.0,79644.01,255.76484,1788591599999
1788591600000,79644.01,79763.41,79639.22,79709.96,273.27755,1788595199999
1788595200000,79709.96,79727.95,79568.0,79650.0,377.92884,1788598799999
1788598800000,79650.01,79735.97,79612.0,79631.28,391.22508,1788602399999
1788602400000,79631.29,79664.0,79593.92,79618.01,324.09358,1788605999999
1788606000000,79618.0,79674.33,79608.0,79609.28,224.00252,1788609599999
1788609600000,79609.29,79774.0,79609.28,79704.14,350.25887,1788613199999
1788613200000,79704.13,79762.0,79545.96,79613.67,488.89817,1788616799999
1788616800000,79613.67,79756.32,79613.67,79719.76,292.28201,1788620399999
1788620400000,79719.75,79816.0,79678.62,79806.01,383.76927,1788623999999
1788624000000,79806.0,80200.0,79754.0,80042.0,716.52557,1788627599999
1788627600000,80041.99,80162.29,79973.85,80058.6,894.70031,1788631199999
1788631200000,80058.6,80078.0,79930.0,79999.98,332.81067,1788634799999
1788634800000,79999.99,79999.99,79712.86,79754.0,243.22911,1788638399999
1788638400000,79753.99,79840.25,79694.0,79737.83,651.64016,1788641999999
1788642000000,79737.83,79938.0,79724.87,79906.02,164.28133,1788645599999
1788645600000,79906.02,79947.99,79749.41,79783.99,517.56847,1788649199999
1788649200000,79783.99,79912.83,79706.04,79831.75,584.91964,1788652799999
1788652800000,79831.75,79940.68,79829.98,79868.0,147.80921,1788656399999
1788656400000,79868.01,80067.45,79868.01,79951.39,305.00919,1788659999999
1788660000000,79951.38,80019.11,79876.0,79907.28,258.24501,1788663599999
1788663600000,79907.28,80107.99,79893.86,80028.01,248.71269,1788667199999
1788667200000,80028.01,80028.01,79854.0,79866.01,362.36734,1788670799999
1788670800000,79866.01,80107.99,79794.04,79989.13,642.22052,1788674399999
1788674400000,79989.12,79989.13,79676.66,79784.65,290.41612,1788677999999
1788678000000,79784.65,79865.89,79577.0,79805.0,339.23106,1788681599999
1788681600000,79804.68,79889.99,79752.7,79837.17,578.27369,1788685199999
1788685200000,79837.17,79990.0,79806.01,79885.77,684.16607,1788688799999
1788688800000,79885.78,80020.0,79885.77,80003.93,223.38098,1788692399999
1788692400000,80003.92,80003.93,79890.0,79919.17,224.08052,1788695999999
1788696000000,79919.17,80010.0,79858.1,79922.04,269.79443,1788699599999
1788699600000,79922.04,79968.0,79760.39,79829.98,380.28916,1788703199999
1788703200000,79829.99,79840.25,79233.0,79543.06,699.69504,1788706799999
1788706800000,79543.07,79734.59,79383.32,79716.5,342.10102,1788710399999
1788710400000,79716.51,79786.0,79606.04,79682.0,222.29132,1788713999999
1788714000000,79682.0,79773.88,79584.73,79745.34,205.07571,1788717599999
1788717600000,79745.34,79970.0,79745.34,79955.34,218.34399,1788721199999
1788721200000,79955.34,79955.34,79799.52,79829.99,213.50154,1788724799999
1788724800000,79830.0,79973.56,79776.59,79912.0,235.83849,1788728399999
1788728400000,79912.0,80034.0,79875.24,79944.38,381.14031,1788731999999
1788732000000,79944.39,80093.79,79647.04,80055.17,486.73578,1788735599999
1788735600000,80055.18,80559.99,80010.0,80341.83,896.09908,1788739199999
1788739200000,80341.83,80443.99,80059.11,80160.01,473.2372,1788742799999
1788742800000,80160.01,80243.81,79826.28,79926.14,429.2219,1788746399999
1788746400000,79926.14,80426.0,79800.0,79874.24,411.23362,1788749999999
1788750000000,79874.25,79986.02,79568.6,79596.39,424.23144,1788753599999
1788753600000,79596.38,79732.15,79540.38,79724.0,680.36024,1788757199999
1788757200000,79724.01,79926.04,79666.79,79759.47,625.29002,1788760799999
1788760800000,79759.47,79825.7,79644.55,79659.27,564.03546,1788764399999
1788764400000,79659.28,79691.06,79001.1,79397.83,867.88528,1788767999999
1788768000000,79397.83,79530.47,79397.83,79437.38,367.39664,1788771599999
1788771600000,79437.39,79550.0,79291.15,79313.85,384.36999,1788775199999
1788775200000,79313.85,79459.5,79313.85,79360.0,340.14563,1788778799999
1788778800000,79360.0,79487.01,79282.0,79420.16,322.16899,1788782399999
1788782400000,79420.16,79627.43,79400.48,79606.84,278.61012,1788785999999
1788786000000,79606.84,79643.5,79318.92,79352.01,537.87474,1788789599999
1788789600000,79352.0,79396.36,78956.94,79191.95,729.96261,1788793199999
1788793200000,79191.96,79191.96,78680.0,78821.99,790.15811,1788796799999
1788796800000,78822.0,79035.23,78807.69,79028.87,428.99902,1788800399999
1788800400000,79028.88,79223.53,79018.0,79185.73,251.37537,1788803999999
1788804000000,79185.74,79244.0,79096.0,79196.16,308.24543,1788807599999
1788807600000,79196.15,79419.17,79150.0,79365.82,230.49171,1788811199999
1788811200000,79365.81,79394.92,79168.01,79238.0,212.62445,1788814799999
1788814800000,79238.0,79278.0,79164.0,79164.0,163.69203,1788818399999
1788818400000,79164.01,79218.18,78781.07,78952.19,458.00504,1788821999999
1788822000000,78952.18,79210.0,78938.38,79112.01,292.83991,1788825599999
1788825600000,79112.0,79313.09,78972.51,79313.08,445.07914,1788829199999
1788829200000,79313.09,79463.06,79266.48,79441.99,454.81703,1788832799999
1788832800000,79441.98,79485.0,78930.0,78930.01,601.51271,1788836399999
1788836400000,78930.01,79002.0,78725.1,78906.28,813.2236,1788839999999
1788840000000,78906.27,78929.24,78678.7,78678.71,558.10183,1788843599999
1788843600000,78678.7,78882.0,78555.0,78578.0,847.29044,1788847199999
1788847200000,78577.99,78632.0,78261.61,78323.59,1913.91469,1788850799999
1788850800000,78323.59,78609.99,78179.98,78482.0,3433.75725,1788854399999
1788854400000,78482.0,78581.8,78281.3,78418.0,855.4031,1788857999999
1788858000000,78418.0,78800.0,78317.03,78761.99,641.52148,1788861599999
1788861600000,78762.0,78994.5,78568.0,78568.0,435.62963,1788865199999
1788865200000,78568.01,78576.0,78271.63,78430.01,682.36626,1788868799999
1788868800000,78430.0,78483.42,78215.36,78449.99,839.62079,1788872399999
1788872400000,78450.0,78545.46,77620.01,77961.66,2274.11248,1788875999999
1788876000000,77961.66,78630.81,77854.0,78567.52,885.70593,1788879599999
1788879600000,78567.52,78910.88,78451.39,78904.0,668.56307,1788883199999
1788883200000,78904.0,78978.39,78581.33,78735.89,339.80818,1788886799999
1788886800000,78735.88,78892.0,78500.0,78504.38,376.83451,1788890399999
1788890400000,78504.38,78822.47,78271.49,78436.0,310.67894,1788893999999
1788894000000,78436.01,78528.0,78325.39,78446.0,457.27833,1788897599999
1788897600000,78445.99,78621.77,78410.05,78487.99,286.8898,1788901199999
1788901200000,78487.99,78623.21,78406.0,78492.18,346.3218,1788904799999
1788904800000,78492.19,78662.75,78458.0,78562.44,344.45436,1788908399999
1788908400000,78562.43,78575.31,78408.64,78455.8,422.1807,1788911999999
1788912000000,78455.8,78796.97,78455.79,78774.65,263.81065,1788915599999
1788915600000,78774.66,78891.5,78633.53,78891.5,737.84364,1788919199999
1788919200000,78891.49,78928.65,78686.46,78726.01,338.69714,1788922799999
1788922800000,78726.01,78726.01,78548.46,78638.01,269.38216,1788926399999
1788926400000,78638.01,79215.83,78638.0,79171.5,659.48495,1788929999999
1788930000000,79171.5,79370.01,78840.59,78923.43,571.99145,1788933599999
1788933600000,78923.43,79290.63,78865.71,79159.03,306.40396,1788937199999
1788937200000,79159.03,79400.0,79151.34,79277.43,435.40632,1788940799999
1788940800000,79277.44,79760.0,79264.0,79698.02,838.18454,1788944399999
1788944400000,79698.02,79716.0,78900.0,78952.01,524.33216,1788947999999
1788948000000,78952.01,79183.91,78878.11,78920.01,419.34722,1788951599999
1788951600000,78920.01,79379.28,78725.29,79324.75,742.09582,1788955199999
1788955200000,79324.75,79662.56,79281.51,79606.14,1136.20636,1788958799999
1788958800000,79606.15,79678.84,79103.19,79140.69,700.9372,1788962399999
1788962400000,79140.69,79413.74,78877.36,78958.01,1034.69116,1788965999999
1788966000000,78958.01,79394.99,78060.03,78596.7,1730.66758,1788969599999
1788969600000,78596.7,78938.55,78460.34,78804.9,548.53711,1788973199999
1788973200000,78804.9,78934.4,78674.0,78776.01,424.82404,1788976799999
1788976800000,78776.0,78792.25,78403.36,78414.42,291.49177,1788980399999
1788980400000,78414.42,78575.32,78150.0,78234.94,474.58363,1788983999999
1788984000000,78234.94,78340.01,77917.09,78324.07,550.88264,1788987599999
1788987600000,78324.07,78339.56,77994.15,78145.02,316.14499,1788991199999
1788991200000,78145.02,78196.0,77770.0,77924.06,513.88945,1788994799999
1788994800000,77924.0,78321.09,77920.56,78306.43,300.08433,1788998399999
1788998400000,78306.43,78382.35,78073.8,78180.7,826.01999,1789001999999
1789002000000,78180.7,78508.49,77952.0,78094.0,429.21115,1789005599999
1789005600000,78094.01,78373.1,77980.0,78357.86,250.2874,1789009199999
1789009200000,78357.87,78550.0,78278.0,78328.08,370.87043,1789012799999
1789012800000,78328.08,78437.99,78300.0,78400.0,221.79379,1789016399999
1789016400000,78400.01,78564.39,78270.75,78536.71,554.7012,1789019999999
1789020000000,78536.71,78542.05,78147.98,78416.01,573.34123,1789023599999
1789023600000,78416.01,78422.01,77906.48,78112.0,526.86865,1789027199999
1789027200000,78112.0,78170.74,78038.0,78110.0,301.41841,1789030799999
1789030800000,78110.0,78229.22,77910.86,77992.01,605.51933,1789034399999
1789034400000,77992.0,78044.57,77821.21,77863.21,618.27147,1789037999999
1789038000000,77863.2,78054.84,77688.0,77840.8,659.08952,1789041599999
1789041600000,77840.64,77959.2,76676.07,76896.01,2886.07306,1789045199999
1789045200000,76896.01,77234.0,76745.0,77174.44,1372.33792,1789048799999
1789048800000,77174.43,77424.98,76943.45,77412.01,1105.27456,1789052399999
1789052400000,77412.01,77412.89,77092.16,77250.0,695.08679,1789055999999
1789056000000,77250.0,77312.01,76804.99,77200.01,562.44798,1789059599999
1789059600000,77200.0,77544.0,77126.26,77328.72,584.5114,1789063199999
1789063200000,77328.72,77340.0,76982.6,77252.0,321.25824,1789066799999
1789066800000,77252.0,77298.48,77083.17,77160.83,394.60119,1789070399999
1789070400000,77160.83,77347.45,77116.0,77268.08,142.17379,1789073999999
1789074000000,77268.08,77303.02,77100.02,77144.0,268.25509,1789077599999
1789077600000,77144.01,77218.01,76817.6,76836.45,253.46564,1789081199999
1789081200000,76836.45,76876.31,76464.0,76568.72,797.49081,1789084799999
1789084800000,76568.73,76939.8,76563.01,76908.59,538.94881,1789088399999
1789088400000,76908.59,77000.0,76670.57,76971.43,386.97683,1789091999999
1789092000000,76971.44,77013.62,76769.69,76838.68,297.49023,1789095599999
1789095600000,76838.68,76897.54,76702.7,76891.8,967.58108,1789099199999
1789099200000,76891.81,77196.01,76889.23,77114.01,370.66197,1789102799999
1789102800000,77114.01,77252.88,77069.06,77252.86,284.44316,1789106399999
1789106400000,77252.87,77431.48,77182.0,77298.01,405.18201,1789109999999
1789110000000,77298.01,77403.19,77203.73,77230.7,435.02243,1789113599999
1789113600000,77230.7,77500.0,77144.59,77364.93,294.00696,1789117199999
1789117200000,77364.94,77370.01,76865.58,77042.0,552.5515,1789120799999
1789120800000,77042.0,77163.25,76966.0,76993.25,406.1795,1789124399999
1789124400000,76993.25,77049.25,76746.95,77036.12,420.86915,1789127999999
1789128000000,77036.12,78148.74,76046.58,78032.99,3531.14376,1789131599999
1789131600000,78032.98,79333.0,77253.8,79242.56,2451.66172,1789135199999
1789135200000,79242.56,79890.0,78509.09,78798.51,1987.04632,1789138799999
1789138800000,78798.4,78849.98,77303.0,77732.25,1364.45838,1789142399999
1789142400000,77732.25,78068.01,77381.88,77916.0,1081.48116,1789145999999
1789146000000,77916.0,77960.01,77490.34,77534.0,492.68772,1789149599999
1789149600000,77534.0,77538.01,76883.0,77054.0,842.12412,1789153199999
1789153200000,77054.0,77372.01,77006.0,77286.01,421.44962,1789156799999
1789156800000,77286.0,77504.01,77192.0,77339.33,322.32564,1789160399999
1789160400000,77339.33,77424.01,77078.01,77108.01,222.90327,1789163999999
1789164000000,77108.01,77231.31,76967.13,77150.0,1100.36124,1789167599999
1789167600000,77150.0,77225.71,77119.68,77225.7,535.72071,1789171199999
1789171200000,77225.71,77320.0,77207.65,77287.43,314.34391,1789174799999
1789174800000,77287.43,77378.37,77262.29,77272.37,186.8188,1789178399999
1789178400000,77272.36,77322.27,77220.0,77288.0,307.45259,1789181999999
1789182000000,77288.01,77347.82,77229.99,77268.09,242.20968,1789185599999
1789185600000,77268.09,77314.01,77215.86,77222.75,392.84938,1789189199999
1789189200000,77222.75,77260.8,77164.06,77218.0,966.7285,1789192799999
1789192800000,77218.0,77359.2,77199.99,77289.73,148.46089,1789196399999
1789196400000,77289.73,77347.99,77266.0,77269.55,360.14789,1789199999999
1789200000000,77269.54,77374.01,77269.54,77360.01,285.63962,1789203599999
1789203600000,77360.0,77386.76,77335.14,77349.44,294.25428,1789207199999
1789207200000,77349.44,77400.75,77310.55,77332.94,182.37452,1789210799999
1789210800000,77332.94,77356.05,77292.0,77356.04,149.54317,1789214399999
1789214400000,77356.05,77360.77,77290.0,77340.0,340.29238,1789217999999
1789218000000,77340.01,77397.27,77255.19,77366.52,1023.69199,1789221599999
1789221600000,77366.52,77505.67,77366.0,77461.24,239.68201,1789225199999
1789225200000,77461.25,77479.99,77376.0,77380.37,265.08543,1789228799999
1789228800000,77380.38,77414.01,77336.0,77358.01,159.17816,1789232399999
1789232400000,77358.0,77404.37,77170.57,77210.58,249.24835,1789235999999
1789236000000,77210.58,77216.01,77125.03,77131.0,275.13313,1789239599999
1789239600000,77131.0,77186.01,77059.75,77114.99,731.31555,1789243199999
1789243200000,77115.0,77227.71,77114.99,77170.0,363.19212,1789246799999
1789246800000,77170.0,77283.05,77148.5,77264.01,348.07684,1789250399999
1789250400000,77264.0,77300.0,77193.06,77232.17,167.38368,1789253999999
1789254000000,77232.17,77292.83,77232.16,77278.73,67.34168,1789257599999
1789257600000,77278.73,77299.99,77162.36,77276.02,102.17841,1789261199999
1789261200000,77276.02,77341.37,77241.51,77319.97,342.83505,1789264799999
1789264800000,77319.97,77319.97,77244.78,77289.96,238.88569,1789268399999
1789268400000,77289.97,77310.78,77184.01,77192.01,225.77764,1789271999999
1789272000000,77192.0,77254.03,77189.84,77210.01,190.98338,1789275599999
1789275600000,77210.0,77324.46,77210.0,77322.01,202.84475,1789279199999
1789279200000,77322.01,77325.82,77058.42,77122.35,503.99784,1789282799999
1789282800000,77122.35,77180.0,77091.88,77127.99,239.99798,1789286399999
1789286400000,77127.99,77182.0,76756.0,76813.71,401.89187,1789289999999
1789290000000,76813.71,76893.91,76570.0,76808.01,537.62115,1789293599999
1789293600000,76808.0,76813.26,76628.45,76677.29,190.81512,1789297199999
1789297200000,76677.3,76800.0,76500.0,76792.32,265.89974,1789300799999
1789300800000,76792.31,76866.01,76690.0,76763.33,292.33252,1789304399999
1789304400000,76763.33,76922.01,76560.0,76853.02,435.53074,1789307999999
1789308000000,76853.01,77254.45,76850.56,77216.01,524.64043,1789311599999
1789311600000,77216.01,77216.01,77011.33,77134.83,235.97054,1789315199999
1789315200000,77134.82,77359.0,77125.66,77276.14,296.31166,1789318799999
1789318800000,77276.14,77413.52,77249.35,77328.94,135.4972,1789322399999
1789322400000,77328.94,77383.4,77312.12,77338.87,110.16764,1789325999999
1789326000000,77338.87,77409.04,77223.16,77284.0,148.98479,1789329599999
1789329600000,77284.01,77368.0,77262.0,77348.01,103.43597,1789333199999
1789333200000,77348.01,77450.0,77314.0,77316.0,161.40092,1789336799999
1789336800000,77316.0,77316.0,76667.68,76714.0,686.94439,1789340399999
1789340400000,76714.0,76876.8,76622.97,76842.01,384.73824,1789343999999
1789344000000,76842.01,77083.34,76388.72,76808.0,684.93231,1789347599999
1789347600000,76808.01,77170.76,76636.41,77118.97,548.46579,1789351199999
1789351200000,77118.96,77725.5,77016.0,77600.0,1091.26668,1789354799999
1789354800000,77600.0,77869.82,77504.01,77596.33,938.65006,1789358399999
1789358400000,77596.32,77700.78,77537.8,77681.78,479.27763,1789361999999
1789362000000,77681.79,77691.05,77494.34,77611.79,322.46252,1789365599999
1789365600000,77611.79,77895.35,77379.41,77593.15,418.88254,1789369199999
1789369200000,77593.15,77892.24,77524.41,77892.24,453.51632,1789372799999
1789372800000,77892.24,77999.99,77654.0,77728.8,526.80639,1789376399999
1789376400000,77728.8,78374.01,77593.8,78141.57,718.66625,1789379999999
1789380000000,78141.57,78167.87,77900.0,77906.6,344.15342,1789383599999
1789383600000,77906.61,77924.02,77692.55,77776.0,354.582,1789387199999
1789387200000,77776.0,78082.67,77615.06,77698.01,416.3904,1789390799999
1789390800000,77698.01,78490.0,77481.98,78168.01,1141.24574,1789394399999
1789394400000,78168.01,78712.29,78164.01,78521.06,1305.24797,1789397999999
1789398000000,78521.05,78684.01,78301.41,78578.02,911.75735,1789401599999
1789401600000,78578.02,78904.72,78426.17,78769.42,663.13004,1789405199999
1789405200000,78769.42,79048.44,78698.37,78937.98,650.24334,1789408799999
1789408800000,78937.98,79325.0,78838.57,79226.01,894.11691,1789412399999
1789412400000,79226.0,79227.69,78951.67,78982.0,499.81096,1789415999999
1789416000000,78982.01,79600.0,78978.56,79100.0,622.99114,1789419599999
1789419600000,79100.0,79117.93,78746.0,78757.83,574.15746,1789423199999
1789423200000,78757.82,78854.01,78511.0,78557.98,419.77752,1789426799999
1789426800000,78557.99,78568.01,78131.3,78189.21,432.95897,1789430399999
1789430400000,78189.2,78250.46,77941.18,77952.93,446.37902,1789433999999
1789434000000,77952.92,78080.0,77750.0,77917.86,504.32377,1789437599999
1789437600000,77917.86,78018.04,77776.25,77913.72,261.07651,1789441199999
1789441200000,77913.73,77913.73,77658.0,77676.99,370.47729,1789444799999
1789444800000,77676.99,77744.31,77542.0,77567.12,784.69084,1789448399999
1789448400000,77567.11,77666.66,77300.01,77630.0,461.79794,1789451999999
1789452000000,77630.0,77727.83,77191.02,77286.7,361.46093,1789455599999
1789455600000,77286.71,77310.71,76889.22,76930.01,884.1463,1789459199999
1789459200000,76930.0,77007.84,76703.59,77000.01,754.54393,1789462799999
1789462800000,77000.01,77059.87,76869.99,76984.05,483.47069,1789466399999
1789466400000,76984.05,77176.07,76872.9,77053.8,603.90345,1789469999999
1789470000000,77053.8,77223.32,76843.75,76940.01,463.92838,1789473599999
1789473600000,76940.01,77143.15,76858.66,76957.65,512.54782,1789477199999
1789477200000,76956.75,77126.01,76123.42,76618.77,2183.38695,1789480799999
1789480800000,76618.77,76696.0,75605.0,75942.01,2651.31183,1789484399999
1789484400000,75942.01,76603.59,75832.0,76512.0,1349.39662,1789487999999
1789488000000,76512.01,76576.47,76274.0,76388.0,598.21425,1789491599999
1789491600000,76388.01,77343.44,76194.21,76962.0,1073.22598,1789495199999
1789495200000,76962.0,77205.39,74967.97,76000.0,3667.98364,1789498799999
1789498800000,76000.0,76305.99,75813.75,76186.48,1145.76186,1789502399999
1789502400000,76186.48,76245.98,75613.2,75935.24,526.79495,1789505999999
1789506000000,75935.24,75956.58,75392.35,75453.85,478.08145,1789509599999
1789509600000,75453.85,75747.98,75140.64,75668.0,703.17506,1789513199999
1789513200000,75667.99,75942.13,75562.01,75644.48,412.63788,1789516799999
1789516800000,75644.48,75915.49,75578.61,75772.1,340.54755,1789520399999
1789520400000,75772.1,75964.01,75457.52,75489.14,471.46585,1789523999999
1789524000000,75489.14,76111.0,75483.32,75886.35,431.22778,1789527599999
1789527600000,75886.36,76076.01,75768.25,75824.01,369.27253,1789531199999
1789531200000,75824.0,76022.67,75805.7,75864.02,321.09965,1789534799999
1789534800000,75864.02,75981.36,75677.64,75962.01,372.63126,1789538399999
1789538400000,75962.01,76038.83,75830.0,76030.01,399.86157,1789541999999
1789542000000,76030.01,76097.54,75739.36,75766.63,721.95197,1789545599999
1789545600000,75766.62,75766.62,75350.0,75736.01,690.76243,1789549199999
1789549200000,75736.01,75994.0,75730.0,75993.0,455.32651,1789552799999
1789552800000,75993.01,76046.05,75900.0,75990.2,314.78271,1789556399999
1789556400000,75990.2,76304.01,75874.0,76250.0,523.67545,1789559999999
1789560000000,76250.0,76300.0,75794.02,75967.99,566.86511,1789563599999
1789563600000,75967.98,75967.98,75585.09,75646.01,738.01439,1789567199999
1789567200000,75646.01,75830.48,75423.04,75697.82,705.96798,1789570799999
1789570800000,75697.83,75950.0,75552.79,75788.41,560.83704,1789574399999
1789574400000,75788.41,75883.75,75650.0,75768.0,367.73923,1789577999999
1789578000000,75768.0,75937.45,75353.07,75768.01,638.52702,1789581599999
1789581600000,75770.45,76560.76,75064.82,75632.0,3097.10326,1789585199999
1789585200000,75632.01,76180.0,75250.0,76080.0,958.02578,1789588799999
1789588800000,76080.0,76422.01,76024.0,76178.34,511.84627,1789592399999
1789592400000,76178.35,76213.34,75933.11,75976.0,320.44714,1789595999999
1789596000000,75976.01,75986.01,75632.7,75675.88,525.52719,1789599599999
1789599600000,75675.88,76276.02,75643.61,76206.01,484.47864,1789603199999
1789603200000,76206.0,76511.18,76188.0,76342.77,472.88854,1789606799999
1789606800000,76342.77,76774.08,76222.0,76374.21,638.81754,1789610399999
1789610400000,76374.22,76485.13,76055.34,76370.01,496.68012,1789613999999
1789614000000,76370.01,76535.03,76370.01,76441.99,295.45137,1789617599999
1789617600000,76442.0,76598.0,76187.0,76539.81,275.54427,1789621199999
1789621200000,76539.82,76632.14,76318.0,76333.88,280.19303,1789624799999
1789624800000,76333.87,76598.01,76308.42,76477.45,271.83524,1789628399999
1789628400000,76477.46,76682.01,76425.34,76462.76,422.44395,1789631999999
1789632000000,76462.77,76591.46,76396.97,76574.63,422.26564,1789635599999
1789635600000,76574.63,76770.0,76468.04,76468.05,378.26739,1789639199999
1789639200000,76468.04,76470.49,76270.0,76402.01,413.8899,1789642799999
1789642800000,76402.01,76488.73,76179.0,76482.0,329.95092,1789646399999
1789646400000,76482.0,77179.47,76398.93,76736.59,970.25031,1789649999999
1789650000000,76736.59,76889.66,76000.0,76694.07,1013.37341,1789653599999
1789653600000,76694.06,77088.05,76391.44,76502.46,941.27248,1789657199999
1789657200000,76502.45,76862.85,76275.0,76780.01,472.36489,1789660799999
1789660800000,76780.01,76811.39,76534.0,76753.46,596.54444,1789664399999
1789664400000,76753.46,76970.01,76576.0,76667.86,711.49403,1789667999999
1789668000000,76667.87,76781.85,76470.4,76575.96,293.0973,1789671599999
1789671600000,76575.97,76677.42,76504.62,76594.01,292.32933,1789675199999
1789675200000,76594.01,76732.99,76500.0,76556.01,198.7874,1789678799999
1789678800000,76556.01,76616.01,76395.51,76415.85,210.95396,1789682399999
1789682400000,76415.85,76458.55,76259.98,76420.0,270.75161,1789685999999
1789686000000,76419.99,76510.01,76384.04,76417.01,255.57512,1789689599999
1789689600000,76417.01,76590.0,76296.0,76590.0,376.57511,1789693199999
1789693200000,76589.99,76763.86,76520.0,76744.01,577.60341,1789696799999
1789696800000,76744.01,77042.2,76644.0,76988.3,712.34227,1789700399999
1789700400000,76988.31,77597.83,76981.94,77383.47,920.49271,1789703999999
1789704000000,77383.47,77575.98,77216.76,77575.97,724.0507,1789707599999
1789707600000,77575.98,77715.48,77442.93,77493.8,717.75458,1789711199999
1789711200000,77493.8,77679.62,77402.32,77604.0,542.00013,1789714799999
1789714800000,77604.01,77850.0,77566.11,77798.01,1203.27789,1789718399999
1789718400000,77798.0,78279.8,77660.0,78272.15,1082.03924,1789721999999
1789722000000,78271.48,78490.79,77961.57,78212.01,1198.98878,1789725599999
1789725600000,78212.0,78369.86,78102.0,78285.34,396.04476,1789729199999
1789729200000,78285.35,78450.01,78026.0,78062.0,564.41098,1789732799999
1789732800000,78062.01,78182.01,77982.88,78043.11,508.65462,1789736399999
1789736400000,78043.12,80500.0,77972.3,80073.09,3127.05627,1789739999999
1789740000000,80073.09,80989.99,80073.09,80937.83,3674.82612,1789743599999
1789743600000,80937.83,81154.67,80501.0,80725.6,1900.06383,1789747199999
1789747200000,80725.6,81258.01,80671.53,80846.74,1155.99511,1789750799999
1789750800000,80846.75,81019.01,80555.54,81019.0,719.2946,1789754399999
1789754400000,81019.0,81148.0,80796.92,80938.43,787.61867,1789757999999
1789758000000,80938.44,81400.0,80912.0,81204.76,838.29021,1789761599999
1789761600000,81204.77,81235.0,80941.65,81110.01,620.55238,1789765199999
1789765200000,81110.01,81300.0,81092.0,81238.2,488.11936,1789768799999
1789768800000,81238.2,81370.57,81077.55,81139.02,440.33445,1789772399999
1789772400000,81139.03,81200.0,80862.61,80883.87,631.39344,1789775999999
1789776000000,80883.86,81668.99,80844.58,81668.98,754.37622,1789779599999
1789779600000,81668.99,81741.0,81050.0,81280.99,565.42177,1789783199999
1789783200000,81281.0,81445.71,81264.0,81304.72,394.3587,1789786799999
1789786800000,81304.73,81402.01,81114.08,81136.01,229.75185,1789790399999
1789790400000,81136.02,81228.03,80911.12,81024.0,323.92635,1789793999999
1789794000000,81024.01,81146.01,81012.0,81040.01,235.78799,1789797599999
1789797600000,81040.01,81101.68,80925.76,81052.01,223.96356,1789801199999
1789801200000,81052.02,81250.0,81032.0,81100.16,250.51895,1789804799999
1789804800000,81100.17,81413.27,81075.28,81312.01,342.31658,1789808399999
1789808400000,81312.01,81528.01,81246.5,81325.77,433.58513,1789811999999
1789812000000,81325.38,81330.29,81199.99,81216.7,532.29651,1789815599999
1789815600000,81216.71,81374.15,81212.98,81302.63,328.56609,1789819199999
1789819200000,81302.63,81369.86,81223.16,81330.0,317.04895,1789822799999
1789822800000,81330.01,81366.46,81183.28,81364.01,395.12402,1789826399999
1789826400000,81364.0,81639.61,81342.0,81586.01,636.7659,1789829999999
1789830000000,81586.02,81951.0,81566.79,81636.01,1013.35194,1789833599999
1789833600000,81636.01,81914.01,81472.0,81839.49,733.82297,1789837199999
1789837200000,81839.48,81857.21,81447.9,81464.01,484.00387,1789840799999
1789840800000,81464.0,81534.01,81334.0,81428.07,267.92194,1789844399999
1789844400000,81428.07,81454.01,81309.68,81354.01,261.59782,1789847999999
1789848000000,81354.01,81431.13,81080.24,81155.33,460.01461,1789851599999
1789851600000,81155.33,81222.15,80904.46,81100.41,489.7616,1789855199999
1789855200000,81100.42,81268.01,80962.0,81261.35,319.56997,1789858799999
1789858800000,81261.35,81373.34,81221.33,81249.99,669.91377,1789862399999
1789862400000,81249.99,81330.01,81208.83,81293.37,451.18444,1789865999999
1789866000000,81293.37,81300.0,81027.11,81097.99,269.37026,1789869599999
1789869600000,81098.0,81175.62,80263.66,80331.52,1157.59556,1789873199999
1789873200000,80331.52,80525.83,80126.04,80486.38,1168.06535,1789876799999
1789876800000,80486.38,80541.11,80311.01,80432.4,299.2223,1789880399999
1789880400000,80432.4,80668.15,80408.7,80494.31,837.20344,1789883999999
1789884000000,80494.31,80607.5,80227.27,80309.44,458.02321,1789887599999
1789887600000,80309.45,80420.01,80288.0,80311.61,229.11226,1789891199999
1789891200000,80311.6,80453.9,80165.49,80264.85,288.38791,1789894799999
1789894800000,80264.85,80581.82,80256.82,80470.01,215.53752,1789898399999
1789898400000,80470.01,80515.83,80319.58,80319.58,199.82514,1789901999999
1789902000000,80319.58,80534.64,80286.0,80493.2,592.53775,1789905599999
1789905600000,80493.21,80534.01,80327.64,80493.76,317.39005,1789909199999
1789909200000,80493.76,80650.58,80428.0,80564.57,263.56917,1789912799999
1789912800000,80564.58,80789.33,80414.0,80682.01,430.31363,1789916399999
1789916400000,80682.01,80969.84,80666.66,80912.0,468.43514,1789919999999
1789920000000,80912.0,81497.33,80811.03,81334.01,1104.23835,1789923599999
1789923600000,81334.01,81462.0,81068.08,81147.94,620.12017,1789927199999
1789927200000,81147.94,81314.01,81030.97,81036.0,239.43349,1789930799999
1789930800000,81036.0,81294.01,81036.0,81177.32,187.99727,1789934399999
1789934400000,81177.32,81224.27,81078.18,81091.85,225.52232,1789937999999
1789938000000,81091.86,81091.86,80579.43,80932.01,354.30196,1789941599999
1789941600000,80932.01,81295.5,80774.56,81222.85,371.27801,1789945199999
1789945200000,81222.84,81332.01,81135.15,81178.0,245.01823,1789948799999
1789948800000,81178.01,81849.15,81178.01,81607.72,855.46281,1789952399999
1789952400000,81607.72,82100.0,80850.22,80996.97,1183.18776,1789955999999
1789956000000,80996.98,81514.01,80952.35,81310.61,488.74903,1789959599999
1789959600000,81310.61,81576.01,81250.0,81425.23,378.81841,1789963199999
1789963200000,81425.24,81509.25,81228.15,81400.01,436.96949,1789966799999
1789966800000,81400.0,81792.01,81302.05,81550.0,458.38404,1789970399999
1789970400000,81550.01,81878.98,81400.0,81639.9,532.02348,1789973999999
1789974000000,81639.91,81725.74,81458.42,81720.01,624.88244,1789977599999
1789977600000,81720.01,84174.1,81720.0,83760.0,4553.74746,1789981199999
1789981200000,83760.0,85299.87,83700.0,84653.71,3826.57309,1789984799999
1789984800000,84653.7,84816.42,84130.21,84441.77,1696.63605,1789988399999
1789988400000,84441.77,84917.36,84392.41,84887.19,1151.00512,1789991999999
1789992000000,84887.19,85473.68,84820.0,85323.0,2004.93408,1789995599999
1789995600000,85323.0,85845.27,84778.0,85466.34,2331.00479,1789999199999
1789999200000,85466.35,86125.0,85050.0,85844.14,2395.21576,1790002799999
1790002800000,85844.13,86344.7,85799.99,85927.71,1968.31466,1790006399999
1790006400000,85927.71,86103.73,85607.42,85961.91,1192.70075,1790009999999
1790010000000,85961.91,86108.0,85667.5,85897.21,651.02583,1790013599999
1790013600000,85897.2,86071.19,85800.0,86051.75,748.46369,1790017199999
1790017200000,86051.75,86895.7,85980.76,86490.11,1357.8892,1790020799999
1790020800000,86490.11,87395.67,86490.11,87001.68,1271.53725,1790024399999
1790024400000,87001.68,87001.68,86537.53,86588.29,569.97751,1790027999999
1790028000000,86588.29,86758.01,86295.78,86453.74,657.63026,1790031599999
1790031600000,86453.73,86697.52,86364.05,86620.0,628.04576,1790035199999
1790035200000,86620.01,86625.82,85867.68,85890.71,1126.88778,1790038799999
1790038800000,85890.72,85973.79,85395.27,85616.23,890.84342,1790042399999
1790042400000,85616.23,85879.25,85300.0,85714.9,898.97691,1790045999999
1790046000000,85714.91,85750.01,85300.01,85692.83,703.23804,1790049599999
1790049600000,85692.83,85730.23,85425.2,85452.0,594.93381,1790053199999
1790053200000,85452.01,85600.0,85114.0,85397.37,844.33342,1790056799999
1790056800000,85397.38,85581.52,85250.0,85384.01,582.94729,1790060399999
1790060400000,85384.02,85500.0,85157.31,85344.0,1045.96764,1790063999999
1790064000000,85344.01,86377.77,85327.42,86223.77,1208.65549,1790067599999
1790067600000,86223.77,86271.22,85681.83,86253.99,951.86983,1790071199999
1790071200000,86253.99,86262.01,85723.04,85904.0,634.44661,1790074799999
1790074800000,85904.0,86142.01,85774.27,85986.62,661.52703,1790078399999
1790078400000,85986.62,86182.2,85782.52,86024.01,1020.45206,1790081999999
1790082000000,86024.01,86370.0,85569.46,86346.01,1218.84156,1790085599999
1790085600000,86346.01,86470.58,85461.53,86258.01,1551.74098,1790089199999
1790089200000,86258.0,86717.6,86124.3,86413.12,1020.77769,1790092799999
1790092800000,86413.11,86588.3,86033.18,86421.13,1068.78379,1790096399999
1790096400000,86421.13,86660.0,86247.8,86570.24,1073.02563,1790099999999
1790100000000,86570.24,86649.06,86241.4,86461.44,1025.36943,1790103599999
1790103600000,86461.45,86584.55,86139.37,86192.44,1139.5808,1790107199999
1790107200000,86192.45,86378.32,86132.0,86264.01,646.72345,1790110799999
1790110800000,86264.01,86344.01,86178.0,86184.01,334.95129,1790114399999
1790114400000,86184.0,86284.01,86000.0,86124.01,473.14621,1790117999999
1790118000000,86124.01,86504.17,86095.31,86208.56,610.43797,1790121599999
1790121600000,86208.57,86588.3,86133.4,86457.3,617.38252,1790125199999
1790125200000,86457.31,86845.39,86169.74,86370.0,781.39738,1790128799999
1790128800000,86370.01,86638.15,86260.01,86552.26,553.16487,1790132399999
1790132400000,86552.27,86975.51,86436.35,86704.27,495.62113,1790135999999
1790136000000,86704.27,87278.54,86636.0,87166.95,876.93454,1790139599999
1790139600000,87166.94,87166.95,86424.0,86496.01,734.60459,1790143199999
1790143200000,86496.0,86609.93,86375.0,86469.66,728.90495,1790146799999
1790146800000,86469.67,86469.67,86000.0,86124.77,902.10402,1790150399999
1790150400000,86124.77,86264.01,85688.0,85899.99,908.01386,1790153999999
1790154000000,85899.99,86024.01,85734.01,85854.33,592.82384,1790157599999
1790157600000,85854.34,85934.02,85658.75,85923.07,574.90087,1790161199999
1790161200000,85923.07,85966.04,85450.88,85649.95,706.12351,1790164799999
1790164800000,85649.96,85675.04,85267.32,85510.91,731.94616,1790168399999
1790168400000,85510.9,85878.01,85288.0,85792.01,1074.83799,1790171999999
1790172000000,85792.01,85940.32,83864.07,84533.99,4612.32757,1790175599999
1790175600000,84534.0,84794.01,83950.0,83996.01,1886.75286,1790179199999
1790179200000,83996.0,84363.19,83500.01,84038.0,1490.08224,1790182799999
1790182800000,84038.01,84392.56,83699.27,84326.56,1153.11912,1790186399999
1790186400000,84326.55,84411.0,84136.0,84330.0,661.4068,1790189999999
1790190000000,84330.0,84565.21,84228.0,84518.0,667.95349,1790193599999
1790193600000,84518.0,84569.94,84224.01,84232.86,422.98773,1790197199999
1790197200000,84232.86,84516.01,84212.68,84419.48,416.52546,1790200799999
1790200800000,84419.49,84670.01,84344.51,84563.01,361.03249,1790204399999
1790204400000,84563.01,84566.0,84352.0,84397.6,199.98478,1790207999999
1790208000000,84397.6,84494.5,84213.99,84318.0,498.25449,1790211599999
1790211600000,84318.0,84470.47,84064.0,84104.35,584.80296,1790215199999
1790215200000,84104.35,84372.01,83744.7,84365.54,649.85626,1790218799999
1790218800000,84365.55,84480.01,83850.0,83934.01,368.89645,1790222399999
1790222400000,83934.01,84054.05,83781.89,84046.0,361.13702,1790225999999
1790226000000,84046.0,84400.0,83959.55,83978.02,317.28584,1790229599999
1790229600000,83978.02,84225.07,83918.84,84113.99,490.3723,1790233199999
1790233200000,84114.0,84612.01,83950.0,84524.02,983.17968,1790236799999
1790236800000,84524.02,84622.01,83301.0,83660.0,1604.94809,1790240399999
1790240400000,83660.01,83743.43,82874.93,83263.95,1740.04754,1790243999999
1790244000000,83263.96,83566.66,83156.0,83512.2,948.52494,1790247599999
1790247600000,83512.2,83616.01,83399.47,83494.58,547.2589,1790251199999
1790251200000,83494.59,83670.01,83346.66,83604.26,495.65647,1790254799999
1790254800000,83604.26,84340.01,83600.0,84258.43,1073.28333,1790258399999
1790258400000,84258.42,84942.45,83388.88,83673.77,2183.00027,1790261999999
1790262000000,83673.77,84468.01,83508.0,84418.0,1011.03559,1790265599999
1790265600000,84418.01,84924.01,84044.02,84500.33,1160.39204,1790269199999
1790269200000,84500.32,84562.01,84017.68,84110.0,702.81371,1790272799999
1790272800000,84110.0,84554.0,83888.0,84476.01,511.24518,1790276399999
1790276400000,84476.01,84660.0,84298.0,84412.65,650.38242,1790279999999
1790280000000,84412.64,84500.0,84170.0,84371.63,604.1686,1790283599999
1790283600000,84371.62,84501.16,84290.0,84350.0,421.87972,1790287199999
1790287200000,84350.0,84368.01,83948.43,84277.32,524.2865,1790290799999
1790290800000,84277.32,84473.58,84269.99,84410.24,270.91141,1790294399999
1790294400000,84410.24,84718.02,84410.24,84590.01,583.04093,1790297999999
1790298000000,84590.01,84796.51,84366.0,84610.73,553.77183,1790301599999
1790301600000,84610.74,84888.0,84180.0,84226.16,577.26362,1790305199999
1790305200000,84226.17,84385.1,84063.18,84231.19,421.10752,1790308799999
1790308800000,84231.19,84298.01,84061.22,84208.01,494.24466,1790312399999
1790312400000,84208.0,84347.86,84096.94,84194.01,303.94989,1790315999999
1790316000000,84194.0,84284.01,83938.0,84036.0,402.77283,1790319599999
1790319600000,84036.01,84096.01,83750.5,84043.96,1342.44951,1790323199999
1790323200000,84043.96,84512.0,84028.98,84417.06,686.85192,1790326799999
1790326800000,84417.05,84870.0,84417.05,84570.01,698.57495,1790330399999
1790330400000,84570.02,84870.0,84394.0,84713.66,540.8531,1790333999999
1790334000000,84713.67,85255.0,84567.02,84582.64,1799.94837,1790337599999
1790337600000,84582.64,84704.0,83900.0,84471.8,1293.76547,1790341199999
1790341200000,84471.79,84600.01,83530.06,83923.71,1647.67121,1790344799999
1790344800000,83923.71,84030.01,83183.0,84016.01,2047.65742,1790348399999
1790348400000,84016.01,84092.01,83363.63,83796.01,1178.04356,1790351999999
1790352000000,83796.01,84115.87,83720.0,83742.22,787.15982,1790355599999
1790355600000,83742.23,83995.84,83628.0,83785.11,596.02916,1790359199999
1790359200000,83785.11,84081.41,83785.11,83968.0,341.90397,1790362799999
1790362800000,83968.01,84078.23,83934.0,84020.01,328.96659,1790366399999
1790366400000,84020.01,84193.39,83817.89,83886.0,308.93872,1790369999999
1790370000000,83886.01,83921.36,83632.03,83792.0,365.84717,1790373599999
1790373600000,83792.0,84123.35,83765.26,84083.05,367.91947,1790377199999
1790377200000,84083.05,84106.0,84020.0,84099.99,387.5335,1790380799999
1790380800000,84100.0,84145.26,83798.0,83910.01,384.81627,1790384399999
1790384400000,83910.01,84086.01,83906.72,84076.66,380.38641,1790387999999
1790388000000,84076.67,84138.6,83996.0,84010.0,353.25072,1790391599999
1790391600000,84010.0,84049.83,83909.98,83939.0,235.38951,1790395199999
1790395200000,83939.01,84045.65,83848.91,83976.0,366.5919,1790398799999
1790398800000,83976.01,84012.93,83891.27,83919.69,196.5401,1790402399999
1790402400000,83919.69,83968.01,83876.58,83891.22,292.11571,1790405999999
1790406000000,83891.23,84134.01,83891.23,84116.8,280.35605,1790409599999
1790409600000,84116.79,84336.96,84032.06,84220.01,377.1799,1790413199999
1790413200000,84220.01,84220.01,83966.03,84021.95,300.20233,1790416799999
1790416800000,84021.96,84184.95,84021.95,84179.92,213.98608,1790420399999
1790420400000,84179.92,84199.97,84130.79,84176.0,198.01949,1790423999999
1790424000000,84176.0,84204.88,84050.0,84051.9,235.98415,1790427599999
1790427600000,84051.89,84125.45,83856.23,83939.1,442.96191,1790431199999
1790431200000,83939.11,84049.19,83919.1,84020.0,252.95346,1790434799999
1790434800000,84020.01,84190.0,84010.49,84155.99,441.81063,1790438399999
1790438400000,84156.0,84174.33,84098.18,84120.0,264.1412,1790441999999
1790442000000,84120.0,84132.41,84041.92,84132.4,379.58461,1790445599999
1790445600000,84132.4,84162.52,83990.0,83998.68,395.31178,1790449199999
1790449200000,83998.68,84048.14,83976.74,84016.63,328.15515,1790452799999
1790452800000,84016.63,84097.88,83838.0,84030.34,225.50053,1790456399999
1790456400000,84030.35,84262.85,84030.34,84158.75,273.42687,1790459999999
1790460000000,84158.74,84420.59,84158.74,84276.01,558.3193,1790463599999
1790463600000,84276.01,84473.58,84276.0,84433.1,681.08059,1790467199999
1790467200000,84433.11,84443.26,84257.07,84306.01,184.36474,1790470799999
1790470800000,84306.01,84571.13,84281.84,84495.01,302.85952,1790474399999
1790474400000,84495.01,84540.01,84448.0,84450.0,221.93995,1790477999999
1790478000000,84450.01,84518.6,84372.0,84402.15,195.71508,1790481599999
1790481600000,84402.15,84510.0,84305.35,84329.6,202.10127,1790485199999
1790485200000,84329.61,84654.02,84325.0,84478.06,357.82469,1790488799999
1790488800000,84478.06,84636.91,84478.06,84511.69,440.61295,1790492399999
1790492400000,84511.69,84791.0,84500.0,84791.0,475.5529,1790495999999
1790496000000,84790.99,84883.98,84692.68,84800.0,957.18622,1790499599999
1790499600000,84800.0,84958.99,84590.0,84944.01,1322.2286,1790503199999
1790503200000,84944.01,85117.64,84800.0,84883.0,545.16779,1790506799999
1790506800000,84882.99,84946.01,84836.06,84898.0,251.99141,1790510399999
1790510400000,84898.0,85044.51,84802.01,84802.01,294.04359,1790513999999
1790514000000,84802.01,85159.03,84637.73,85030.41,546.25175,1790517599999
1790517600000,85030.41,85048.14,84450.0,84538.02,539.04021,1790521199999
1790521200000,84538.01,84644.01,84364.0,84463.37,477.19429,1790524799999
1790524800000,84463.38,84687.32,84380.0,84426.0,303.32281,1790528399999
1790528400000,84426.0,84574.01,84342.0,84574.0,248.02128,1790531999999
1790532000000,84574.0,84820.74,84565.9,84818.87,245.93692,1790535599999
1790535600000,84818.87,84843.0,84666.0,84736.01,208.94856,1790539199999
1790539200000,84736.02,84813.0,84548.0,84552.0,221.75687,1790542799999
1790542800000,84552.01,84719.82,84458.0,84688.07,248.48896,1790546399999
1790546400000,84688.07,84756.01,84135.78,84195.27,432.15056,1790549999999
1790550000000,84195.27,84532.01,84132.0,84472.0,392.42871,1790553599999
1790553600000,84472.01,84999.0,84140.0,84140.0,772.04412,1790557199999
1790557200000,84140.0,84238.87,83875.98,83898.26,687.02402,1790560799999
